{
  "resourceType": "CodeSystem",
  "id": "ex-paymenttype",
  "meta": {
    "lastUpdated": "2020-08-14T05:51:36.302+00:00",
    "profile": [
      "http://hl7.org/fhir/StructureDefinition/shareablecodesystem"
    ]
  },
  "text": {
    "status": "generated",
    "div": "\u003cdiv xmlns\u003d\"http://www.w3.org/1999/xhtml\"\u003e\u003cp\u003eThis code system http://terminology.hl7.org/CodeSystem/ex-paymenttype defines the following codes:\u003c/p\u003e\u003ctable class\u003d\"codes\"\u003e\u003ctr\u003e\u003ctd style\u003d\"white-space:nowrap\"\u003e\u003cb\u003eCode\u003c/b\u003e\u003c/td\u003e\u003ctd\u003e\u003cb\u003eDisplay\u003c/b\u003e\u003c/td\u003e\u003ctd\u003e\u003cb\u003eDefinition\u003c/b\u003e\u003c/td\u003e\u003c/tr\u003e\u003ctr\u003e\u003ctd style\u003d\"white-space:nowrap\"\u003ecomplete\u003ca name\u003d\"ex-paymenttype-complete\"\u003e \u003c/a\u003e\u003c/td\u003e\u003ctd\u003eComplete\u003c/td\u003e\u003ctd\u003eComplete (final) payment of the benefit under the Claim less any adjustments.\u003c/td\u003e\u003c/tr\u003e\u003ctr\u003e\u003ctd style\u003d\"white-space:nowrap\"\u003epartial\u003ca name\u003d\"ex-paymenttype-partial\"\u003e \u003c/a\u003e\u003c/td\u003e\u003ctd\u003ePartial\u003c/td\u003e\u003ctd\u003ePartial payment of the benefit under the Claim less any adjustments.\u003c/td\u003e\u003c/tr\u003e\u003c/table\u003e\u003c/div\u003e"
  },
  "extension": [
    {
      "url": "http://hl7.org/fhir/StructureDefinition/structuredefinition-wg",
      "valueCode": "fm"
    },
    {
      "url": "http://hl7.org/fhir/StructureDefinition/structuredefinition-standards-status",
      "valueCode": "draft"
    },
    {
      "url": "http://hl7.org/fhir/StructureDefinition/structuredefinition-fmm",
      "valueInteger": 1
    }
  ],
  "url": "http://terminology.hl7.org/CodeSystem/ex-paymenttype",
  "identifier": [
    {
      "system": "urn:ietf:rfc:3986",
      "value": "urn:oid:2.16.840.1.113883.4.642.1.1181"
    }
  ],
  "version": "4.4.0",
  "name": "ExamplePaymentTypeCodes",
  "title": "Example Payment Type Codes",
  "status": "draft",
  "experimental": false,
  "publisher": "Financial Management",
  "contact": [
    {
      "telecom": [
        {
          "system": "url",
          "value": "http://hl7.org/fhir"
        }
      ]
    }
  ],
  "description": "This value set includes example Payment Type codes.",
  "copyright": "This is an example set.",
  "caseSensitive": true,
  "valueSet": "http://hl7.org/fhir/ValueSet/ex-paymenttype",
  "content": "complete",
  "concept": [
    {
      "code": "complete",
      "display": "Complete",
      "definition": "Complete (final) payment of the benefit under the Claim less any adjustments."
    },
    {
      "code": "partial",
      "display": "Partial",
      "definition": "Partial payment of the benefit under the Claim less any adjustments."
    }
  ]
}