{
  "resourceType": "CodeSystem",
  "id": "observation-range-category",
  "meta": {
    "lastUpdated": "2020-09-09T21:25:03.505+00:00"
  },
  "text": {
    "status": "generated",
    "div": "\u003cdiv xmlns\u003d\"http://www.w3.org/1999/xhtml\"\u003e\u003cp\u003eThis code system http://hl7.org/fhir/observation-range-category defines the following codes:\u003c/p\u003e\u003ctable class\u003d\"codes\"\u003e\u003ctr\u003e\u003ctd style\u003d\"white-space:nowrap\"\u003e\u003cb\u003eCode\u003c/b\u003e\u003c/td\u003e\u003ctd\u003e\u003cb\u003eDisplay\u003c/b\u003e\u003c/td\u003e\u003ctd\u003e\u003cb\u003eDefinition\u003c/b\u003e\u003c/td\u003e\u003c/tr\u003e\u003ctr\u003e\u003ctd style\u003d\"white-space:nowrap\"\u003ereference\u003ca name\u003d\"observation-range-category-reference\"\u003e \u003c/a\u003e\u003c/td\u003e\u003ctd\u003ereference range\u003c/td\u003e\u003ctd\u003eReference (Normal) Range for Ordinal and Continuous Observations.\u003c/td\u003e\u003c/tr\u003e\u003ctr\u003e\u003ctd style\u003d\"white-space:nowrap\"\u003ecritical\u003ca name\u003d\"observation-range-category-critical\"\u003e \u003c/a\u003e\u003c/td\u003e\u003ctd\u003ecritical range\u003c/td\u003e\u003ctd\u003eCritical Range for Ordinal and Continuous Observations. Results outside this range are critical.\u003c/td\u003e\u003c/tr\u003e\u003ctr\u003e\u003ctd style\u003d\"white-space:nowrap\"\u003eabsolute\u003ca name\u003d\"observation-range-category-absolute\"\u003e \u003c/a\u003e\u003c/td\u003e\u003ctd\u003eabsolute range\u003c/td\u003e\u003ctd\u003eAbsolute Range for Ordinal and Continuous Observations. Results outside this range are not possible.\u003c/td\u003e\u003c/tr\u003e\u003c/table\u003e\u003c/div\u003e"
  },
  "extension": [
    {
      "url": "http://hl7.org/fhir/StructureDefinition/structuredefinition-wg",
      "valueCode": "oo"
    },
    {
      "url": "http://hl7.org/fhir/StructureDefinition/structuredefinition-standards-status",
      "valueCode": "trial-use"
    },
    {
      "url": "http://hl7.org/fhir/StructureDefinition/structuredefinition-fmm",
      "valueInteger": 1
    }
  ],
  "url": "http://hl7.org/fhir/observation-range-category",
  "identifier": [
    {
      "system": "urn:ietf:rfc:3986",
      "value": "urn:oid:2.16.840.1.113883.4.642.1.1334"
    }
  ],
  "version": "4.5.0",
  "name": "ObservationRangeCategory",
  "title": "ObservationRangeCategory",
  "status": "draft",
  "experimental": false,
  "date": "2020-09-09T21:25:03+00:00",
  "publisher": "HL7 (FHIR Project)",
  "contact": [
    {
      "telecom": [
        {
          "system": "url",
          "value": "http://hl7.org/fhir"
        },
        {
          "system": "email",
          "value": "fhir@lists.hl7.org"
        }
      ]
    }
  ],
  "description": "Codes identifying the category of observation range.",
  "caseSensitive": true,
  "valueSet": "http://hl7.org/fhir/ValueSet/observation-range-category",
  "content": "complete",
  "concept": [
    {
      "code": "reference",
      "display": "reference range",
      "definition": "Reference (Normal) Range for Ordinal and Continuous Observations."
    },
    {
      "code": "critical",
      "display": "critical range",
      "definition": "Critical Range for Ordinal and Continuous Observations. Results outside this range are critical."
    },
    {
      "code": "absolute",
      "display": "absolute range",
      "definition": "Absolute Range for Ordinal and Continuous Observations. Results outside this range are not possible."
    }
  ]
}