{
  "resourceType": "CodeSystem",
  "id": "variable-role",
  "meta": {
    "lastUpdated": "2020-09-09T21:25:03.505+00:00"
  },
  "text": {
    "status": "generated",
    "div": "\u003cdiv xmlns\u003d\"http://www.w3.org/1999/xhtml\"\u003e\u003cp\u003eThis code system http://terminology.hl7.org/CodeSystem/variable-role defines the following codes:\u003c/p\u003e\u003ctable class\u003d\"codes\"\u003e\u003ctr\u003e\u003ctd style\u003d\"white-space:nowrap\"\u003e\u003cb\u003eCode\u003c/b\u003e\u003c/td\u003e\u003ctd\u003e\u003cb\u003eDisplay\u003c/b\u003e\u003c/td\u003e\u003ctd\u003e\u003cb\u003eDefinition\u003c/b\u003e\u003c/td\u003e\u003c/tr\u003e\u003ctr\u003e\u003ctd style\u003d\"white-space:nowrap\"\u003epopulation\u003ca name\u003d\"variable-role-population\"\u003e \u003c/a\u003e\u003c/td\u003e\u003ctd\u003epopulation\u003c/td\u003e\u003ctd\u003evariable represents a population.\u003c/td\u003e\u003c/tr\u003e\u003ctr\u003e\u003ctd style\u003d\"white-space:nowrap\"\u003esubpopulation\u003ca name\u003d\"variable-role-subpopulation\"\u003e \u003c/a\u003e\u003c/td\u003e\u003ctd\u003esubpopulation\u003c/td\u003e\u003ctd\u003evariable represents a subpopulation.\u003c/td\u003e\u003c/tr\u003e\u003ctr\u003e\u003ctd style\u003d\"white-space:nowrap\"\u003eexposure\u003ca name\u003d\"variable-role-exposure\"\u003e \u003c/a\u003e\u003c/td\u003e\u003ctd\u003eexposure\u003c/td\u003e\u003ctd\u003evariable represents an exposure.\u003c/td\u003e\u003c/tr\u003e\u003ctr\u003e\u003ctd style\u003d\"white-space:nowrap\"\u003ereferenceExposure\u003ca name\u003d\"variable-role-referenceExposure\"\u003e \u003c/a\u003e\u003c/td\u003e\u003ctd\u003ereference exposure\u003c/td\u003e\u003ctd\u003evariable represents a reference exposure.\u003c/td\u003e\u003c/tr\u003e\u003ctr\u003e\u003ctd style\u003d\"white-space:nowrap\"\u003emeasuredVariable\u003ca name\u003d\"variable-role-measuredVariable\"\u003e \u003c/a\u003e\u003c/td\u003e\u003ctd\u003emeasured variable\u003c/td\u003e\u003ctd\u003evariable represents a measured variable.\u003c/td\u003e\u003c/tr\u003e\u003ctr\u003e\u003ctd style\u003d\"white-space:nowrap\"\u003econfounder\u003ca name\u003d\"variable-role-confounder\"\u003e \u003c/a\u003e\u003c/td\u003e\u003ctd\u003econfounder\u003c/td\u003e\u003ctd\u003evariable represents a confounder.\u003c/td\u003e\u003c/tr\u003e\u003c/table\u003e\u003c/div\u003e"
  },
  "extension": [
    {
      "url": "http://hl7.org/fhir/StructureDefinition/structuredefinition-wg",
      "valueCode": "cds"
    },
    {
      "url": "http://hl7.org/fhir/StructureDefinition/structuredefinition-standards-status",
      "valueCode": "trial-use"
    },
    {
      "url": "http://hl7.org/fhir/StructureDefinition/structuredefinition-fmm",
      "valueInteger": 1
    }
  ],
  "url": "http://terminology.hl7.org/CodeSystem/variable-role",
  "identifier": [
    {
      "system": "urn:ietf:rfc:3986",
      "value": "urn:oid:2.16.840.1.113883.4.642.1.1457"
    }
  ],
  "version": "4.5.0",
  "name": "EvidenceVariableRole",
  "title": "EvidenceVariableRole",
  "status": "draft",
  "experimental": false,
  "date": "2020-09-09T21:25:03+00:00",
  "publisher": "HL7 (FHIR Project)",
  "contact": [
    {
      "telecom": [
        {
          "system": "url",
          "value": "http://hl7.org/fhir"
        },
        {
          "system": "email",
          "value": "fhir@lists.hl7.org"
        }
      ]
    }
  ],
  "description": "The role that the assertion variable plays.",
  "caseSensitive": true,
  "valueSet": "http://hl7.org/fhir/ValueSet/variable-role",
  "content": "complete",
  "concept": [
    {
      "code": "population",
      "display": "population",
      "definition": "variable represents a population."
    },
    {
      "code": "subpopulation",
      "display": "subpopulation",
      "definition": "variable represents a subpopulation."
    },
    {
      "code": "exposure",
      "display": "exposure",
      "definition": "variable represents an exposure."
    },
    {
      "code": "referenceExposure",
      "display": "reference exposure",
      "definition": "variable represents a reference exposure."
    },
    {
      "code": "measuredVariable",
      "display": "measured variable",
      "definition": "variable represents a measured variable."
    },
    {
      "code": "confounder",
      "display": "confounder",
      "definition": "variable represents a confounder."
    }
  ]
}