{
  "resourceType": "CodeSystem",
  "id": "statistic-type",
  "meta": {
    "lastUpdated": "2020-09-09T21:25:03.505+00:00"
  },
  "text": {
    "status": "generated",
    "div": "\u003cdiv xmlns\u003d\"http://www.w3.org/1999/xhtml\"\u003e\u003cp\u003eThis code system http://terminology.hl7.org/CodeSystem/statistic-type defines the following codes:\u003c/p\u003e\u003ctable class\u003d\"codes\"\u003e\u003ctr\u003e\u003ctd style\u003d\"white-space:nowrap\"\u003e\u003cb\u003eCode\u003c/b\u003e\u003c/td\u003e\u003ctd\u003e\u003cb\u003eDisplay\u003c/b\u003e\u003c/td\u003e\u003ctd\u003e\u003cb\u003eDefinition\u003c/b\u003e\u003c/td\u003e\u003c/tr\u003e\u003ctr\u003e\u003ctd style\u003d\"white-space:nowrap\"\u003eabsolute-MedianDiff\u003ca name\u003d\"statistic-type-absolute-MedianDiff\"\u003e \u003c/a\u003e\u003c/td\u003e\u003ctd\u003eAbsolute Median Difference\u003c/td\u003e\u003ctd\u003eComputed by forming the difference between two medians.\u003c/td\u003e\u003c/tr\u003e\u003ctr\u003e\u003ctd style\u003d\"white-space:nowrap\"\u003eC25463\u003ca name\u003d\"statistic-type-C25463\"\u003e \u003c/a\u003e\u003c/td\u003e\u003ctd\u003eCount\u003c/td\u003e\u003ctd\u003eThe number or amount of something.\u003c/td\u003e\u003c/tr\u003e\u003ctr\u003e\u003ctd style\u003d\"white-space:nowrap\"\u003e0000301\u003ca name\u003d\"statistic-type-0000301\"\u003e \u003c/a\u003e\u003c/td\u003e\u003ctd\u003eCovariance\u003c/td\u003e\u003ctd\u003eThe strength of correlation between a set (2 or more) of random variables. The covariance is obtained by forming: cov(x,y)\u003de([x-e(x)][y-e(y)] where e(x), e(y) is the expected value (mean) of variable x and y respectively. Covariance is symmetric so cov(x,y)\u003dcov(y,x). The covariance is usefull when looking at the variance of the sum of the 2 random variables since: var(x+y) \u003d var(x) +var(y) +2cov(x,y) the covariance cov(x,y) is used to obtain the coefficient of correlation cor(x,y) by normalizing (dividing) cov(x,y) but the product of the standard deviations of x and y.\u003c/td\u003e\u003c/tr\u003e\u003ctr\u003e\u003ctd style\u003d\"white-space:nowrap\"\u003epredictedRisk\u003ca name\u003d\"statistic-type-predictedRisk\"\u003e \u003c/a\u003e\u003c/td\u003e\u003ctd\u003ePredicted Risk\u003c/td\u003e\u003ctd\u003eA special use case where the proportion is derived from a formula rather than derived from summary evidence.\u003c/td\u003e\u003c/tr\u003e\u003ctr\u003e\u003ctd style\u003d\"white-space:nowrap\"\u003edescriptive\u003ca name\u003d\"statistic-type-descriptive\"\u003e \u003c/a\u003e\u003c/td\u003e\u003ctd\u003eDescriptive\u003c/td\u003e\u003ctd\u003eDescriptive measure reported as narrative.\u003c/td\u003e\u003c/tr\u003e\u003ctr\u003e\u003ctd style\u003d\"white-space:nowrap\"\u003eC93150\u003ca name\u003d\"statistic-type-C93150\"\u003e \u003c/a\u003e\u003c/td\u003e\u003ctd\u003eHazard Ratio\u003c/td\u003e\u003ctd\u003eA measure of how often a particular event happens in one group compared to how often it happens in another group, over time. In cancer research, hazard ratios are often used in clinical trials to measure survival at any point in time in a group of patients who have been given a specific treatment compared to a control group given another treatment or a placebo. A hazard ratio of one means that there is no difference in survival between the two groups. A hazard ratio of greater than one or less than one means that survival was better in one of the groups.\u003c/td\u003e\u003c/tr\u003e\u003ctr\u003e\u003ctd style\u003d\"white-space:nowrap\"\u003eC16726\u003ca name\u003d\"statistic-type-C16726\"\u003e \u003c/a\u003e\u003c/td\u003e\u003ctd\u003eIncidence\u003c/td\u003e\u003ctd\u003eThe relative frequency of occurrence of something.\u003c/td\u003e\u003c/tr\u003e\u003ctr\u003e\u003ctd style\u003d\"white-space:nowrap\"\u003erate-ratio\u003ca name\u003d\"statistic-type-rate-ratio\"\u003e \u003c/a\u003e\u003c/td\u003e\u003ctd\u003eIncidence Rate Ratio\u003c/td\u003e\u003ctd\u003eA type of relative effect estimate that compares rates over time (eg events per person-years).\u003c/td\u003e\u003c/tr\u003e\u003ctr\u003e\u003ctd style\u003d\"white-space:nowrap\"\u003eC25564\u003ca name\u003d\"statistic-type-C25564\"\u003e \u003c/a\u003e\u003c/td\u003e\u003ctd\u003eMaximum\u003c/td\u003e\u003ctd\u003eThe largest possible quantity or degree.\u003c/td\u003e\u003c/tr\u003e\u003ctr\u003e\u003ctd style\u003d\"white-space:nowrap\"\u003eC53319\u003ca name\u003d\"statistic-type-C53319\"\u003e \u003c/a\u003e\u003c/td\u003e\u003ctd\u003eMean\u003c/td\u003e\u003ctd\u003eThe sum of a set of values divided by the number of values in the set.\u003c/td\u003e\u003c/tr\u003e\u003ctr\u003e\u003ctd style\u003d\"white-space:nowrap\"\u003e0000457\u003ca name\u003d\"statistic-type-0000457\"\u003e \u003c/a\u003e\u003c/td\u003e\u003ctd\u003eMean Difference\u003c/td\u003e\u003ctd\u003eThe mean difference, or difference in means, measures the absolute difference between the mean value in two different groups.\u003c/td\u003e\u003c/tr\u003e\u003ctr\u003e\u003ctd style\u003d\"white-space:nowrap\"\u003eC28007\u003ca name\u003d\"statistic-type-C28007\"\u003e \u003c/a\u003e\u003c/td\u003e\u003ctd\u003eMedian\u003c/td\u003e\u003ctd\u003eThe value which has an equal number of values greater and less than it.\u003c/td\u003e\u003c/tr\u003e\u003ctr\u003e\u003ctd style\u003d\"white-space:nowrap\"\u003eC25570\u003ca name\u003d\"statistic-type-C25570\"\u003e \u003c/a\u003e\u003c/td\u003e\u003ctd\u003eMinimum\u003c/td\u003e\u003ctd\u003eThe smallest possible quantity.\u003c/td\u003e\u003c/tr\u003e\u003ctr\u003e\u003ctd style\u003d\"white-space:nowrap\"\u003eC16932\u003ca name\u003d\"statistic-type-C16932\"\u003e \u003c/a\u003e\u003c/td\u003e\u003ctd\u003eOdds Ratio\u003c/td\u003e\u003ctd\u003eThe ratio of the odds of an event occurring in one group to the odds of it occurring in another group, or to a sample-based estimate of that ratio.\u003c/td\u003e\u003c/tr\u003e\u003ctr\u003e\u003ctd style\u003d\"white-space:nowrap\"\u003eC65172\u003ca name\u003d\"statistic-type-C65172\"\u003e \u003c/a\u003e\u003c/td\u003e\u003ctd\u003ePearson Correlation Coefficient\u003c/td\u003e\u003ctd\u003eA measure of the correlation of two variables X and Y measured on the same object or organism, that is, a measure of the tendency of the variables to increase or decrease together. It is defined as the sum of the products of the standard scores of the two measures divided by the degrees of freedom.\u003c/td\u003e\u003c/tr\u003e\u003ctr\u003e\u003ctd style\u003d\"white-space:nowrap\"\u003eC17010\u003ca name\u003d\"statistic-type-C17010\"\u003e \u003c/a\u003e\u003c/td\u003e\u003ctd\u003ePrevalence\u003c/td\u003e\u003ctd\u003eThe ratio (for a given time period) of the number of occurrences of a disease or event to the number of units at risk in the population.\u003c/td\u003e\u003c/tr\u003e\u003ctr\u003e\u003ctd style\u003d\"white-space:nowrap\"\u003eC44256\u003ca name\u003d\"statistic-type-C44256\"\u003e \u003c/a\u003e\u003c/td\u003e\u003ctd\u003eProportion\u003c/td\u003e\u003ctd\u003eQuotient of quantities of the same kind for different components within the same system. [Use for univariate outcomes within an individual.].\u003c/td\u003e\u003c/tr\u003e\u003ctr\u003e\u003ctd style\u003d\"white-space:nowrap\"\u003e0000565\u003ca name\u003d\"statistic-type-0000565\"\u003e \u003c/a\u003e\u003c/td\u003e\u003ctd\u003eRegression Coefficient\u003c/td\u003e\u003ctd\u003eGenerated by a type of data transformation called a regression, which aims to model a response variable by expression the predictor variables as part of a function where variable terms are modified by a number. A regression coefficient is one such number.\u003c/td\u003e\u003c/tr\u003e\u003ctr\u003e\u003ctd style\u003d\"white-space:nowrap\"\u003eC93152\u003ca name\u003d\"statistic-type-C93152\"\u003e \u003c/a\u003e\u003c/td\u003e\u003ctd\u003eRelative Risk\u003c/td\u003e\u003ctd\u003eA measure of the risk of a certain event happening in one group compared to the risk of the same event happening in another group. In cancer research, risk ratios are used in prospective (forward looking) studies, such as cohort studies and clinical trials. A risk ratio of one means there is no difference between two groups in terms of their risk of cancer, based on whether or not they were exposed to a certain substance or factor, or how they responded to two treatments being compared. A risk ratio of greater than one or of less than one usually means that being exposed to a certain substance or factor either increases (risk ratio greater than one) or decreases (risk ratio less than one) the risk of cancer, or that the treatments being compared do not have the same effects.\u003c/td\u003e\u003c/tr\u003e\u003ctr\u003e\u003ctd style\u003d\"white-space:nowrap\"\u003e0000424\u003ca name\u003d\"statistic-type-0000424\"\u003e \u003c/a\u003e\u003c/td\u003e\u003ctd\u003eRisk Difference\u003c/td\u003e\u003ctd\u003eDifference between the observed risks (proportions of individuals with the outcome of interest) in the two groups. The risk difference is straightforward to interpret: it describes the actual difference in the observed risk of events between experimental and control interventions.\u003c/td\u003e\u003c/tr\u003e\u003ctr\u003e\u003ctd style\u003d\"white-space:nowrap\"\u003eC65171\u003ca name\u003d\"statistic-type-C65171\"\u003e \u003c/a\u003e\u003c/td\u003e\u003ctd\u003eSpearman Rank-Order Correlation \u003c/td\u003e\u003ctd\u003eA distribution-free analog of correlation analysis. Like regression, it can be applied to compare two independent random variables, each at several levels (which may be discrete or continuous). Unlike regression, Spearman\u0027s rank correlation works on ranked (relative) data, rather than directly on the data itself.\u003c/td\u003e\u003c/tr\u003e\u003ctr\u003e\u003ctd style\u003d\"white-space:nowrap\"\u003e0000100\u003ca name\u003d\"statistic-type-0000100\"\u003e \u003c/a\u003e\u003c/td\u003e\u003ctd\u003eStandardized Mean Difference\u003c/td\u003e\u003ctd\u003eComputed by forming the difference between two means, divided by an estimate of the within-group standard deviation. It is used to provide an estimatation of the effect size between two treatments when the predictor (independent variable) is categorical and the response(dependent) variable is continuous.\u003c/td\u003e\u003c/tr\u003e\u003c/table\u003e\u003c/div\u003e"
  },
  "extension": [
    {
      "url": "http://hl7.org/fhir/StructureDefinition/structuredefinition-wg",
      "valueCode": "fhir"
    },
    {
      "url": "http://hl7.org/fhir/StructureDefinition/structuredefinition-standards-status",
      "valueCode": "draft"
    },
    {
      "url": "http://hl7.org/fhir/StructureDefinition/structuredefinition-fmm",
      "valueInteger": 5
    }
  ],
  "url": "http://terminology.hl7.org/CodeSystem/statistic-type",
  "identifier": [
    {
      "system": "urn:ietf:rfc:3986",
      "value": "urn:oid:2.16.840.1.113883.4.642.1.1411"
    }
  ],
  "version": "4.5.0",
  "name": "StatisticType",
  "title": "StatisticType",
  "status": "draft",
  "experimental": false,
  "date": "2020-09-09T21:25:03+00:00",
  "publisher": "HL7 (FHIR Project)",
  "contact": [
    {
      "telecom": [
        {
          "system": "url",
          "value": "http://hl7.org/fhir"
        },
        {
          "system": "email",
          "value": "fhir@lists.hl7.org"
        }
      ]
    }
  ],
  "description": "The type of a specific statistic.",
  "caseSensitive": true,
  "valueSet": "http://hl7.org/fhir/ValueSet/statistic-type",
  "content": "complete",
  "concept": [
    {
      "code": "absolute-MedianDiff",
      "display": "Absolute Median Difference",
      "definition": "Computed by forming the difference between two medians."
    },
    {
      "code": "C25463",
      "display": "Count",
      "definition": "The number or amount of something."
    },
    {
      "code": "0000301",
      "display": "Covariance",
      "definition": "The strength of correlation between a set (2 or more) of random variables. The covariance is obtained by forming: cov(x,y)\u003de([x-e(x)][y-e(y)] where e(x), e(y) is the expected value (mean) of variable x and y respectively. Covariance is symmetric so cov(x,y)\u003dcov(y,x). The covariance is usefull when looking at the variance of the sum of the 2 random variables since: var(x+y) \u003d var(x) +var(y) +2cov(x,y) the covariance cov(x,y) is used to obtain the coefficient of correlation cor(x,y) by normalizing (dividing) cov(x,y) but the product of the standard deviations of x and y."
    },
    {
      "code": "predictedRisk",
      "display": "Predicted Risk",
      "definition": "A special use case where the proportion is derived from a formula rather than derived from summary evidence."
    },
    {
      "code": "descriptive",
      "display": "Descriptive",
      "definition": "Descriptive measure reported as narrative."
    },
    {
      "code": "C93150",
      "display": "Hazard Ratio",
      "definition": "A measure of how often a particular event happens in one group compared to how often it happens in another group, over time. In cancer research, hazard ratios are often used in clinical trials to measure survival at any point in time in a group of patients who have been given a specific treatment compared to a control group given another treatment or a placebo. A hazard ratio of one means that there is no difference in survival between the two groups. A hazard ratio of greater than one or less than one means that survival was better in one of the groups."
    },
    {
      "code": "C16726",
      "display": "Incidence",
      "definition": "The relative frequency of occurrence of something."
    },
    {
      "code": "rate-ratio",
      "display": "Incidence Rate Ratio",
      "definition": "A type of relative effect estimate that compares rates over time (eg events per person-years)."
    },
    {
      "code": "C25564",
      "display": "Maximum",
      "definition": "The largest possible quantity or degree."
    },
    {
      "code": "C53319",
      "display": "Mean",
      "definition": "The sum of a set of values divided by the number of values in the set."
    },
    {
      "code": "0000457",
      "display": "Mean Difference",
      "definition": "The mean difference, or difference in means, measures the absolute difference between the mean value in two different groups."
    },
    {
      "code": "C28007",
      "display": "Median",
      "definition": "The value which has an equal number of values greater and less than it."
    },
    {
      "code": "C25570",
      "display": "Minimum",
      "definition": "The smallest possible quantity."
    },
    {
      "code": "C16932",
      "display": "Odds Ratio",
      "definition": "The ratio of the odds of an event occurring in one group to the odds of it occurring in another group, or to a sample-based estimate of that ratio."
    },
    {
      "code": "C65172",
      "display": "Pearson Correlation Coefficient",
      "definition": "A measure of the correlation of two variables X and Y measured on the same object or organism, that is, a measure of the tendency of the variables to increase or decrease together. It is defined as the sum of the products of the standard scores of the two measures divided by the degrees of freedom."
    },
    {
      "code": "C17010",
      "display": "Prevalence",
      "definition": "The ratio (for a given time period) of the number of occurrences of a disease or event to the number of units at risk in the population."
    },
    {
      "code": "C44256",
      "display": "Proportion",
      "definition": "Quotient of quantities of the same kind for different components within the same system. [Use for univariate outcomes within an individual.]."
    },
    {
      "code": "0000565",
      "display": "Regression Coefficient",
      "definition": "Generated by a type of data transformation called a regression, which aims to model a response variable by expression the predictor variables as part of a function where variable terms are modified by a number. A regression coefficient is one such number."
    },
    {
      "code": "C93152",
      "display": "Relative Risk",
      "definition": "A measure of the risk of a certain event happening in one group compared to the risk of the same event happening in another group. In cancer research, risk ratios are used in prospective (forward looking) studies, such as cohort studies and clinical trials. A risk ratio of one means there is no difference between two groups in terms of their risk of cancer, based on whether or not they were exposed to a certain substance or factor, or how they responded to two treatments being compared. A risk ratio of greater than one or of less than one usually means that being exposed to a certain substance or factor either increases (risk ratio greater than one) or decreases (risk ratio less than one) the risk of cancer, or that the treatments being compared do not have the same effects."
    },
    {
      "code": "0000424",
      "display": "Risk Difference",
      "definition": "Difference between the observed risks (proportions of individuals with the outcome of interest) in the two groups. The risk difference is straightforward to interpret: it describes the actual difference in the observed risk of events between experimental and control interventions."
    },
    {
      "code": "C65171",
      "display": "Spearman Rank-Order Correlation ",
      "definition": "A distribution-free analog of correlation analysis. Like regression, it can be applied to compare two independent random variables, each at several levels (which may be discrete or continuous). Unlike regression, Spearman\u0027s rank correlation works on ranked (relative) data, rather than directly on the data itself."
    },
    {
      "code": "0000100",
      "display": "Standardized Mean Difference",
      "definition": "Computed by forming the difference between two means, divided by an estimate of the within-group standard deviation. It is used to provide an estimatation of the effect size between two treatments when the predictor (independent variable) is categorical and the response(dependent) variable is continuous."
    }
  ]
}