{
  "resourceType": "CodeSystem",
  "id": "supplyrequest-reason",
  "meta": {
    "lastUpdated": "2020-08-14T05:51:36.302+00:00"
  },
  "text": {
    "status": "generated",
    "div": "\u003cdiv xmlns\u003d\"http://www.w3.org/1999/xhtml\"\u003e\u003cp\u003eThis code system http://terminology.hl7.org/CodeSystem/supplyrequest-reason defines the following codes:\u003c/p\u003e\u003ctable class\u003d\"codes\"\u003e\u003ctr\u003e\u003ctd style\u003d\"white-space:nowrap\"\u003e\u003cb\u003eCode\u003c/b\u003e\u003c/td\u003e\u003ctd\u003e\u003cb\u003eDisplay\u003c/b\u003e\u003c/td\u003e\u003ctd\u003e\u003cb\u003eDefinition\u003c/b\u003e\u003c/td\u003e\u003c/tr\u003e\u003ctr\u003e\u003ctd style\u003d\"white-space:nowrap\"\u003epatient-care\u003ca name\u003d\"supplyrequest-reason-patient-care\"\u003e \u003c/a\u003e\u003c/td\u003e\u003ctd\u003ePatient Care\u003c/td\u003e\u003ctd\u003eThe supply has been requested for use in direct patient care.\u003c/td\u003e\u003c/tr\u003e\u003ctr\u003e\u003ctd style\u003d\"white-space:nowrap\"\u003eward-stock\u003ca name\u003d\"supplyrequest-reason-ward-stock\"\u003e \u003c/a\u003e\u003c/td\u003e\u003ctd\u003eWard Stock\u003c/td\u003e\u003ctd\u003eThe supply has been requested for creating or replenishing ward stock.\u003c/td\u003e\u003c/tr\u003e\u003c/table\u003e\u003c/div\u003e"
  },
  "extension": [
    {
      "url": "http://hl7.org/fhir/StructureDefinition/structuredefinition-wg",
      "valueCode": "oo"
    },
    {
      "url": "http://hl7.org/fhir/StructureDefinition/structuredefinition-standards-status",
      "valueCode": "draft"
    },
    {
      "url": "http://hl7.org/fhir/StructureDefinition/structuredefinition-fmm",
      "valueInteger": 1
    }
  ],
  "url": "http://terminology.hl7.org/CodeSystem/supplyrequest-reason",
  "identifier": [
    {
      "system": "urn:ietf:rfc:3986",
      "value": "urn:oid:2.16.840.1.113883.4.642.1.1193"
    }
  ],
  "version": "4.4.0",
  "name": "SupplyRequestReason",
  "title": "SupplyRequestReason",
  "status": "draft",
  "experimental": false,
  "date": "2020-08-14T05:51:36+00:00",
  "publisher": "HL7 (FHIR Project)",
  "contact": [
    {
      "telecom": [
        {
          "system": "url",
          "value": "http://hl7.org/fhir"
        },
        {
          "system": "email",
          "value": "fhir@lists.hl7.org"
        }
      ]
    }
  ],
  "description": "The reason why the supply item was requested.",
  "caseSensitive": true,
  "valueSet": "http://hl7.org/fhir/ValueSet/supplyrequest-reason",
  "content": "complete",
  "concept": [
    {
      "code": "patient-care",
      "display": "Patient Care",
      "definition": "The supply has been requested for use in direct patient care."
    },
    {
      "code": "ward-stock",
      "display": "Ward Stock",
      "definition": "The supply has been requested for creating or replenishing ward stock."
    }
  ]
}