{
  "resourceType": "CodeSystem",
  "id": "action-grouping-behavior",
  "meta": {
    "lastUpdated": "2020-08-14T05:51:36.302+00:00"
  },
  "text": {
    "status": "generated",
    "div": "\u003cdiv xmlns\u003d\"http://www.w3.org/1999/xhtml\"\u003e\u003cp\u003eThis code system http://hl7.org/fhir/action-grouping-behavior defines the following codes:\u003c/p\u003e\u003ctable class\u003d\"codes\"\u003e\u003ctr\u003e\u003ctd style\u003d\"white-space:nowrap\"\u003e\u003cb\u003eCode\u003c/b\u003e\u003c/td\u003e\u003ctd\u003e\u003cb\u003eDisplay\u003c/b\u003e\u003c/td\u003e\u003ctd\u003e\u003cb\u003eDefinition\u003c/b\u003e\u003c/td\u003e\u003c/tr\u003e\u003ctr\u003e\u003ctd style\u003d\"white-space:nowrap\"\u003evisual-group\u003ca name\u003d\"action-grouping-behavior-visual-group\"\u003e \u003c/a\u003e\u003c/td\u003e\u003ctd\u003eVisual Group\u003c/td\u003e\u003ctd\u003eAny group marked with this behavior should be displayed as a visual group to the end user.\u003c/td\u003e\u003c/tr\u003e\u003ctr\u003e\u003ctd style\u003d\"white-space:nowrap\"\u003elogical-group\u003ca name\u003d\"action-grouping-behavior-logical-group\"\u003e \u003c/a\u003e\u003c/td\u003e\u003ctd\u003eLogical Group\u003c/td\u003e\u003ctd\u003eA group with this behavior logically groups its sub-elements, and may be shown as a visual group to the end user, but it is not required to do so.\u003c/td\u003e\u003c/tr\u003e\u003ctr\u003e\u003ctd style\u003d\"white-space:nowrap\"\u003esentence-group\u003ca name\u003d\"action-grouping-behavior-sentence-group\"\u003e \u003c/a\u003e\u003c/td\u003e\u003ctd\u003eSentence Group\u003c/td\u003e\u003ctd\u003eA group of related alternative actions is a sentence group if the target referenced by the action is the same in all the actions and each action simply constitutes a different variation on how to specify the details for the target. For example, two actions that could be in a SentenceGroup are \u0026quot;aspirin, 500 mg, 2 times per day\u0026quot; and \u0026quot;aspirin, 300 mg, 3 times per day\u0026quot;. In both cases, aspirin is the target referenced by the action, and the two actions represent different options for how aspirin might be ordered for the patient. Note that a SentenceGroup would almost always have an associated selection behavior of \u0026quot;AtMostOne\u0026quot;, unless it\u0027s a required action, in which case, it would be \u0026quot;ExactlyOne\u0026quot;.\u003c/td\u003e\u003c/tr\u003e\u003c/table\u003e\u003c/div\u003e"
  },
  "extension": [
    {
      "url": "http://hl7.org/fhir/StructureDefinition/structuredefinition-wg",
      "valueCode": "cds"
    },
    {
      "url": "http://hl7.org/fhir/StructureDefinition/structuredefinition-standards-status",
      "valueCode": "trial-use"
    },
    {
      "url": "http://hl7.org/fhir/StructureDefinition/structuredefinition-fmm",
      "valueInteger": 2
    }
  ],
  "url": "http://hl7.org/fhir/action-grouping-behavior",
  "identifier": [
    {
      "system": "urn:ietf:rfc:3986",
      "value": "urn:oid:2.16.840.1.113883.4.642.1.800"
    }
  ],
  "version": "4.4.0",
  "name": "ActionGroupingBehavior",
  "title": "ActionGroupingBehavior",
  "status": "draft",
  "experimental": false,
  "date": "2020-08-14T05:51:36+00:00",
  "publisher": "HL7 (FHIR Project)",
  "contact": [
    {
      "telecom": [
        {
          "system": "url",
          "value": "http://hl7.org/fhir"
        },
        {
          "system": "email",
          "value": "fhir@lists.hl7.org"
        }
      ]
    }
  ],
  "description": "Defines organization behavior of a group.",
  "caseSensitive": true,
  "valueSet": "http://hl7.org/fhir/ValueSet/action-grouping-behavior",
  "content": "complete",
  "concept": [
    {
      "code": "visual-group",
      "display": "Visual Group",
      "definition": "Any group marked with this behavior should be displayed as a visual group to the end user."
    },
    {
      "code": "logical-group",
      "display": "Logical Group",
      "definition": "A group with this behavior logically groups its sub-elements, and may be shown as a visual group to the end user, but it is not required to do so."
    },
    {
      "code": "sentence-group",
      "display": "Sentence Group",
      "definition": "A group of related alternative actions is a sentence group if the target referenced by the action is the same in all the actions and each action simply constitutes a different variation on how to specify the details for the target. For example, two actions that could be in a SentenceGroup are \"aspirin, 500 mg, 2 times per day\" and \"aspirin, 300 mg, 3 times per day\". In both cases, aspirin is the target referenced by the action, and the two actions represent different options for how aspirin might be ordered for the patient. Note that a SentenceGroup would almost always have an associated selection behavior of \"AtMostOne\", unless it\u0027s a required action, in which case, it would be \"ExactlyOne\"."
    }
  ]
}