{
  "resourceType": "CodeSystem",
  "id": "namingsystem-type",
  "meta": {
    "lastUpdated": "2020-09-09T21:25:03.505+00:00"
  },
  "text": {
    "status": "generated",
    "div": "\u003cdiv xmlns\u003d\"http://www.w3.org/1999/xhtml\"\u003e\u003cp\u003eThis code system http://hl7.org/fhir/namingsystem-type defines the following codes:\u003c/p\u003e\u003ctable class\u003d\"codes\"\u003e\u003ctr\u003e\u003ctd style\u003d\"white-space:nowrap\"\u003e\u003cb\u003eCode\u003c/b\u003e\u003c/td\u003e\u003ctd\u003e\u003cb\u003eDisplay\u003c/b\u003e\u003c/td\u003e\u003ctd\u003e\u003cb\u003eDefinition\u003c/b\u003e\u003c/td\u003e\u003c/tr\u003e\u003ctr\u003e\u003ctd style\u003d\"white-space:nowrap\"\u003ecodesystem\u003ca name\u003d\"namingsystem-type-codesystem\"\u003e \u003c/a\u003e\u003c/td\u003e\u003ctd\u003eCode System\u003c/td\u003e\u003ctd\u003eThe naming system is used to define concepts and symbols to represent those concepts; e.g. UCUM, LOINC, NDC code, local lab codes, etc.\u003c/td\u003e\u003c/tr\u003e\u003ctr\u003e\u003ctd style\u003d\"white-space:nowrap\"\u003eidentifier\u003ca name\u003d\"namingsystem-type-identifier\"\u003e \u003c/a\u003e\u003c/td\u003e\u003ctd\u003eIdentifier\u003c/td\u003e\u003ctd\u003eThe naming system is used to manage identifiers (e.g. license numbers, order numbers, etc.).\u003c/td\u003e\u003c/tr\u003e\u003ctr\u003e\u003ctd style\u003d\"white-space:nowrap\"\u003eroot\u003ca name\u003d\"namingsystem-type-root\"\u003e \u003c/a\u003e\u003c/td\u003e\u003ctd\u003eRoot\u003c/td\u003e\u003ctd\u003eThe naming system is used as the root for other identifiers and naming systems.\u003c/td\u003e\u003c/tr\u003e\u003c/table\u003e\u003c/div\u003e"
  },
  "extension": [
    {
      "url": "http://hl7.org/fhir/StructureDefinition/structuredefinition-wg",
      "valueCode": "fhir"
    },
    {
      "url": "http://hl7.org/fhir/StructureDefinition/structuredefinition-standards-status",
      "valueCode": "trial-use"
    },
    {
      "url": "http://hl7.org/fhir/StructureDefinition/structuredefinition-fmm",
      "valueInteger": 1
    }
  ],
  "url": "http://hl7.org/fhir/namingsystem-type",
  "identifier": [
    {
      "system": "urn:ietf:rfc:3986",
      "value": "urn:oid:2.16.840.1.113883.4.642.1.491"
    }
  ],
  "version": "4.5.0",
  "name": "NamingSystemType",
  "title": "NamingSystemType",
  "status": "draft",
  "experimental": false,
  "date": "2020-09-09T21:25:03+00:00",
  "publisher": "HL7 (FHIR Project)",
  "contact": [
    {
      "telecom": [
        {
          "system": "url",
          "value": "http://hl7.org/fhir"
        },
        {
          "system": "email",
          "value": "fhir@lists.hl7.org"
        }
      ]
    }
  ],
  "description": "Identifies the purpose of the naming system.",
  "caseSensitive": true,
  "valueSet": "http://hl7.org/fhir/ValueSet/namingsystem-type",
  "content": "complete",
  "concept": [
    {
      "code": "codesystem",
      "display": "Code System",
      "definition": "The naming system is used to define concepts and symbols to represent those concepts; e.g. UCUM, LOINC, NDC code, local lab codes, etc."
    },
    {
      "code": "identifier",
      "display": "Identifier",
      "definition": "The naming system is used to manage identifiers (e.g. license numbers, order numbers, etc.)."
    },
    {
      "code": "root",
      "display": "Root",
      "definition": "The naming system is used as the root for other identifiers and naming systems."
    }
  ]
}