{
  "resourceType": "CodeSystem",
  "id": "product-status",
  "meta": {
    "lastUpdated": "2020-09-09T21:25:03.505+00:00"
  },
  "text": {
    "status": "generated",
    "div": "\u003cdiv xmlns\u003d\"http://www.w3.org/1999/xhtml\"\u003e\u003cp\u003eThis code system http://hl7.org/fhir/product-status defines the following codes:\u003c/p\u003e\u003ctable class\u003d\"codes\"\u003e\u003ctr\u003e\u003ctd style\u003d\"white-space:nowrap\"\u003e\u003cb\u003eCode\u003c/b\u003e\u003c/td\u003e\u003ctd\u003e\u003cb\u003eDisplay\u003c/b\u003e\u003c/td\u003e\u003ctd\u003e\u003cb\u003eDefinition\u003c/b\u003e\u003c/td\u003e\u003c/tr\u003e\u003ctr\u003e\u003ctd style\u003d\"white-space:nowrap\"\u003eavailable\u003ca name\u003d\"product-status-available\"\u003e \u003c/a\u003e\u003c/td\u003e\u003ctd\u003eAvailable\u003c/td\u003e\u003ctd\u003eProduct is currently available for use.\u003c/td\u003e\u003c/tr\u003e\u003ctr\u003e\u003ctd style\u003d\"white-space:nowrap\"\u003eunavailable\u003ca name\u003d\"product-status-unavailable\"\u003e \u003c/a\u003e\u003c/td\u003e\u003ctd\u003eUnavailable\u003c/td\u003e\u003ctd\u003eProduct is not currently available for use.\u003c/td\u003e\u003c/tr\u003e\u003c/table\u003e\u003c/div\u003e"
  },
  "extension": [
    {
      "url": "http://hl7.org/fhir/StructureDefinition/structuredefinition-wg",
      "valueCode": "oo"
    },
    {
      "url": "http://hl7.org/fhir/StructureDefinition/structuredefinition-standards-status",
      "valueCode": "trial-use"
    },
    {
      "url": "http://hl7.org/fhir/StructureDefinition/structuredefinition-fmm",
      "valueInteger": 0
    }
  ],
  "url": "http://hl7.org/fhir/product-status",
  "identifier": [
    {
      "system": "urn:ietf:rfc:3986",
      "value": "urn:oid:2.16.840.1.113883.4.642.1.903"
    }
  ],
  "version": "4.5.0",
  "name": "BiologicallyDerivedProductStatus",
  "title": "BiologicallyDerivedProductStatus",
  "status": "draft",
  "experimental": false,
  "date": "2020-09-09T21:25:03+00:00",
  "publisher": "HL7 (FHIR Project)",
  "contact": [
    {
      "telecom": [
        {
          "system": "url",
          "value": "http://hl7.org/fhir"
        },
        {
          "system": "email",
          "value": "fhir@lists.hl7.org"
        }
      ]
    }
  ],
  "description": "Biologically Derived Product Status.",
  "caseSensitive": true,
  "valueSet": "http://hl7.org/fhir/ValueSet/product-status",
  "content": "complete",
  "concept": [
    {
      "code": "available",
      "display": "Available",
      "definition": "Product is currently available for use."
    },
    {
      "code": "unavailable",
      "display": "Unavailable",
      "definition": "Product is not currently available for use."
    }
  ]
}