{
  "resourceType": "CodeSystem",
  "id": "restful-capability-mode",
  "meta": {
    "lastUpdated": "2020-09-09T21:25:03.505+00:00"
  },
  "text": {
    "status": "generated",
    "div": "\u003cdiv xmlns\u003d\"http://www.w3.org/1999/xhtml\"\u003e\u003cp\u003eThis code system http://hl7.org/fhir/restful-capability-mode defines the following codes:\u003c/p\u003e\u003ctable class\u003d\"codes\"\u003e\u003ctr\u003e\u003ctd style\u003d\"white-space:nowrap\"\u003e\u003cb\u003eCode\u003c/b\u003e\u003c/td\u003e\u003ctd\u003e\u003cb\u003eDisplay\u003c/b\u003e\u003c/td\u003e\u003ctd\u003e\u003cb\u003eDefinition\u003c/b\u003e\u003c/td\u003e\u003c/tr\u003e\u003ctr\u003e\u003ctd style\u003d\"white-space:nowrap\"\u003eclient\u003ca name\u003d\"restful-capability-mode-client\"\u003e \u003c/a\u003e\u003c/td\u003e\u003ctd\u003eClient\u003c/td\u003e\u003ctd\u003eThe application acts as a client for this resource.\u003c/td\u003e\u003c/tr\u003e\u003ctr\u003e\u003ctd style\u003d\"white-space:nowrap\"\u003eserver\u003ca name\u003d\"restful-capability-mode-server\"\u003e \u003c/a\u003e\u003c/td\u003e\u003ctd\u003eServer\u003c/td\u003e\u003ctd\u003eThe application acts as a server for this resource.\u003c/td\u003e\u003c/tr\u003e\u003c/table\u003e\u003c/div\u003e"
  },
  "extension": [
    {
      "url": "http://hl7.org/fhir/StructureDefinition/structuredefinition-wg",
      "valueCode": "fhir"
    },
    {
      "url": "http://hl7.org/fhir/StructureDefinition/structuredefinition-standards-status",
      "valueCode": "normative"
    },
    {
      "url": "http://hl7.org/fhir/StructureDefinition/structuredefinition-normative-version",
      "valueCode": "4.0.0"
    },
    {
      "url": "http://hl7.org/fhir/StructureDefinition/structuredefinition-fmm",
      "valueInteger": 5
    }
  ],
  "url": "http://hl7.org/fhir/restful-capability-mode",
  "identifier": [
    {
      "system": "urn:ietf:rfc:3986",
      "value": "urn:oid:2.16.840.1.113883.4.642.1.177"
    }
  ],
  "version": "4.5.0",
  "name": "RestfulCapabilityMode",
  "title": "RestfulCapabilityMode",
  "status": "active",
  "experimental": false,
  "date": "2020-09-09T21:25:03+00:00",
  "publisher": "HL7 (FHIR Project)",
  "contact": [
    {
      "telecom": [
        {
          "system": "url",
          "value": "http://hl7.org/fhir"
        },
        {
          "system": "email",
          "value": "fhir@lists.hl7.org"
        }
      ]
    }
  ],
  "description": "The mode of a RESTful capability statement.",
  "caseSensitive": true,
  "valueSet": "http://hl7.org/fhir/ValueSet/restful-capability-mode",
  "content": "complete",
  "concept": [
    {
      "code": "client",
      "display": "Client",
      "definition": "The application acts as a client for this resource."
    },
    {
      "code": "server",
      "display": "Server",
      "definition": "The application acts as a server for this resource."
    }
  ]
}