{
  "resourceType": "CodeSystem",
  "id": "dose-rate-type",
  "meta": {
    "lastUpdated": "2020-09-09T21:25:03.505+00:00"
  },
  "text": {
    "status": "generated",
    "div": "\u003cdiv xmlns\u003d\"http://www.w3.org/1999/xhtml\"\u003e\u003cp\u003eThis code system http://terminology.hl7.org/CodeSystem/dose-rate-type defines the following codes:\u003c/p\u003e\u003ctable class\u003d\"codes\"\u003e\u003ctr\u003e\u003ctd style\u003d\"white-space:nowrap\"\u003e\u003cb\u003eCode\u003c/b\u003e\u003c/td\u003e\u003ctd\u003e\u003cb\u003eDisplay\u003c/b\u003e\u003c/td\u003e\u003ctd\u003e\u003cb\u003eDefinition\u003c/b\u003e\u003c/td\u003e\u003c/tr\u003e\u003ctr\u003e\u003ctd style\u003d\"white-space:nowrap\"\u003ecalculated\u003ca name\u003d\"dose-rate-type-calculated\"\u003e \u003c/a\u003e\u003c/td\u003e\u003ctd\u003eCalculated\u003c/td\u003e\u003ctd\u003eThe dose specified is calculated by the prescriber or the system.\u003c/td\u003e\u003c/tr\u003e\u003ctr\u003e\u003ctd style\u003d\"white-space:nowrap\"\u003eordered\u003ca name\u003d\"dose-rate-type-ordered\"\u003e \u003c/a\u003e\u003c/td\u003e\u003ctd\u003eOrdered\u003c/td\u003e\u003ctd\u003eThe dose specified is as ordered by the prescriber.\u003c/td\u003e\u003c/tr\u003e\u003c/table\u003e\u003c/div\u003e"
  },
  "extension": [
    {
      "url": "http://hl7.org/fhir/StructureDefinition/structuredefinition-wg",
      "valueCode": "fhir"
    },
    {
      "url": "http://hl7.org/fhir/StructureDefinition/structuredefinition-standards-status",
      "valueCode": "draft"
    },
    {
      "url": "http://hl7.org/fhir/StructureDefinition/structuredefinition-fmm",
      "valueInteger": 1
    }
  ],
  "url": "http://terminology.hl7.org/CodeSystem/dose-rate-type",
  "identifier": [
    {
      "system": "urn:ietf:rfc:3986",
      "value": "urn:oid:2.16.840.1.113883.4.642.1.1069"
    }
  ],
  "version": "4.5.0",
  "name": "DoseAndRateType",
  "title": "DoseAndRateType",
  "status": "draft",
  "experimental": false,
  "date": "2020-09-09T21:25:03+00:00",
  "publisher": "HL7 (FHIR Project)",
  "contact": [
    {
      "telecom": [
        {
          "system": "url",
          "value": "http://hl7.org/fhir"
        },
        {
          "system": "email",
          "value": "fhir@lists.hl7.org"
        }
      ]
    }
  ],
  "description": "The kind of dose or rate specified.",
  "caseSensitive": true,
  "valueSet": "http://hl7.org/fhir/ValueSet/dose-rate-type",
  "content": "complete",
  "concept": [
    {
      "code": "calculated",
      "display": "Calculated",
      "definition": "The dose specified is calculated by the prescriber or the system."
    },
    {
      "code": "ordered",
      "display": "Ordered",
      "definition": "The dose specified is as ordered by the prescriber."
    }
  ]
}