{
  "resourceType": "CodeSystem",
  "id": "statistic-model-method",
  "meta": {
    "lastUpdated": "2020-09-09T21:25:03.505+00:00"
  },
  "text": {
    "status": "generated",
    "div": "\u003cdiv xmlns\u003d\"http://www.w3.org/1999/xhtml\"\u003e\u003cp\u003eThis code system http://terminology.hl7.org/CodeSystem/statistic-model-method defines the following codes:\u003c/p\u003e\u003ctable class\u003d\"codes\"\u003e\u003ctr\u003e\u003ctd style\u003d\"white-space:nowrap\"\u003e\u003cb\u003eCode\u003c/b\u003e\u003c/td\u003e\u003ctd\u003e\u003cb\u003eDisplay\u003c/b\u003e\u003c/td\u003e\u003ctd\u003e\u003cb\u003eDefinition\u003c/b\u003e\u003c/td\u003e\u003c/tr\u003e\u003ctr\u003e\u003ctd style\u003d\"white-space:nowrap\"\u003etauDersimonianLaird\u003ca name\u003d\"statistic-model-method-tauDersimonianLaird\"\u003e \u003c/a\u003e\u003c/td\u003e\u003ctd\u003eDersimonian-Laird method\u003c/td\u003e\u003ctd\u003eDersimonian-Laird method for tau squared.\u003c/td\u003e\u003c/tr\u003e\u003ctr\u003e\u003ctd style\u003d\"white-space:nowrap\"\u003etauPauleMandel\u003ca name\u003d\"statistic-model-method-tauPauleMandel\"\u003e \u003c/a\u003e\u003c/td\u003e\u003ctd\u003ePaule-Mandel method\u003c/td\u003e\u003ctd\u003ePaule-Mandel method for tau squared.\u003c/td\u003e\u003c/tr\u003e\u003ctr\u003e\u003ctd style\u003d\"white-space:nowrap\"\u003etauRestrictedMaximumLikelihood\u003ca name\u003d\"statistic-model-method-tauRestrictedMaximumLikelihood\"\u003e \u003c/a\u003e\u003c/td\u003e\u003ctd\u003eRestricted Maximum Likelihood method\u003c/td\u003e\u003ctd\u003eRestricted Maximum Likelihood method for tau squared.\u003c/td\u003e\u003c/tr\u003e\u003ctr\u003e\u003ctd style\u003d\"white-space:nowrap\"\u003etauMaximumLikelihood\u003ca name\u003d\"statistic-model-method-tauMaximumLikelihood\"\u003e \u003c/a\u003e\u003c/td\u003e\u003ctd\u003eMaximum Likelihood method\u003c/td\u003e\u003ctd\u003eMaximum Likelihood method for tau squared.\u003c/td\u003e\u003c/tr\u003e\u003ctr\u003e\u003ctd style\u003d\"white-space:nowrap\"\u003etauEmpiricalBayes\u003ca name\u003d\"statistic-model-method-tauEmpiricalBayes\"\u003e \u003c/a\u003e\u003c/td\u003e\u003ctd\u003eEmpirical Bayes method\u003c/td\u003e\u003ctd\u003eEmpirical Bayes method for tau squared.\u003c/td\u003e\u003c/tr\u003e\u003ctr\u003e\u003ctd style\u003d\"white-space:nowrap\"\u003etauHunterSchmidt\u003ca name\u003d\"statistic-model-method-tauHunterSchmidt\"\u003e \u003c/a\u003e\u003c/td\u003e\u003ctd\u003eHunter-Schmidt method\u003c/td\u003e\u003ctd\u003eHunter-Schmidt method for tau squared.\u003c/td\u003e\u003c/tr\u003e\u003ctr\u003e\u003ctd style\u003d\"white-space:nowrap\"\u003etauSidikJonkman\u003ca name\u003d\"statistic-model-method-tauSidikJonkman\"\u003e \u003c/a\u003e\u003c/td\u003e\u003ctd\u003eSidik-Jonkman method\u003c/td\u003e\u003ctd\u003eSidik-Jonkman method for tau squared.\u003c/td\u003e\u003c/tr\u003e\u003ctr\u003e\u003ctd style\u003d\"white-space:nowrap\"\u003etauHedges\u003ca name\u003d\"statistic-model-method-tauHedges\"\u003e \u003c/a\u003e\u003c/td\u003e\u003ctd\u003eHedges method\u003c/td\u003e\u003ctd\u003eHedges method for tau squared.\u003c/td\u003e\u003c/tr\u003e\u003ctr\u003e\u003ctd style\u003d\"white-space:nowrap\"\u003epoolMantelHaenzsel\u003ca name\u003d\"statistic-model-method-poolMantelHaenzsel\"\u003e \u003c/a\u003e\u003c/td\u003e\u003ctd\u003eMantel-Haenszel method\u003c/td\u003e\u003ctd\u003eMantel-Haenszel method for pooling in meta-analysis.\u003c/td\u003e\u003c/tr\u003e\u003ctr\u003e\u003ctd style\u003d\"white-space:nowrap\"\u003epoolInverseVariance\u003ca name\u003d\"statistic-model-method-poolInverseVariance\"\u003e \u003c/a\u003e\u003c/td\u003e\u003ctd\u003eInverse variance method\u003c/td\u003e\u003ctd\u003eInverse variance method for pooling in meta-analysis.\u003c/td\u003e\u003c/tr\u003e\u003ctr\u003e\u003ctd style\u003d\"white-space:nowrap\"\u003epoolPeto\u003ca name\u003d\"statistic-model-method-poolPeto\"\u003e \u003c/a\u003e\u003c/td\u003e\u003ctd\u003ePeto method\u003c/td\u003e\u003ctd\u003ePeto method for pooling in meta-analysis.\u003c/td\u003e\u003c/tr\u003e\u003ctr\u003e\u003ctd style\u003d\"white-space:nowrap\"\u003epoolGeneralizedLinearMixedModel\u003ca name\u003d\"statistic-model-method-poolGeneralizedLinearMixedModel\"\u003e \u003c/a\u003e\u003c/td\u003e\u003ctd\u003eGeneralized linear mixed model (GLMM)\u003c/td\u003e\u003ctd\u003eGeneralized linear mixed model (GLMM) method for pooling in meta-analysis.\u003c/td\u003e\u003c/tr\u003e\u003c/table\u003e\u003c/div\u003e"
  },
  "extension": [
    {
      "url": "http://hl7.org/fhir/StructureDefinition/structuredefinition-wg",
      "valueCode": "fhir"
    },
    {
      "url": "http://hl7.org/fhir/StructureDefinition/structuredefinition-standards-status",
      "valueCode": "draft"
    },
    {
      "url": "http://hl7.org/fhir/StructureDefinition/structuredefinition-fmm",
      "valueInteger": 5
    }
  ],
  "url": "http://terminology.hl7.org/CodeSystem/statistic-model-method",
  "identifier": [
    {
      "system": "urn:ietf:rfc:3986",
      "value": "urn:oid:2.16.840.1.113883.4.642.1.0"
    }
  ],
  "version": "4.5.0",
  "name": "StatisticModelMethod",
  "title": "StatisticModelMethod",
  "status": "draft",
  "experimental": false,
  "date": "2020-09-09T21:25:03+00:00",
  "publisher": "HL7 (FHIR Project)",
  "contact": [
    {
      "telecom": [
        {
          "system": "url",
          "value": "http://hl7.org/fhir"
        },
        {
          "system": "email",
          "value": "fhir@lists.hl7.org"
        }
      ]
    }
  ],
  "description": "Statistic Model Method.",
  "caseSensitive": true,
  "valueSet": "http://hl7.org/fhir/ValueSet/statistic-model-method",
  "content": "complete",
  "concept": [
    {
      "code": "tauDersimonianLaird",
      "display": "Dersimonian-Laird method",
      "definition": "Dersimonian-Laird method for tau squared."
    },
    {
      "code": "tauPauleMandel",
      "display": "Paule-Mandel method",
      "definition": "Paule-Mandel method for tau squared."
    },
    {
      "code": "tauRestrictedMaximumLikelihood",
      "display": "Restricted Maximum Likelihood method",
      "definition": "Restricted Maximum Likelihood method for tau squared."
    },
    {
      "code": "tauMaximumLikelihood",
      "display": "Maximum Likelihood method",
      "definition": "Maximum Likelihood method for tau squared."
    },
    {
      "code": "tauEmpiricalBayes",
      "display": "Empirical Bayes method",
      "definition": "Empirical Bayes method for tau squared."
    },
    {
      "code": "tauHunterSchmidt",
      "display": "Hunter-Schmidt method",
      "definition": "Hunter-Schmidt method for tau squared."
    },
    {
      "code": "tauSidikJonkman",
      "display": "Sidik-Jonkman method",
      "definition": "Sidik-Jonkman method for tau squared."
    },
    {
      "code": "tauHedges",
      "display": "Hedges method",
      "definition": "Hedges method for tau squared."
    },
    {
      "code": "poolMantelHaenzsel",
      "display": "Mantel-Haenszel method",
      "definition": "Mantel-Haenszel method for pooling in meta-analysis."
    },
    {
      "code": "poolInverseVariance",
      "display": "Inverse variance method",
      "definition": "Inverse variance method for pooling in meta-analysis."
    },
    {
      "code": "poolPeto",
      "display": "Peto method",
      "definition": "Peto method for pooling in meta-analysis."
    },
    {
      "code": "poolGeneralizedLinearMixedModel",
      "display": "Generalized linear mixed model (GLMM)",
      "definition": "Generalized linear mixed model (GLMM) method for pooling in meta-analysis."
    }
  ]
}