{
  "resourceType": "CodeSystem",
  "id": "service-product",
  "meta": {
    "lastUpdated": "2020-08-14T05:51:36.302+00:00",
    "profile": [
      "http://hl7.org/fhir/StructureDefinition/shareablecodesystem"
    ]
  },
  "text": {
    "status": "generated",
    "div": "\u003cdiv xmlns\u003d\"http://www.w3.org/1999/xhtml\"\u003e\u003cp\u003eThis code system http://hl7.org/fhir/ex-serviceproduct defines the following codes:\u003c/p\u003e\u003ctable class\u003d\"codes\"\u003e\u003ctr\u003e\u003ctd style\u003d\"white-space:nowrap\"\u003e\u003cb\u003eCode\u003c/b\u003e\u003c/td\u003e\u003ctd\u003e\u003cb\u003eDisplay\u003c/b\u003e\u003c/td\u003e\u003ctd\u003e\u003cb\u003eDefinition\u003c/b\u003e\u003c/td\u003e\u003c/tr\u003e\u003ctr\u003e\u003ctd style\u003d\"white-space:nowrap\"\u003eexam\u003ca name\u003d\"service-product-exam\"\u003e \u003c/a\u003e\u003c/td\u003e\u003ctd\u003eExam\u003c/td\u003e\u003ctd\u003eExam\u003c/td\u003e\u003c/tr\u003e\u003ctr\u003e\u003ctd style\u003d\"white-space:nowrap\"\u003eflushot\u003ca name\u003d\"service-product-flushot\"\u003e \u003c/a\u003e\u003c/td\u003e\u003ctd\u003eFlu shot\u003c/td\u003e\u003ctd\u003eFlu shot\u003c/td\u003e\u003c/tr\u003e\u003c/table\u003e\u003c/div\u003e"
  },
  "url": "http://hl7.org/fhir/ex-serviceproduct",
  "identifier": [
    {
      "system": "urn:ietf:rfc:3986",
      "value": "urn:oid:2.16.840.1.113883.4.642.1.561"
    }
  ],
  "version": "4.4.0",
  "name": "ExampleService/ProductCodes",
  "title": "Example Service/Product Codes",
  "status": "draft",
  "experimental": false,
  "publisher": "Financial Management",
  "contact": [
    {
      "telecom": [
        {
          "system": "url",
          "value": "http://hl7.org/fhir"
        }
      ]
    }
  ],
  "description": "This value set includes a smattering of Service/Product codes.",
  "copyright": "This is an example set.",
  "caseSensitive": true,
  "valueSet": "http://hl7.org/fhir/ValueSet/service-product",
  "content": "complete",
  "concept": [
    {
      "code": "exam",
      "display": "Exam",
      "definition": "Exam"
    },
    {
      "code": "flushot",
      "display": "Flu shot",
      "definition": "Flu shot"
    }
  ]
}