{
  "resourceType": "CodeSystem",
  "id": "contributor-summary-type",
  "meta": {
    "lastUpdated": "2020-09-09T21:25:03.505+00:00"
  },
  "text": {
    "status": "generated",
    "div": "\u003cdiv xmlns\u003d\"http://www.w3.org/1999/xhtml\"\u003e\u003cp\u003eThis code system http://terminology.hl7.org/CodeSystem/contributor-summary-type defines the following codes:\u003c/p\u003e\u003ctable class\u003d\"codes\"\u003e\u003ctr\u003e\u003ctd style\u003d\"white-space:nowrap\"\u003e\u003cb\u003eCode\u003c/b\u003e\u003c/td\u003e\u003ctd\u003e\u003cb\u003eDisplay\u003c/b\u003e\u003c/td\u003e\u003ctd\u003e\u003cb\u003eDefinition\u003c/b\u003e\u003c/td\u003e\u003c/tr\u003e\u003ctr\u003e\u003ctd style\u003d\"white-space:nowrap\"\u003eauthorString\u003ca name\u003d\"contributor-summary-type-authorString\"\u003e \u003c/a\u003e\u003c/td\u003e\u003ctd\u003eAuthor string\u003c/td\u003e\u003ctd\u003eDisplay of the author list as a complete string.\u003c/td\u003e\u003c/tr\u003e\u003ctr\u003e\u003ctd style\u003d\"white-space:nowrap\"\u003econtributorshipStatement\u003ca name\u003d\"contributor-summary-type-contributorshipStatement\"\u003e \u003c/a\u003e\u003c/td\u003e\u003ctd\u003eContributorship statement\u003c/td\u003e\u003ctd\u003eCompiled summary of contributions.\u003c/td\u003e\u003c/tr\u003e\u003c/table\u003e\u003c/div\u003e"
  },
  "extension": [
    {
      "url": "http://hl7.org/fhir/StructureDefinition/structuredefinition-wg",
      "valueCode": "cds"
    },
    {
      "url": "http://hl7.org/fhir/StructureDefinition/structuredefinition-standards-status",
      "valueCode": "trial-use"
    },
    {
      "url": "http://hl7.org/fhir/StructureDefinition/structuredefinition-fmm",
      "valueInteger": 0
    }
  ],
  "url": "http://terminology.hl7.org/CodeSystem/contributor-summary-type",
  "identifier": [
    {
      "system": "urn:ietf:rfc:3986",
      "value": "urn:oid:2.16.840.1.113883.4.642.1.0"
    }
  ],
  "version": "4.5.0",
  "name": "ContributorSummaryType",
  "title": "ContributorSummaryType",
  "status": "draft",
  "experimental": false,
  "date": "2020-09-09T21:25:03+00:00",
  "publisher": "HL7 (FHIR Project)",
  "contact": [
    {
      "telecom": [
        {
          "system": "url",
          "value": "http://hl7.org/fhir"
        },
        {
          "system": "email",
          "value": "fhir@lists.hl7.org"
        }
      ]
    }
  ],
  "description": "Used to code author list statement, contributorship statement, and such.",
  "caseSensitive": true,
  "valueSet": "http://hl7.org/fhir/ValueSet/contributor-summary-type",
  "content": "complete",
  "concept": [
    {
      "code": "authorString",
      "display": "Author string",
      "definition": "Display of the author list as a complete string."
    },
    {
      "code": "contributorshipStatement",
      "display": "Contributorship statement",
      "definition": "Compiled summary of contributions."
    }
  ]
}