{
  "resourceType": "CodeSystem",
  "id": "immunization-recommendation-status",
  "meta": {
    "lastUpdated": "2020-08-14T05:51:36.302+00:00",
    "profile": [
      "http://hl7.org/fhir/StructureDefinition/shareablecodesystem"
    ]
  },
  "text": {
    "status": "generated",
    "div": "\u003cdiv xmlns\u003d\"http://www.w3.org/1999/xhtml\"\u003e\u003cp\u003eThis code system http://terminology.hl7.org/CodeSystem/immunization-recommendation-status defines the following codes:\u003c/p\u003e\u003ctable class\u003d\"codes\"\u003e\u003ctr\u003e\u003ctd style\u003d\"white-space:nowrap\"\u003e\u003cb\u003eCode\u003c/b\u003e\u003c/td\u003e\u003ctd\u003e\u003cb\u003eDisplay\u003c/b\u003e\u003c/td\u003e\u003ctd\u003e\u003cb\u003eDefinition\u003c/b\u003e\u003c/td\u003e\u003c/tr\u003e\u003ctr\u003e\u003ctd style\u003d\"white-space:nowrap\"\u003edue\u003ca name\u003d\"immunization-recommendation-status-due\"\u003e \u003c/a\u003e\u003c/td\u003e\u003ctd\u003eDue\u003c/td\u003e\u003ctd\u003eThe patient is due for their next vaccination.\u003c/td\u003e\u003c/tr\u003e\u003ctr\u003e\u003ctd style\u003d\"white-space:nowrap\"\u003eoverdue\u003ca name\u003d\"immunization-recommendation-status-overdue\"\u003e \u003c/a\u003e\u003c/td\u003e\u003ctd\u003eOverdue\u003c/td\u003e\u003ctd\u003eThe patient is considered overdue for their next vaccination.\u003c/td\u003e\u003c/tr\u003e\u003ctr\u003e\u003ctd style\u003d\"white-space:nowrap\"\u003eimmune\u003ca name\u003d\"immunization-recommendation-status-immune\"\u003e \u003c/a\u003e\u003c/td\u003e\u003ctd\u003eImmune\u003c/td\u003e\u003ctd\u003eThe patient is immune to the target disease and further immunization against the disease is not likely to provide benefit.\u003c/td\u003e\u003c/tr\u003e\u003ctr\u003e\u003ctd style\u003d\"white-space:nowrap\"\u003econtraindicated\u003ca name\u003d\"immunization-recommendation-status-contraindicated\"\u003e \u003c/a\u003e\u003c/td\u003e\u003ctd\u003eContraindicated\u003c/td\u003e\u003ctd\u003eThe patient is contraindicated for futher doses.\u003c/td\u003e\u003c/tr\u003e\u003ctr\u003e\u003ctd style\u003d\"white-space:nowrap\"\u003ecomplete\u003ca name\u003d\"immunization-recommendation-status-complete\"\u003e \u003c/a\u003e\u003c/td\u003e\u003ctd\u003eComplete\u003c/td\u003e\u003ctd\u003eThe patient is fully protected and no further doses are recommended.\u003c/td\u003e\u003c/tr\u003e\u003c/table\u003e\u003c/div\u003e"
  },
  "extension": [
    {
      "url": "http://hl7.org/fhir/StructureDefinition/structuredefinition-wg",
      "valueCode": "pher"
    },
    {
      "url": "http://hl7.org/fhir/StructureDefinition/structuredefinition-standards-status",
      "valueCode": "draft"
    },
    {
      "url": "http://hl7.org/fhir/StructureDefinition/structuredefinition-fmm",
      "valueInteger": 1
    }
  ],
  "url": "http://terminology.hl7.org/CodeSystem/immunization-recommendation-status",
  "identifier": [
    {
      "system": "urn:ietf:rfc:3986",
      "value": "urn:oid:2.16.840.1.113883.4.642.1.1104"
    }
  ],
  "version": "4.4.0",
  "name": "ImmunizationRecommendationStatusCodes",
  "title": "Immunization Recommendation Status Codes",
  "status": "draft",
  "experimental": false,
  "publisher": "FHIR Project team",
  "contact": [
    {
      "telecom": [
        {
          "system": "url",
          "value": "http://hl7.org/fhir"
        }
      ]
    }
  ],
  "description": "The value set to instantiate this attribute should be drawn from a terminologically robust code system that consists of or contains concepts to support describing the status of the patient towards perceived immunity against a vaccine preventable disease. This value set is provided as a suggestive example.",
  "caseSensitive": true,
  "valueSet": "http://hl7.org/fhir/ValueSet/immunization-recommendation-status",
  "content": "complete",
  "concept": [
    {
      "code": "due",
      "display": "Due",
      "definition": "The patient is due for their next vaccination."
    },
    {
      "code": "overdue",
      "display": "Overdue",
      "definition": "The patient is considered overdue for their next vaccination."
    },
    {
      "code": "immune",
      "display": "Immune",
      "definition": "The patient is immune to the target disease and further immunization against the disease is not likely to provide benefit."
    },
    {
      "code": "contraindicated",
      "display": "Contraindicated",
      "definition": "The patient is contraindicated for futher doses."
    },
    {
      "code": "complete",
      "display": "Complete",
      "definition": "The patient is fully protected and no further doses are recommended."
    }
  ]
}