{
  "resourceType": "CodeSystem",
  "id": "verificationresult-status",
  "meta": {
    "lastUpdated": "2020-09-09T21:25:03.505+00:00",
    "profile": [
      "http://hl7.org/fhir/StructureDefinition/shareablecodesystem"
    ]
  },
  "text": {
    "status": "generated",
    "div": "\u003cdiv xmlns\u003d\"http://www.w3.org/1999/xhtml\"\u003e\u003cp\u003eThis code system http://hl7.org/fhir/CodeSystem/status defines the following codes:\u003c/p\u003e\u003ctable class\u003d\"codes\"\u003e\u003ctr\u003e\u003ctd style\u003d\"white-space:nowrap\"\u003e\u003cb\u003eCode\u003c/b\u003e\u003c/td\u003e\u003ctd\u003e\u003cb\u003eDisplay\u003c/b\u003e\u003c/td\u003e\u003ctd\u003e\u003cb\u003eDefinition\u003c/b\u003e\u003c/td\u003e\u003c/tr\u003e\u003ctr\u003e\u003ctd style\u003d\"white-space:nowrap\"\u003eattested\u003ca name\u003d\"verificationresult-status-attested\"\u003e \u003c/a\u003e\u003c/td\u003e\u003ctd\u003eAttested\u003c/td\u003e\u003ctd\u003e***TODO***\u003c/td\u003e\u003c/tr\u003e\u003ctr\u003e\u003ctd style\u003d\"white-space:nowrap\"\u003evalidated\u003ca name\u003d\"verificationresult-status-validated\"\u003e \u003c/a\u003e\u003c/td\u003e\u003ctd\u003eValidated\u003c/td\u003e\u003ctd\u003e***TODO***\u003c/td\u003e\u003c/tr\u003e\u003ctr\u003e\u003ctd style\u003d\"white-space:nowrap\"\u003ein-process\u003ca name\u003d\"verificationresult-status-in-process\"\u003e \u003c/a\u003e\u003c/td\u003e\u003ctd\u003eIn process\u003c/td\u003e\u003ctd\u003e***TODO***\u003c/td\u003e\u003c/tr\u003e\u003ctr\u003e\u003ctd style\u003d\"white-space:nowrap\"\u003ereq-revalid\u003ca name\u003d\"verificationresult-status-req-revalid\"\u003e \u003c/a\u003e\u003c/td\u003e\u003ctd\u003eRequires revalidation\u003c/td\u003e\u003ctd\u003e***TODO***\u003c/td\u003e\u003c/tr\u003e\u003ctr\u003e\u003ctd style\u003d\"white-space:nowrap\"\u003eval-fail\u003ca name\u003d\"verificationresult-status-val-fail\"\u003e \u003c/a\u003e\u003c/td\u003e\u003ctd\u003eValidation failed\u003c/td\u003e\u003ctd\u003e***TODO***\u003c/td\u003e\u003c/tr\u003e\u003ctr\u003e\u003ctd style\u003d\"white-space:nowrap\"\u003ereval-fail\u003ca name\u003d\"verificationresult-status-reval-fail\"\u003e \u003c/a\u003e\u003c/td\u003e\u003ctd\u003eRe-Validation failed\u003c/td\u003e\u003ctd\u003e***TODO***\u003c/td\u003e\u003c/tr\u003e\u003c/table\u003e\u003c/div\u003e"
  },
  "extension": [
    {
      "url": "http://hl7.org/fhir/StructureDefinition/structuredefinition-wg",
      "valueCode": "pa"
    },
    {
      "url": "http://hl7.org/fhir/StructureDefinition/structuredefinition-standards-status",
      "valueCode": "trial-use"
    },
    {
      "url": "http://hl7.org/fhir/StructureDefinition/structuredefinition-fmm",
      "valueInteger": 0
    }
  ],
  "url": "http://hl7.org/fhir/CodeSystem/status",
  "identifier": [
    {
      "system": "urn:ietf:rfc:3986",
      "value": "urn:oid:2.16.840.1.113883.4.642.1.885"
    }
  ],
  "version": "4.5.0",
  "name": "status",
  "title": "Status",
  "status": "draft",
  "experimental": false,
  "date": "2018-06-05T14:06:02+00:00",
  "publisher": "HL7 (FHIR Project)",
  "contact": [
    {
      "telecom": [
        {
          "system": "url",
          "value": "http://hl7.org/fhir"
        },
        {
          "system": "email",
          "value": "fhir@lists.hl7.org"
        }
      ]
    },
    {
      "telecom": [
        {
          "system": "url",
          "value": "http://hl7.org/fhir"
        },
        {
          "system": "email",
          "value": "fhir@lists.hl7.org"
        }
      ]
    }
  ],
  "description": "The validation status of the target",
  "caseSensitive": true,
  "valueSet": "http://hl7.org/fhir/ValueSet/verificationresult-status",
  "content": "complete",
  "concept": [
    {
      "code": "attested",
      "display": "Attested",
      "definition": "***TODO***"
    },
    {
      "code": "validated",
      "display": "Validated",
      "definition": "***TODO***"
    },
    {
      "code": "in-process",
      "display": "In process",
      "definition": "***TODO***"
    },
    {
      "code": "req-revalid",
      "display": "Requires revalidation",
      "definition": "***TODO***"
    },
    {
      "code": "val-fail",
      "display": "Validation failed",
      "definition": "***TODO***"
    },
    {
      "code": "reval-fail",
      "display": "Re-Validation failed",
      "definition": "***TODO***"
    }
  ]
}