{
  "resourceType": "CodeSystem",
  "id": "program",
  "meta": {
    "lastUpdated": "2020-08-14T05:51:36.302+00:00",
    "profile": [
      "http://hl7.org/fhir/StructureDefinition/shareablecodesystem"
    ]
  },
  "text": {
    "status": "generated",
    "div": "\u003cdiv xmlns\u003d\"http://www.w3.org/1999/xhtml\"\u003e\u003cp\u003eThis code system http://terminology.hl7.org/CodeSystem/program defines many codes, of which the following are some examples:\u003c/p\u003e\u003ctable class\u003d\"codes\"\u003e\u003ctr\u003e\u003ctd style\u003d\"white-space:nowrap\"\u003e\u003cb\u003eCode\u003c/b\u003e\u003c/td\u003e\u003ctd\u003e\u003cb\u003eDisplay\u003c/b\u003e\u003c/td\u003e\u003ctd\u003e\u003cb\u003eDefinition\u003c/b\u003e\u003c/td\u003e\u003c/tr\u003e\u003ctr\u003e\u003ctd style\u003d\"white-space:nowrap\"\u003e1\u003ca name\u003d\"program-1\"\u003e \u003c/a\u003e\u003c/td\u003e\u003ctd\u003eAcquired Brain Injury (ABI) Program \u003c/td\u003e\u003ctd/\u003e\u003c/tr\u003e\u003ctr\u003e\u003ctd style\u003d\"white-space:nowrap\"\u003e2\u003ca name\u003d\"program-2\"\u003e \u003c/a\u003e\u003c/td\u003e\u003ctd\u003eABI Slow To Recover (ABI STR) Program\u003c/td\u003e\u003ctd/\u003e\u003c/tr\u003e\u003ctr\u003e\u003ctd style\u003d\"white-space:nowrap\"\u003e3\u003ca name\u003d\"program-3\"\u003e \u003c/a\u003e\u003c/td\u003e\u003ctd\u003eAccess Programs\u003c/td\u003e\u003ctd/\u003e\u003c/tr\u003e\u003ctr\u003e\u003ctd style\u003d\"white-space:nowrap\"\u003e4\u003ca name\u003d\"program-4\"\u003e \u003c/a\u003e\u003c/td\u003e\u003ctd\u003eAdult and Further Education (ACFE) Program\u003c/td\u003e\u003ctd/\u003e\u003c/tr\u003e\u003ctr\u003e\u003ctd style\u003d\"white-space:nowrap\"\u003e5\u003ca name\u003d\"program-5\"\u003e \u003c/a\u003e\u003c/td\u003e\u003ctd\u003eAdult Day Activity and Support Services (ADASS) Program\u003c/td\u003e\u003ctd/\u003e\u003c/tr\u003e\u003ctr\u003e\u003ctd style\u003d\"white-space:nowrap\"\u003e6\u003ca name\u003d\"program-6\"\u003e \u003c/a\u003e\u003c/td\u003e\u003ctd\u003eAdult Day Care Program\u003c/td\u003e\u003ctd/\u003e\u003c/tr\u003e\u003ctr\u003e\u003ctd style\u003d\"white-space:nowrap\"\u003e7\u003ca name\u003d\"program-7\"\u003e \u003c/a\u003e\u003c/td\u003e\u003ctd\u003eATSS (Adult Training Support Service)\u003c/td\u003e\u003ctd/\u003e\u003c/tr\u003e\u003ctr\u003e\u003ctd style\u003d\"white-space:nowrap\"\u003e8\u003ca name\u003d\"program-8\"\u003e \u003c/a\u003e\u003c/td\u003e\u003ctd\u003eCommunity Aged Care Packages (CACP)\u003c/td\u003e\u003ctd/\u003e\u003c/tr\u003e\u003ctr\u003e\u003ctd style\u003d\"white-space:nowrap\"\u003e9\u003ca name\u003d\"program-9\"\u003e \u003c/a\u003e\u003c/td\u003e\u003ctd\u003eCare Coordination \u0026amp; Supplementary Services (CCSS)\u003c/td\u003e\u003ctd/\u003e\u003c/tr\u003e\u003ctr\u003e\u003ctd style\u003d\"white-space:nowrap\"\u003e10\u003ca name\u003d\"program-10\"\u003e \u003c/a\u003e\u003c/td\u003e\u003ctd\u003eCognitive Dementia Memory Service (CDAMS)\u003c/td\u003e\u003ctd/\u003e\u003c/tr\u003e\u003ctr\u003e\u003ctd style\u003d\"white-space:nowrap\"\u003e11\u003ca name\u003d\"program-11\"\u003e \u003c/a\u003e\u003c/td\u003e\u003ctd\u003eChildFIRST\u003c/td\u003e\u003ctd/\u003e\u003c/tr\u003e\u003ctr\u003e\u003ctd style\u003d\"white-space:nowrap\"\u003e12\u003ca name\u003d\"program-12\"\u003e \u003c/a\u003e\u003c/td\u003e\u003ctd\u003eChildren\u0027s Contact Services\u003c/td\u003e\u003ctd/\u003e\u003c/tr\u003e\u003ctr\u003e\u003ctd style\u003d\"white-space:nowrap\"\u003e13\u003ca name\u003d\"program-13\"\u003e \u003c/a\u003e\u003c/td\u003e\u003ctd\u003eCommunity Visitors Scheme\u003c/td\u003e\u003ctd/\u003e\u003c/tr\u003e\u003ctr\u003e\u003ctd style\u003d\"white-space:nowrap\"\u003e14\u003ca name\u003d\"program-14\"\u003e \u003c/a\u003e\u003c/td\u003e\u003ctd\u003eCPP (Community Partners Program)\u003c/td\u003e\u003ctd/\u003e\u003c/tr\u003e\u003ctr\u003e\u003ctd style\u003d\"white-space:nowrap\"\u003e15\u003ca name\u003d\"program-15\"\u003e \u003c/a\u003e\u003c/td\u003e\u003ctd\u003eClosing the Gap (CTG)\u003c/td\u003e\u003ctd/\u003e\u003c/tr\u003e\u003ctr\u003e\u003ctd style\u003d\"white-space:nowrap\"\u003e16\u003ca name\u003d\"program-16\"\u003e \u003c/a\u003e\u003c/td\u003e\u003ctd\u003eCoordinated Veterans\u0027 Care (CVC) Program\u003c/td\u003e\u003ctd/\u003e\u003c/tr\u003e\u003ctr\u003e\u003ctd style\u003d\"white-space:nowrap\"\u003e17\u003ca name\u003d\"program-17\"\u003e \u003c/a\u003e\u003c/td\u003e\u003ctd\u003eDay Program\u003c/td\u003e\u003ctd/\u003e\u003c/tr\u003e\u003ctr\u003e\u003ctd style\u003d\"white-space:nowrap\"\u003e18\u003ca name\u003d\"program-18\"\u003e \u003c/a\u003e\u003c/td\u003e\u003ctd\u003eDrop In Program\u003c/td\u003e\u003ctd/\u003e\u003c/tr\u003e\u003ctr\u003e\u003ctd style\u003d\"white-space:nowrap\"\u003e19\u003ca name\u003d\"program-19\"\u003e \u003c/a\u003e\u003c/td\u003e\u003ctd\u003eEarly Years Program\u003c/td\u003e\u003ctd/\u003e\u003c/tr\u003e\u003ctr\u003e\u003ctd style\u003d\"white-space:nowrap\"\u003e20\u003ca name\u003d\"program-20\"\u003e \u003c/a\u003e\u003c/td\u003e\u003ctd\u003eEmployee Assistance Program\u003c/td\u003e\u003ctd/\u003e\u003c/tr\u003e\u003ctr\u003e\u003ctd style\u003d\"white-space:nowrap\"\u003e21\u003ca name\u003d\"program-21\"\u003e \u003c/a\u003e\u003c/td\u003e\u003ctd\u003eHome And Community Care (HACC)\u003c/td\u003e\u003ctd/\u003e\u003c/tr\u003e\u003ctr\u003e\u003ctd style\u003d\"white-space:nowrap\"\u003e22\u003ca name\u003d\"program-22\"\u003e \u003c/a\u003e\u003c/td\u003e\u003ctd\u003eHospital Admission Risk Program (HARP)\u003c/td\u003e\u003ctd/\u003e\u003c/tr\u003e\u003ctr\u003e\u003ctd style\u003d\"white-space:nowrap\"\u003e23\u003ca name\u003d\"program-23\"\u003e \u003c/a\u003e\u003c/td\u003e\u003ctd\u003eHospital in the Home (HITH) Program\u003c/td\u003e\u003ctd/\u003e\u003c/tr\u003e\u003ctr\u003e\u003ctd style\u003d\"white-space:nowrap\"\u003e24\u003ca name\u003d\"program-24\"\u003e \u003c/a\u003e\u003c/td\u003e\u003ctd\u003eICTP (Intensive Community Treatment Program)\u003c/td\u003e\u003ctd/\u003e\u003c/tr\u003e\u003ctr\u003e\u003ctd style\u003d\"white-space:nowrap\"\u003e25\u003ca name\u003d\"program-25\"\u003e \u003c/a\u003e\u003c/td\u003e\u003ctd\u003eIFSS (Intensive Family Support Program)\u003c/td\u003e\u003ctd/\u003e\u003c/tr\u003e\u003ctr\u003e\u003ctd style\u003d\"white-space:nowrap\"\u003e26\u003ca name\u003d\"program-26\"\u003e \u003c/a\u003e\u003c/td\u003e\u003ctd\u003eJPET (Job Placement, Education and Training)\u003c/td\u003e\u003ctd/\u003e\u003c/tr\u003e\u003ctr\u003e\u003ctd style\u003d\"white-space:nowrap\"\u003e27\u003ca name\u003d\"program-27\"\u003e \u003c/a\u003e\u003c/td\u003e\u003ctd\u003eKoori Juvenile Justice Program\u003c/td\u003e\u003ctd/\u003e\u003c/tr\u003e\u003ctr\u003e\u003ctd style\u003d\"white-space:nowrap\"\u003e28\u003ca name\u003d\"program-28\"\u003e \u003c/a\u003e\u003c/td\u003e\u003ctd\u003eLanguage Literacy and Numeracy Program\u003c/td\u003e\u003ctd/\u003e\u003c/tr\u003e\u003ctr\u003e\u003ctd style\u003d\"white-space:nowrap\"\u003e29\u003ca name\u003d\"program-29\"\u003e \u003c/a\u003e\u003c/td\u003e\u003ctd\u003eLife Skills Program\u003c/td\u003e\u003ctd/\u003e\u003c/tr\u003e\u003ctr\u003e\u003ctd style\u003d\"white-space:nowrap\"\u003e30\u003ca name\u003d\"program-30\"\u003e \u003c/a\u003e\u003c/td\u003e\u003ctd\u003eLMP (Lifestyle Modification Program)\u003c/td\u003e\u003ctd/\u003e\u003c/tr\u003e\u003ctr\u003e\u003ctd style\u003d\"white-space:nowrap\"\u003e31\u003ca name\u003d\"program-31\"\u003e \u003c/a\u003e\u003c/td\u003e\u003ctd\u003eMedsCheck Program\u003c/td\u003e\u003ctd/\u003e\u003c/tr\u003e\u003ctr\u003e\u003ctd style\u003d\"white-space:nowrap\"\u003e32\u003ca name\u003d\"program-32\"\u003e \u003c/a\u003e\u003c/td\u003e\u003ctd\u003eMethadone/Buprenorphine Program\u003c/td\u003e\u003ctd/\u003e\u003c/tr\u003e\u003ctr\u003e\u003ctd style\u003d\"white-space:nowrap\"\u003e33\u003ca name\u003d\"program-33\"\u003e \u003c/a\u003e\u003c/td\u003e\u003ctd\u003eNational Disabilities Insurance Scheme (NDIS)\u003c/td\u003e\u003ctd/\u003e\u003c/tr\u003e\u003ctr\u003e\u003ctd style\u003d\"white-space:nowrap\"\u003e34\u003ca name\u003d\"program-34\"\u003e \u003c/a\u003e\u003c/td\u003e\u003ctd\u003eNational Diabetes Services Scheme (NDSS)\u003c/td\u003e\u003ctd/\u003e\u003c/tr\u003e\u003ctr\u003e\u003ctd style\u003d\"white-space:nowrap\"\u003e35\u003ca name\u003d\"program-35\"\u003e \u003c/a\u003e\u003c/td\u003e\u003ctd\u003eNeedle/Syringe Program\u003c/td\u003e\u003ctd/\u003e\u003c/tr\u003e\u003ctr\u003e\u003ctd style\u003d\"white-space:nowrap\"\u003e36\u003ca name\u003d\"program-36\"\u003e \u003c/a\u003e\u003c/td\u003e\u003ctd\u003enPEP Program\u003c/td\u003e\u003ctd/\u003e\u003c/tr\u003e\u003ctr\u003e\u003ctd style\u003d\"white-space:nowrap\"\u003e37\u003ca name\u003d\"program-37\"\u003e \u003c/a\u003e\u003c/td\u003e\u003ctd\u003ePersonal Support Program\u003c/td\u003e\u003ctd/\u003e\u003c/tr\u003e\u003ctr\u003e\u003ctd style\u003d\"white-space:nowrap\"\u003e38\u003ca name\u003d\"program-38\"\u003e \u003c/a\u003e\u003c/td\u003e\u003ctd\u003ePartners in Recovery (PIR) Program\u003c/td\u003e\u003ctd/\u003e\u003c/tr\u003e\u003ctr\u003e\u003ctd style\u003d\"white-space:nowrap\"\u003e39\u003ca name\u003d\"program-39\"\u003e \u003c/a\u003e\u003c/td\u003e\u003ctd\u003ePre-employment Program\u003c/td\u003e\u003ctd/\u003e\u003c/tr\u003e\u003ctr\u003e\u003ctd style\u003d\"white-space:nowrap\"\u003e40\u003ca name\u003d\"program-40\"\u003e \u003c/a\u003e\u003c/td\u003e\u003ctd\u003eReconnect Program\u003c/td\u003e\u003ctd/\u003e\u003c/tr\u003e\u003ctr\u003e\u003ctd style\u003d\"white-space:nowrap\"\u003e41\u003ca name\u003d\"program-41\"\u003e \u003c/a\u003e\u003c/td\u003e\u003ctd\u003eSexual Abuse Counselling and Prevention Program (SACPP)\u003c/td\u003e\u003ctd/\u003e\u003c/tr\u003e\u003ctr\u003e\u003ctd style\u003d\"white-space:nowrap\"\u003e42\u003ca name\u003d\"program-42\"\u003e \u003c/a\u003e\u003c/td\u003e\u003ctd\u003eSocial Support Programs\u003c/td\u003e\u003ctd/\u003e\u003c/tr\u003e\u003ctr\u003e\u003ctd style\u003d\"white-space:nowrap\"\u003e43\u003ca name\u003d\"program-43\"\u003e \u003c/a\u003e\u003c/td\u003e\u003ctd\u003eSupported Residential Service (SRS)\u003c/td\u003e\u003ctd/\u003e\u003c/tr\u003e\u003ctr\u003e\u003ctd style\u003d\"white-space:nowrap\"\u003e44\u003ca name\u003d\"program-44\"\u003e \u003c/a\u003e\u003c/td\u003e\u003ctd\u003eTasmanian Aboriginal Centre (TAC)\u003c/td\u003e\u003ctd/\u003e\u003c/tr\u003e\u003ctr\u003e\u003ctd style\u003d\"white-space:nowrap\"\u003e45\u003ca name\u003d\"program-45\"\u003e \u003c/a\u003e\u003c/td\u003e\u003ctd\u003eVictim\u0027s Assistance Program\u003c/td\u003e\u003ctd/\u003e\u003c/tr\u003e\u003c/table\u003e\u003c/div\u003e"
  },
  "extension": [
    {
      "url": "http://hl7.org/fhir/StructureDefinition/structuredefinition-wg",
      "valueCode": "pa"
    },
    {
      "url": "http://hl7.org/fhir/StructureDefinition/structuredefinition-standards-status",
      "valueCode": "draft"
    },
    {
      "url": "http://hl7.org/fhir/StructureDefinition/structuredefinition-fmm",
      "valueInteger": 1
    }
  ],
  "url": "http://terminology.hl7.org/CodeSystem/program",
  "identifier": [
    {
      "system": "urn:ietf:rfc:3986",
      "value": "urn:oid:2.16.840.1.113883.4.642.1.1384"
    }
  ],
  "version": "4.4.0",
  "name": "Program",
  "title": "Program",
  "status": "draft",
  "experimental": false,
  "publisher": "FHIR Project team",
  "contact": [
    {
      "telecom": [
        {
          "system": "url",
          "value": "http://hl7.org/fhir"
        }
      ]
    }
  ],
  "description": "This value set defines an example set of codes that could be can be used to classify groupings of service-types/specialties.",
  "caseSensitive": true,
  "valueSet": "http://hl7.org/fhir/ValueSet/program",
  "content": "example",
  "concept": [
    {
      "code": "1",
      "display": "Acquired Brain Injury (ABI) Program "
    },
    {
      "code": "2",
      "display": "ABI Slow To Recover (ABI STR) Program"
    },
    {
      "code": "3",
      "display": "Access Programs"
    },
    {
      "code": "4",
      "display": "Adult and Further Education (ACFE) Program"
    },
    {
      "code": "5",
      "display": "Adult Day Activity and Support Services (ADASS) Program"
    },
    {
      "code": "6",
      "display": "Adult Day Care Program"
    },
    {
      "code": "7",
      "display": "ATSS (Adult Training Support Service)"
    },
    {
      "code": "8",
      "display": "Community Aged Care Packages (CACP)"
    },
    {
      "code": "9",
      "display": "Care Coordination \u0026 Supplementary Services (CCSS)"
    },
    {
      "code": "10",
      "display": "Cognitive Dementia Memory Service (CDAMS)"
    },
    {
      "code": "11",
      "display": "ChildFIRST"
    },
    {
      "code": "12",
      "display": "Children\u0027s Contact Services"
    },
    {
      "code": "13",
      "display": "Community Visitors Scheme"
    },
    {
      "code": "14",
      "display": "CPP (Community Partners Program)"
    },
    {
      "code": "15",
      "display": "Closing the Gap (CTG)"
    },
    {
      "code": "16",
      "display": "Coordinated Veterans\u0027 Care (CVC) Program"
    },
    {
      "code": "17",
      "display": "Day Program"
    },
    {
      "code": "18",
      "display": "Drop In Program"
    },
    {
      "code": "19",
      "display": "Early Years Program"
    },
    {
      "code": "20",
      "display": "Employee Assistance Program"
    },
    {
      "code": "21",
      "display": "Home And Community Care (HACC)"
    },
    {
      "code": "22",
      "display": "Hospital Admission Risk Program (HARP)"
    },
    {
      "code": "23",
      "display": "Hospital in the Home (HITH) Program"
    },
    {
      "code": "24",
      "display": "ICTP (Intensive Community Treatment Program)"
    },
    {
      "code": "25",
      "display": "IFSS (Intensive Family Support Program)"
    },
    {
      "code": "26",
      "display": "JPET (Job Placement, Education and Training)"
    },
    {
      "code": "27",
      "display": "Koori Juvenile Justice Program"
    },
    {
      "code": "28",
      "display": "Language Literacy and Numeracy Program"
    },
    {
      "code": "29",
      "display": "Life Skills Program"
    },
    {
      "code": "30",
      "display": "LMP (Lifestyle Modification Program)"
    },
    {
      "code": "31",
      "display": "MedsCheck Program"
    },
    {
      "code": "32",
      "display": "Methadone/Buprenorphine Program"
    },
    {
      "code": "33",
      "display": "National Disabilities Insurance Scheme (NDIS)"
    },
    {
      "code": "34",
      "display": "National Diabetes Services Scheme (NDSS)"
    },
    {
      "code": "35",
      "display": "Needle/Syringe Program"
    },
    {
      "code": "36",
      "display": "nPEP Program"
    },
    {
      "code": "37",
      "display": "Personal Support Program"
    },
    {
      "code": "38",
      "display": "Partners in Recovery (PIR) Program"
    },
    {
      "code": "39",
      "display": "Pre-employment Program"
    },
    {
      "code": "40",
      "display": "Reconnect Program"
    },
    {
      "code": "41",
      "display": "Sexual Abuse Counselling and Prevention Program (SACPP)"
    },
    {
      "code": "42",
      "display": "Social Support Programs"
    },
    {
      "code": "43",
      "display": "Supported Residential Service (SRS)"
    },
    {
      "code": "44",
      "display": "Tasmanian Aboriginal Centre (TAC)"
    },
    {
      "code": "45",
      "display": "Victim\u0027s Assistance Program"
    }
  ]
}