{
  "resourceType": "CodeSystem",
  "id": "report-status-codes",
  "meta": {
    "lastUpdated": "2020-09-09T21:25:03.505+00:00"
  },
  "text": {
    "status": "generated",
    "div": "\u003cdiv xmlns\u003d\"http://www.w3.org/1999/xhtml\"\u003e\u003cp\u003eThis code system http://hl7.org/fhir/report-status-codes defines the following codes:\u003c/p\u003e\u003ctable class\u003d\"codes\"\u003e\u003ctr\u003e\u003ctd style\u003d\"white-space:nowrap\"\u003e\u003cb\u003eCode\u003c/b\u003e\u003c/td\u003e\u003ctd\u003e\u003cb\u003eDisplay\u003c/b\u003e\u003c/td\u003e\u003ctd\u003e\u003cb\u003eDefinition\u003c/b\u003e\u003c/td\u003e\u003c/tr\u003e\u003ctr\u003e\u003ctd style\u003d\"white-space:nowrap\"\u003ecompleted\u003ca name\u003d\"report-status-codes-completed\"\u003e \u003c/a\u003e\u003c/td\u003e\u003ctd\u003eCompleted\u003c/td\u003e\u003ctd\u003eAll test operations have completed.\u003c/td\u003e\u003c/tr\u003e\u003ctr\u003e\u003ctd style\u003d\"white-space:nowrap\"\u003ein-progress\u003ca name\u003d\"report-status-codes-in-progress\"\u003e \u003c/a\u003e\u003c/td\u003e\u003ctd\u003eIn Progress\u003c/td\u003e\u003ctd\u003eA test operations is currently executing.\u003c/td\u003e\u003c/tr\u003e\u003ctr\u003e\u003ctd style\u003d\"white-space:nowrap\"\u003ewaiting\u003ca name\u003d\"report-status-codes-waiting\"\u003e \u003c/a\u003e\u003c/td\u003e\u003ctd\u003eWaiting\u003c/td\u003e\u003ctd\u003eA test operation is waiting for an external client request.\u003c/td\u003e\u003c/tr\u003e\u003ctr\u003e\u003ctd style\u003d\"white-space:nowrap\"\u003estopped\u003ca name\u003d\"report-status-codes-stopped\"\u003e \u003c/a\u003e\u003c/td\u003e\u003ctd\u003eStopped\u003c/td\u003e\u003ctd\u003eThe test script execution was manually stopped.\u003c/td\u003e\u003c/tr\u003e\u003ctr\u003e\u003ctd style\u003d\"white-space:nowrap\"\u003eentered-in-error\u003ca name\u003d\"report-status-codes-entered-in-error\"\u003e \u003c/a\u003e\u003c/td\u003e\u003ctd\u003eEntered In Error\u003c/td\u003e\u003ctd\u003eThis test report was entered or created in error.\u003c/td\u003e\u003c/tr\u003e\u003c/table\u003e\u003c/div\u003e"
  },
  "extension": [
    {
      "url": "http://hl7.org/fhir/StructureDefinition/structuredefinition-wg",
      "valueCode": "fhir"
    },
    {
      "url": "http://hl7.org/fhir/StructureDefinition/structuredefinition-standards-status",
      "valueCode": "trial-use"
    },
    {
      "url": "http://hl7.org/fhir/StructureDefinition/structuredefinition-fmm",
      "valueInteger": 0
    }
  ],
  "url": "http://hl7.org/fhir/report-status-codes",
  "identifier": [
    {
      "system": "urn:ietf:rfc:3986",
      "value": "urn:oid:2.16.840.1.113883.4.642.1.725"
    }
  ],
  "version": "4.5.0",
  "name": "TestReportStatus",
  "title": "TestReportStatus",
  "status": "draft",
  "experimental": false,
  "date": "2020-09-09T21:25:03+00:00",
  "publisher": "HL7 (FHIR Project)",
  "contact": [
    {
      "telecom": [
        {
          "system": "url",
          "value": "http://hl7.org/fhir"
        },
        {
          "system": "email",
          "value": "fhir@lists.hl7.org"
        }
      ]
    }
  ],
  "description": "The current status of the test report.",
  "caseSensitive": true,
  "valueSet": "http://hl7.org/fhir/ValueSet/report-status-codes",
  "content": "complete",
  "concept": [
    {
      "code": "completed",
      "display": "Completed",
      "definition": "All test operations have completed."
    },
    {
      "code": "in-progress",
      "display": "In Progress",
      "definition": "A test operations is currently executing."
    },
    {
      "code": "waiting",
      "display": "Waiting",
      "definition": "A test operation is waiting for an external client request."
    },
    {
      "code": "stopped",
      "display": "Stopped",
      "definition": "The test script execution was manually stopped."
    },
    {
      "code": "entered-in-error",
      "display": "Entered In Error",
      "definition": "This test report was entered or created in error."
    }
  ]
}