{
  "resourceType": "CodeSystem",
  "id": "pubmed-pubstatus",
  "meta": {
    "lastUpdated": "2020-09-09T21:25:03.505+00:00"
  },
  "text": {
    "status": "generated",
    "div": "\u003cdiv xmlns\u003d\"http://www.w3.org/1999/xhtml\"\u003e\u003cp\u003eThis code system http://terminology.hl7.org/CodeSystem/pubmed-pubstatus defines the following codes:\u003c/p\u003e\u003ctable class\u003d\"codes\"\u003e\u003ctr\u003e\u003ctd style\u003d\"white-space:nowrap\"\u003e\u003cb\u003eCode\u003c/b\u003e\u003c/td\u003e\u003ctd\u003e\u003cb\u003eDisplay\u003c/b\u003e\u003c/td\u003e\u003ctd\u003e\u003cb\u003eDefinition\u003c/b\u003e\u003c/td\u003e\u003c/tr\u003e\u003ctr\u003e\u003ctd style\u003d\"white-space:nowrap\"\u003ereceived\u003ca name\u003d\"pubmed-pubstatus-received\"\u003e \u003c/a\u003e\u003c/td\u003e\u003ctd\u003ereceived\u003c/td\u003e\u003ctd\u003eUsed as the value of PublicationStatus or attribute of PubmedPubDate in MEDLINE DTD.\u003c/td\u003e\u003c/tr\u003e\u003ctr\u003e\u003ctd style\u003d\"white-space:nowrap\"\u003eaccepted\u003ca name\u003d\"pubmed-pubstatus-accepted\"\u003e \u003c/a\u003e\u003c/td\u003e\u003ctd\u003eaccepted\u003c/td\u003e\u003ctd\u003eUsed as the value of PublicationStatus or attribute of PubmedPubDate in MEDLINE DTD.\u003c/td\u003e\u003c/tr\u003e\u003ctr\u003e\u003ctd style\u003d\"white-space:nowrap\"\u003eepublish\u003ca name\u003d\"pubmed-pubstatus-epublish\"\u003e \u003c/a\u003e\u003c/td\u003e\u003ctd\u003eepublish\u003c/td\u003e\u003ctd\u003eUsed as the value of PublicationStatus or attribute of PubmedPubDate in MEDLINE DTD.\u003c/td\u003e\u003c/tr\u003e\u003ctr\u003e\u003ctd style\u003d\"white-space:nowrap\"\u003eppublish\u003ca name\u003d\"pubmed-pubstatus-ppublish\"\u003e \u003c/a\u003e\u003c/td\u003e\u003ctd\u003eppublish\u003c/td\u003e\u003ctd\u003eUsed as the value of PublicationStatus or attribute of PubmedPubDate in MEDLINE DTD.\u003c/td\u003e\u003c/tr\u003e\u003ctr\u003e\u003ctd style\u003d\"white-space:nowrap\"\u003erevised\u003ca name\u003d\"pubmed-pubstatus-revised\"\u003e \u003c/a\u003e\u003c/td\u003e\u003ctd\u003erevised\u003c/td\u003e\u003ctd\u003eUsed as the value of PublicationStatus or attribute of PubmedPubDate in MEDLINE DTD.\u003c/td\u003e\u003c/tr\u003e\u003ctr\u003e\u003ctd style\u003d\"white-space:nowrap\"\u003eaheadofprint\u003ca name\u003d\"pubmed-pubstatus-aheadofprint\"\u003e \u003c/a\u003e\u003c/td\u003e\u003ctd\u003eaheadofprint\u003c/td\u003e\u003ctd\u003eUsed as the value of PublicationStatus or attribute of PubmedPubDate in MEDLINE DTD.\u003c/td\u003e\u003c/tr\u003e\u003ctr\u003e\u003ctd style\u003d\"white-space:nowrap\"\u003eretracted\u003ca name\u003d\"pubmed-pubstatus-retracted\"\u003e \u003c/a\u003e\u003c/td\u003e\u003ctd\u003eretracted\u003c/td\u003e\u003ctd\u003eUsed as the value of PublicationStatus or attribute of PubmedPubDate in MEDLINE DTD.\u003c/td\u003e\u003c/tr\u003e\u003ctr\u003e\u003ctd style\u003d\"white-space:nowrap\"\u003eecollection\u003ca name\u003d\"pubmed-pubstatus-ecollection\"\u003e \u003c/a\u003e\u003c/td\u003e\u003ctd\u003eecollection\u003c/td\u003e\u003ctd\u003eUsed as the value of PublicationStatus or attribute of PubmedPubDate in MEDLINE DTD.\u003c/td\u003e\u003c/tr\u003e\u003ctr\u003e\u003ctd style\u003d\"white-space:nowrap\"\u003epmc\u003ca name\u003d\"pubmed-pubstatus-pmc\"\u003e \u003c/a\u003e\u003c/td\u003e\u003ctd\u003epmc\u003c/td\u003e\u003ctd\u003eUsed as the value of PublicationStatus or attribute of PubmedPubDate in MEDLINE DTD.\u003c/td\u003e\u003c/tr\u003e\u003ctr\u003e\u003ctd style\u003d\"white-space:nowrap\"\u003epmcr\u003ca name\u003d\"pubmed-pubstatus-pmcr\"\u003e \u003c/a\u003e\u003c/td\u003e\u003ctd\u003epmcr\u003c/td\u003e\u003ctd\u003eUsed as the value of PublicationStatus or attribute of PubmedPubDate in MEDLINE DTD.\u003c/td\u003e\u003c/tr\u003e\u003ctr\u003e\u003ctd style\u003d\"white-space:nowrap\"\u003epubmed\u003ca name\u003d\"pubmed-pubstatus-pubmed\"\u003e \u003c/a\u003e\u003c/td\u003e\u003ctd\u003epubmed\u003c/td\u003e\u003ctd\u003eUsed as the value of PublicationStatus or attribute of PubmedPubDate in MEDLINE DTD.\u003c/td\u003e\u003c/tr\u003e\u003ctr\u003e\u003ctd style\u003d\"white-space:nowrap\"\u003epubmedr\u003ca name\u003d\"pubmed-pubstatus-pubmedr\"\u003e \u003c/a\u003e\u003c/td\u003e\u003ctd\u003epubmedr\u003c/td\u003e\u003ctd\u003eUsed as the value of PublicationStatus or attribute of PubmedPubDate in MEDLINE DTD.\u003c/td\u003e\u003c/tr\u003e\u003ctr\u003e\u003ctd style\u003d\"white-space:nowrap\"\u003epremedline\u003ca name\u003d\"pubmed-pubstatus-premedline\"\u003e \u003c/a\u003e\u003c/td\u003e\u003ctd\u003epremedline\u003c/td\u003e\u003ctd\u003eUsed as the value of PublicationStatus or attribute of PubmedPubDate in MEDLINE DTD.\u003c/td\u003e\u003c/tr\u003e\u003ctr\u003e\u003ctd style\u003d\"white-space:nowrap\"\u003emedline\u003ca name\u003d\"pubmed-pubstatus-medline\"\u003e \u003c/a\u003e\u003c/td\u003e\u003ctd\u003emedline\u003c/td\u003e\u003ctd\u003eUsed as the value of PublicationStatus or attribute of PubmedPubDate in MEDLINE DTD.\u003c/td\u003e\u003c/tr\u003e\u003ctr\u003e\u003ctd style\u003d\"white-space:nowrap\"\u003emedliner\u003ca name\u003d\"pubmed-pubstatus-medliner\"\u003e \u003c/a\u003e\u003c/td\u003e\u003ctd\u003emedliner\u003c/td\u003e\u003ctd\u003eUsed as the value of PublicationStatus or attribute of PubmedPubDate in MEDLINE DTD.\u003c/td\u003e\u003c/tr\u003e\u003ctr\u003e\u003ctd style\u003d\"white-space:nowrap\"\u003eentrez\u003ca name\u003d\"pubmed-pubstatus-entrez\"\u003e \u003c/a\u003e\u003c/td\u003e\u003ctd\u003eentrez\u003c/td\u003e\u003ctd\u003eUsed as the value of PublicationStatus or attribute of PubmedPubDate in MEDLINE DTD.\u003c/td\u003e\u003c/tr\u003e\u003ctr\u003e\u003ctd style\u003d\"white-space:nowrap\"\u003epmc-release\u003ca name\u003d\"pubmed-pubstatus-pmc-release\"\u003e \u003c/a\u003e\u003c/td\u003e\u003ctd\u003epmc-release\u003c/td\u003e\u003ctd\u003eUsed as the value of PublicationStatus or attribute of PubmedPubDate in MEDLINE DTD.\u003c/td\u003e\u003c/tr\u003e\u003c/table\u003e\u003c/div\u003e"
  },
  "extension": [
    {
      "url": "http://hl7.org/fhir/StructureDefinition/structuredefinition-wg",
      "valueCode": "cds"
    },
    {
      "url": "http://hl7.org/fhir/StructureDefinition/structuredefinition-standards-status",
      "valueCode": "trial-use"
    },
    {
      "url": "http://hl7.org/fhir/StructureDefinition/structuredefinition-fmm",
      "valueInteger": 0
    }
  ],
  "url": "http://terminology.hl7.org/CodeSystem/pubmed-pubstatus",
  "identifier": [
    {
      "system": "urn:ietf:rfc:3986",
      "value": "urn:oid:2.16.840.1.113883.4.642.1.1503"
    }
  ],
  "version": "4.5.0",
  "name": "PubMedPubStatus",
  "title": "PubMedPubStatus",
  "status": "draft",
  "experimental": false,
  "date": "2020-09-09T21:25:03+00:00",
  "publisher": "HL7 (FHIR Project)",
  "contact": [
    {
      "telecom": [
        {
          "system": "url",
          "value": "http://hl7.org/fhir"
        },
        {
          "system": "email",
          "value": "fhir@lists.hl7.org"
        }
      ]
    }
  ],
  "description": "PubMed Publication Status.",
  "caseSensitive": true,
  "valueSet": "http://hl7.org/fhir/ValueSet/pubmed-pubstatus",
  "content": "complete",
  "concept": [
    {
      "code": "received",
      "display": "received",
      "definition": "Used as the value of PublicationStatus or attribute of PubmedPubDate in MEDLINE DTD."
    },
    {
      "code": "accepted",
      "display": "accepted",
      "definition": "Used as the value of PublicationStatus or attribute of PubmedPubDate in MEDLINE DTD."
    },
    {
      "code": "epublish",
      "display": "epublish",
      "definition": "Used as the value of PublicationStatus or attribute of PubmedPubDate in MEDLINE DTD."
    },
    {
      "code": "ppublish",
      "display": "ppublish",
      "definition": "Used as the value of PublicationStatus or attribute of PubmedPubDate in MEDLINE DTD."
    },
    {
      "code": "revised",
      "display": "revised",
      "definition": "Used as the value of PublicationStatus or attribute of PubmedPubDate in MEDLINE DTD."
    },
    {
      "code": "aheadofprint",
      "display": "aheadofprint",
      "definition": "Used as the value of PublicationStatus or attribute of PubmedPubDate in MEDLINE DTD."
    },
    {
      "code": "retracted",
      "display": "retracted",
      "definition": "Used as the value of PublicationStatus or attribute of PubmedPubDate in MEDLINE DTD."
    },
    {
      "code": "ecollection",
      "display": "ecollection",
      "definition": "Used as the value of PublicationStatus or attribute of PubmedPubDate in MEDLINE DTD."
    },
    {
      "code": "pmc",
      "display": "pmc",
      "definition": "Used as the value of PublicationStatus or attribute of PubmedPubDate in MEDLINE DTD."
    },
    {
      "code": "pmcr",
      "display": "pmcr",
      "definition": "Used as the value of PublicationStatus or attribute of PubmedPubDate in MEDLINE DTD."
    },
    {
      "code": "pubmed",
      "display": "pubmed",
      "definition": "Used as the value of PublicationStatus or attribute of PubmedPubDate in MEDLINE DTD."
    },
    {
      "code": "pubmedr",
      "display": "pubmedr",
      "definition": "Used as the value of PublicationStatus or attribute of PubmedPubDate in MEDLINE DTD."
    },
    {
      "code": "premedline",
      "display": "premedline",
      "definition": "Used as the value of PublicationStatus or attribute of PubmedPubDate in MEDLINE DTD."
    },
    {
      "code": "medline",
      "display": "medline",
      "definition": "Used as the value of PublicationStatus or attribute of PubmedPubDate in MEDLINE DTD."
    },
    {
      "code": "medliner",
      "display": "medliner",
      "definition": "Used as the value of PublicationStatus or attribute of PubmedPubDate in MEDLINE DTD."
    },
    {
      "code": "entrez",
      "display": "entrez",
      "definition": "Used as the value of PublicationStatus or attribute of PubmedPubDate in MEDLINE DTD."
    },
    {
      "code": "pmc-release",
      "display": "pmc-release",
      "definition": "Used as the value of PublicationStatus or attribute of PubmedPubDate in MEDLINE DTD."
    }
  ]
}