{
  "resourceType": "CodeSystem",
  "id": "encounter-admit-source",
  "meta": {
    "lastUpdated": "2020-08-14T05:51:36.302+00:00",
    "profile": [
      "http://hl7.org/fhir/StructureDefinition/shareablecodesystem"
    ]
  },
  "text": {
    "status": "generated",
    "div": "\u003cdiv xmlns\u003d\"http://www.w3.org/1999/xhtml\"\u003e\u003cp\u003eThis code system http://terminology.hl7.org/CodeSystem/admit-source defines the following codes:\u003c/p\u003e\u003ctable class\u003d\"codes\"\u003e\u003ctr\u003e\u003ctd style\u003d\"white-space:nowrap\"\u003e\u003cb\u003eCode\u003c/b\u003e\u003c/td\u003e\u003ctd\u003e\u003cb\u003eDisplay\u003c/b\u003e\u003c/td\u003e\u003ctd\u003e\u003cb\u003eDefinition\u003c/b\u003e\u003c/td\u003e\u003c/tr\u003e\u003ctr\u003e\u003ctd style\u003d\"white-space:nowrap\"\u003ehosp-trans\u003ca name\u003d\"encounter-admit-source-hosp-trans\"\u003e \u003c/a\u003e\u003c/td\u003e\u003ctd\u003eTransferred from other hospital\u003c/td\u003e\u003ctd\u003eThe Patient has been transferred from another hospital for this encounter.\u003c/td\u003e\u003c/tr\u003e\u003ctr\u003e\u003ctd style\u003d\"white-space:nowrap\"\u003eemd\u003ca name\u003d\"encounter-admit-source-emd\"\u003e \u003c/a\u003e\u003c/td\u003e\u003ctd\u003eFrom accident/emergency department\u003c/td\u003e\u003ctd\u003eThe patient has been transferred from the emergency department within the hospital. This is typically used in the transition to an inpatient encounter\u003c/td\u003e\u003c/tr\u003e\u003ctr\u003e\u003ctd style\u003d\"white-space:nowrap\"\u003eoutp\u003ca name\u003d\"encounter-admit-source-outp\"\u003e \u003c/a\u003e\u003c/td\u003e\u003ctd\u003eFrom outpatient department\u003c/td\u003e\u003ctd\u003eThe patient has been transferred from an outpatient department within the hospital.\u003c/td\u003e\u003c/tr\u003e\u003ctr\u003e\u003ctd style\u003d\"white-space:nowrap\"\u003eborn\u003ca name\u003d\"encounter-admit-source-born\"\u003e \u003c/a\u003e\u003c/td\u003e\u003ctd\u003eBorn in hospital\u003c/td\u003e\u003ctd\u003eThe patient is a newborn and the encounter will track the baby related activities (as opposed to the Mothers encounter - that may be associated using the newborn encounters partof property)\u003c/td\u003e\u003c/tr\u003e\u003ctr\u003e\u003ctd style\u003d\"white-space:nowrap\"\u003egp\u003ca name\u003d\"encounter-admit-source-gp\"\u003e \u003c/a\u003e\u003c/td\u003e\u003ctd\u003eGeneral Practitioner referral\u003c/td\u003e\u003ctd\u003eThe patient has been admitted due to a referred from a General Practitioner.\u003c/td\u003e\u003c/tr\u003e\u003ctr\u003e\u003ctd style\u003d\"white-space:nowrap\"\u003emp\u003ca name\u003d\"encounter-admit-source-mp\"\u003e \u003c/a\u003e\u003c/td\u003e\u003ctd\u003eMedical Practitioner/physician referral\u003c/td\u003e\u003ctd\u003eThe patient has been admitted due to a referred from a Specialist (as opposed to a General Practitioner).\u003c/td\u003e\u003c/tr\u003e\u003ctr\u003e\u003ctd style\u003d\"white-space:nowrap\"\u003enursing\u003ca name\u003d\"encounter-admit-source-nursing\"\u003e \u003c/a\u003e\u003c/td\u003e\u003ctd\u003eFrom nursing home\u003c/td\u003e\u003ctd\u003eThe patient has been transferred from a nursing home.\u003c/td\u003e\u003c/tr\u003e\u003ctr\u003e\u003ctd style\u003d\"white-space:nowrap\"\u003epsych\u003ca name\u003d\"encounter-admit-source-psych\"\u003e \u003c/a\u003e\u003c/td\u003e\u003ctd\u003eFrom psychiatric hospital\u003c/td\u003e\u003ctd\u003eThe patient has been transferred from a psychiatric facility.\u003c/td\u003e\u003c/tr\u003e\u003ctr\u003e\u003ctd style\u003d\"white-space:nowrap\"\u003erehab\u003ca name\u003d\"encounter-admit-source-rehab\"\u003e \u003c/a\u003e\u003c/td\u003e\u003ctd\u003eFrom rehabilitation facility\u003c/td\u003e\u003ctd\u003eThe patient has been transferred from a rehabilitation facility or clinic.\u003c/td\u003e\u003c/tr\u003e\u003ctr\u003e\u003ctd style\u003d\"white-space:nowrap\"\u003eother\u003ca name\u003d\"encounter-admit-source-other\"\u003e \u003c/a\u003e\u003c/td\u003e\u003ctd\u003eOther\u003c/td\u003e\u003ctd\u003eThe patient has been admitted from a source otherwise not specified here.\u003c/td\u003e\u003c/tr\u003e\u003c/table\u003e\u003c/div\u003e"
  },
  "extension": [
    {
      "url": "http://hl7.org/fhir/StructureDefinition/structuredefinition-wg",
      "valueCode": "pa"
    }
  ],
  "url": "http://terminology.hl7.org/CodeSystem/admit-source",
  "identifier": [
    {
      "system": "urn:ietf:rfc:3986",
      "value": "urn:oid:2.16.840.1.113883.4.642.1.1092"
    }
  ],
  "version": "4.4.0",
  "name": "AdmitSource",
  "title": "Admit source",
  "status": "draft",
  "experimental": false,
  "publisher": "FHIR Project team",
  "contact": [
    {
      "telecom": [
        {
          "system": "url",
          "value": "http://hl7.org/fhir"
        }
      ]
    }
  ],
  "description": "This value set defines a set of codes that can be used to indicate from where the patient came in.",
  "caseSensitive": true,
  "valueSet": "http://hl7.org/fhir/ValueSet/encounter-admit-source",
  "content": "complete",
  "concept": [
    {
      "code": "hosp-trans",
      "display": "Transferred from other hospital",
      "definition": "The Patient has been transferred from another hospital for this encounter."
    },
    {
      "code": "emd",
      "display": "From accident/emergency department",
      "definition": "The patient has been transferred from the emergency department within the hospital. This is typically used in the transition to an inpatient encounter"
    },
    {
      "code": "outp",
      "display": "From outpatient department",
      "definition": "The patient has been transferred from an outpatient department within the hospital."
    },
    {
      "code": "born",
      "display": "Born in hospital",
      "definition": "The patient is a newborn and the encounter will track the baby related activities (as opposed to the Mothers encounter - that may be associated using the newborn encounters partof property)"
    },
    {
      "code": "gp",
      "display": "General Practitioner referral",
      "definition": "The patient has been admitted due to a referred from a General Practitioner."
    },
    {
      "code": "mp",
      "display": "Medical Practitioner/physician referral",
      "definition": "The patient has been admitted due to a referred from a Specialist (as opposed to a General Practitioner)."
    },
    {
      "code": "nursing",
      "display": "From nursing home",
      "definition": "The patient has been transferred from a nursing home."
    },
    {
      "code": "psych",
      "display": "From psychiatric hospital",
      "definition": "The patient has been transferred from a psychiatric facility."
    },
    {
      "code": "rehab",
      "display": "From rehabilitation facility",
      "definition": "The patient has been transferred from a rehabilitation facility or clinic."
    },
    {
      "code": "other",
      "display": "Other",
      "definition": "The patient has been admitted from a source otherwise not specified here."
    }
  ]
}