{
  "resourceType": "Encounter",
  "id": "f001",
  "text": {
    "status": "generated",
    "div": "\u003cdiv xmlns\u003d\"http://www.w3.org/1999/xhtml\"\u003e\u003cp\u003e\u003cb\u003eGenerated Narrative\u003c/b\u003e\u003c/p\u003e\u003cp\u003e\u003cb\u003eid\u003c/b\u003e: f001\u003c/p\u003e\u003cp\u003e\u003cb\u003eidentifier\u003c/b\u003e: id: v1451 (OFFICIAL)\u003c/p\u003e\u003cp\u003e\u003cb\u003estatus\u003c/b\u003e: completed\u003c/p\u003e\u003cp\u003e\u003cb\u003eclass\u003c/b\u003e: \u003cspan\u003eambulatory\u003c/span\u003e\u003c/p\u003e\u003cp\u003e\u003cb\u003etype\u003c/b\u003e: \u003cspan\u003ePatient-initiated encounter\u003c/span\u003e\u003c/p\u003e\u003cp\u003e\u003cb\u003epriority\u003c/b\u003e: \u003cspan\u003eNon-urgent cardiological admission\u003c/span\u003e\u003c/p\u003e\u003cp\u003e\u003cb\u003esubject\u003c/b\u003e: \u003ca\u003eP. van de Heuvel. Generated Summary: id: f001; id: 738472983 (USUAL), id: ?ngen-9? (USUAL); active; Pieter van de Heuvel ; ph: 0648352638(MOBILE), p.heuvel@gmail.com(HOME); gender: male; birthDate: 1944-11-17; \u003cspan\u003eGetrouwd\u003c/span\u003e; multipleBirth\u003c/a\u003e\u003c/p\u003e\u003ch3\u003eParticipants\u003c/h3\u003e\u003ctable\u003e\u003ctr\u003e\u003ctd\u003e-\u003c/td\u003e\u003ctd\u003e\u003cb\u003eIndividual\u003c/b\u003e\u003c/td\u003e\u003c/tr\u003e\u003ctr\u003e\u003ctd\u003e*\u003c/td\u003e\u003ctd\u003e\u003ca\u003eP. Voigt. Generated Summary: id: f002; id: 730291637 (OFFICIAL), id: 174BIP3JH438 (USUAL); Pieter Voigt (OFFICIAL); ph: 0205569336(WORK), p.voigt@bmc.nl(WORK), fax: 0205669382(WORK); gender: male; birthDate: 1979-04-29\u003c/a\u003e\u003c/td\u003e\u003c/tr\u003e\u003c/table\u003e\u003cp\u003e\u003cb\u003elength\u003c/b\u003e: 140 min\u003c/p\u003e\u003cp\u003e\u003cb\u003ereason\u003c/b\u003e: \u003c/p\u003e\u003ch3\u003eHospitalizations\u003c/h3\u003e\u003ctable\u003e\u003ctr\u003e\u003ctd\u003e-\u003c/td\u003e\u003ctd\u003e\u003cb\u003ePreAdmissionIdentifier\u003c/b\u003e\u003c/td\u003e\u003ctd\u003e\u003cb\u003eAdmitSource\u003c/b\u003e\u003c/td\u003e\u003ctd\u003e\u003cb\u003eDischargeDisposition\u003c/b\u003e\u003c/td\u003e\u003c/tr\u003e\u003ctr\u003e\u003ctd\u003e*\u003c/td\u003e\u003ctd\u003eid: 93042 (OFFICIAL)\u003c/td\u003e\u003ctd\u003e\u003cspan\u003eReferral by physician\u003c/span\u003e\u003c/td\u003e\u003ctd\u003e\u003cspan\u003eDischarge to home\u003c/span\u003e\u003c/td\u003e\u003c/tr\u003e\u003c/table\u003e\u003cp\u003e\u003cb\u003eserviceProvider\u003c/b\u003e: \u003ca\u003eBurgers University Medical Center. Generated Summary: id: f001; id: 91654 (OFFICIAL), id: 17-0112278 (USUAL); \u003cspan\u003eUniversity Medical Hospital\u003c/span\u003e; name: Burgers University Medical Center; ph: 022-655 2300(WORK)\u003c/a\u003e\u003c/p\u003e\u003c/div\u003e"
  },
  "identifier": [
    {
      "use": "official",
      "system": "http://www.amc.nl/zorgportal/identifiers/visits",
      "value": "v1451"
    }
  ],
  "status": "completed",
  "class": {
    "system": "http://terminology.hl7.org/CodeSystem/v3-ActCode",
    "code": "AMB",
    "display": "ambulatory"
  },
  "type": [
    {
      "coding": [
        {
          "system": "http://snomed.info/sct",
          "code": "270427003",
          "display": "Patient-initiated encounter"
        }
      ]
    }
  ],
  "priority": {
    "coding": [
      {
        "system": "http://snomed.info/sct",
        "code": "310361003",
        "display": "Non-urgent cardiological admission"
      }
    ]
  },
  "subject": {
    "reference": "Patient/f001",
    "display": "P. van de Heuvel"
  },
  "participant": [
    {
      "individual": {
        "reference": "Practitioner/f002",
        "display": "P. Voigt"
      }
    }
  ],
  "length": {
    "value": 140,
    "unit": "min",
    "system": "http://unitsofmeasure.org",
    "code": "min"
  },
  "reason": [
    {
      "concept": {
        "coding": [
          {
            "system": "http://snomed.info/sct",
            "code": "34068001",
            "display": "Heart valve replacement"
          }
        ]
      }
    }
  ],
  "hospitalization": {
    "preAdmissionIdentifier": {
      "use": "official",
      "system": "http://www.amc.nl/zorgportal/identifiers/pre-admissions",
      "value": "93042"
    },
    "admitSource": {
      "coding": [
        {
          "system": "http://snomed.info/sct",
          "code": "305956004",
          "display": "Referral by physician"
        }
      ]
    },
    "dischargeDisposition": {
      "coding": [
        {
          "system": "http://snomed.info/sct",
          "code": "306689006",
          "display": "Discharge to home"
        }
      ]
    }
  },
  "serviceProvider": {
    "reference": "Organization/f001",
    "display": "Burgers University Medical Center"
  },
  "meta": {
    "tag": [
      {
        "system": "http://terminology.hl7.org/CodeSystem/v3-ActReason",
        "code": "HTEST",
        "display": "test health data"
      }
    ]
  }
}