{
  "resourceType": "Immunization",
  "id": "protocol",
  "text": {
    "status": "generated",
    "div": "\u003cdiv xmlns\u003d\"http://www.w3.org/1999/xhtml\"\u003e\u003cp\u003e\u003cb\u003eGenerated Narrative\u003c/b\u003e\u003c/p\u003e\u003cp\u003e\u003cb\u003eid\u003c/b\u003e: protocol\u003c/p\u003e\u003cp\u003e\u003cb\u003eidentifier\u003c/b\u003e: id: urn:oid:1.3.6.1.4.1.21367.2005.3.7.1234\u003c/p\u003e\u003cp\u003e\u003cb\u003estatus\u003c/b\u003e: completed\u003c/p\u003e\u003cp\u003e\u003cb\u003evaccineCode\u003c/b\u003e: \u003cspan\u003eTwinrix (HepA/HepB)\u003c/span\u003e\u003c/p\u003e\u003cp\u003e\u003cb\u003emanufacturer\u003c/b\u003e: \u003ca\u003eGenerated Summary: id: hl7; name: Health Level Seven International; alias: HL7 International; ph: (+1) 734-677-7777, fax: (+1) 734-677-6622, hq@HL7.org\u003c/a\u003e\u003c/p\u003e\u003cp\u003e\u003cb\u003elotNumber\u003c/b\u003e: PT123F\u003c/p\u003e\u003cp\u003e\u003cb\u003eexpirationDate\u003c/b\u003e: 2018-12-15\u003c/p\u003e\u003cp\u003e\u003cb\u003epatient\u003c/b\u003e: \u003ca\u003eGenerated Summary: id: example; Medical record number: 12345 (USUAL); active; Peter James Chalmers (OFFICIAL), Jim , Peter James Windsor (MAIDEN); -unknown-(HOME), ph: (03) 5555 6473(WORK), ph: (03) 3410 5613(MOBILE), ph: (03) 5555 8834(OLD); gender: male; birthDate: 1974-12-25; \u003c/a\u003e\u003c/p\u003e\u003cp\u003e\u003cb\u003eencounter\u003c/b\u003e: \u003ca\u003eGenerated Summary: id: example; status: in-progress; \u003cspan\u003einpatient encounter\u003c/span\u003e\u003c/a\u003e\u003c/p\u003e\u003cp\u003e\u003cb\u003eoccurrence\u003c/b\u003e: 2018-06-18\u003c/p\u003e\u003cp\u003e\u003cb\u003eprimarySource\u003c/b\u003e: true\u003c/p\u003e\u003cp\u003e\u003cb\u003elocation\u003c/b\u003e: \u003ca\u003eGenerated Summary: id: 1; id: B1-S.F2; status: active; name: South Wing, second floor; alias: BU MC, SW, F2, alias: Burgers University Medical Center, South Wing, second floor; description: Second floor of the Old South Wing, formerly in use by Psychiatry; mode: instance; ph: 2328(WORK), fax: 2329(WORK), second wing admissions, http://sampleorg.com/southwing(WORK); \u003cspan\u003eWing\u003c/span\u003e\u003c/a\u003e\u003c/p\u003e\u003cp\u003e\u003cb\u003esite\u003c/b\u003e: \u003cspan\u003eleft arm\u003c/span\u003e\u003c/p\u003e\u003cp\u003e\u003cb\u003eroute\u003c/b\u003e: \u003cspan\u003eInjection, intramuscular\u003c/span\u003e\u003c/p\u003e\u003cp\u003e\u003cb\u003edoseQuantity\u003c/b\u003e: 5 mg\u003c/p\u003e\u003cblockquote\u003e\u003cp\u003e\u003cb\u003eperformer\u003c/b\u003e\u003c/p\u003e\u003cp\u003e\u003cb\u003efunction\u003c/b\u003e: \u003cspan\u003eOrdering Provider\u003c/span\u003e\u003c/p\u003e\u003cp\u003e\u003cb\u003eactor\u003c/b\u003e: \u003ca\u003eGenerated Summary: id: example; id: 23; active; Adam Careful \u003c/a\u003e\u003c/p\u003e\u003c/blockquote\u003e\u003cblockquote\u003e\u003cp\u003e\u003cb\u003eperformer\u003c/b\u003e\u003c/p\u003e\u003cp\u003e\u003cb\u003efunction\u003c/b\u003e: \u003cspan\u003eAdministering Provider\u003c/span\u003e\u003c/p\u003e\u003cp\u003e\u003cb\u003eactor\u003c/b\u003e: \u003ca\u003eGenerated Summary: id: example; id: 23; active; Adam Careful \u003c/a\u003e\u003c/p\u003e\u003c/blockquote\u003e\u003cp\u003e\u003cb\u003eisSubpotent\u003c/b\u003e: false\u003c/p\u003e\u003cp\u003e\u003cb\u003eprogramEligibility\u003c/b\u003e: \u003cspan\u003eNot Eligible\u003c/span\u003e\u003c/p\u003e\u003cp\u003e\u003cb\u003efundingSource\u003c/b\u003e: \u003cspan\u003ePrivate\u003c/span\u003e\u003c/p\u003e\u003cblockquote\u003e\u003cp\u003e\u003cb\u003eprotocolApplied\u003c/b\u003e\u003c/p\u003e\u003cp\u003e\u003cb\u003eseries\u003c/b\u003e: 2-dose\u003c/p\u003e\u003cp\u003e\u003cb\u003etargetDisease\u003c/b\u003e: \u003cspan\u003eViral hepatitis, type A\u003c/span\u003e\u003c/p\u003e\u003cp\u003e\u003cb\u003edoseNumber\u003c/b\u003e: 1\u003c/p\u003e\u003c/blockquote\u003e\u003cblockquote\u003e\u003cp\u003e\u003cb\u003eprotocolApplied\u003c/b\u003e\u003c/p\u003e\u003cp\u003e\u003cb\u003eseries\u003c/b\u003e: 3-dose\u003c/p\u003e\u003cp\u003e\u003cb\u003etargetDisease\u003c/b\u003e: \u003cspan\u003eType B viral hepatitis\u003c/span\u003e\u003c/p\u003e\u003cp\u003e\u003cb\u003edoseNumber\u003c/b\u003e: 2\u003c/p\u003e\u003cp\u003e\u003cb\u003eseriesDoses\u003c/b\u003e: 3\u003c/p\u003e\u003c/blockquote\u003e\u003c/div\u003e"
  },
  "identifier": [
    {
      "system": "urn:ietf:rfc:3986",
      "value": "urn:oid:1.3.6.1.4.1.21367.2005.3.7.1234"
    }
  ],
  "status": "completed",
  "vaccineCode": {
    "coding": [
      {
        "system": "http://hl7.org/fhir/sid/cvx",
        "code": "104"
      }
    ],
    "text": "Twinrix (HepA/HepB)"
  },
  "manufacturer": {
    "reference": "Organization/hl7"
  },
  "lotNumber": "PT123F",
  "expirationDate": "2018-12-15",
  "patient": {
    "reference": "Patient/example"
  },
  "encounter": {
    "reference": "Encounter/example"
  },
  "occurrenceDateTime": "2018-06-18",
  "primarySource": true,
  "location": {
    "reference": "Location/1"
  },
  "site": {
    "coding": [
      {
        "system": "http://terminology.hl7.org/CodeSystem/v3-ActSite",
        "code": "LA",
        "display": "left arm"
      }
    ]
  },
  "route": {
    "coding": [
      {
        "system": "http://terminology.hl7.org/CodeSystem/v3-RouteOfAdministration",
        "code": "IM",
        "display": "Injection, intramuscular"
      }
    ]
  },
  "doseQuantity": {
    "value": 5,
    "system": "http://unitsofmeasure.org",
    "code": "mg"
  },
  "performer": [
    {
      "function": {
        "coding": [
          {
            "system": "http://terminology.hl7.org/CodeSystem/v2-0443",
            "code": "OP"
          }
        ]
      },
      "actor": {
        "reference": "Practitioner/example"
      }
    },
    {
      "function": {
        "coding": [
          {
            "system": "http://terminology.hl7.org/CodeSystem/v2-0443",
            "code": "AP"
          }
        ]
      },
      "actor": {
        "reference": "Practitioner/example"
      }
    }
  ],
  "isSubpotent": false,
  "programEligibility": [
    {
      "coding": [
        {
          "system": "http://terminology.hl7.org/CodeSystem/immunization-program-eligibility",
          "code": "ineligible"
        }
      ]
    }
  ],
  "fundingSource": {
    "coding": [
      {
        "system": "http://terminology.hl7.org/CodeSystem/immunization-funding-source",
        "code": "private"
      }
    ]
  },
  "protocolApplied": [
    {
      "series": "2-dose",
      "targetDisease": [
        {
          "coding": [
            {
              "system": "http://snomed.info/sct",
              "code": "40468003"
            }
          ]
        }
      ],
      "doseNumber": "1"
    },
    {
      "series": "3-dose",
      "targetDisease": [
        {
          "coding": [
            {
              "system": "http://snomed.info/sct",
              "code": "66071002"
            }
          ]
        }
      ],
      "doseNumber": "2",
      "seriesDoses": "3"
    }
  ],
  "meta": {
    "tag": [
      {
        "system": "http://terminology.hl7.org/CodeSystem/v3-ActReason",
        "code": "HTEST",
        "display": "test health data"
      }
    ]
  }
}