{
  "resourceType": "MedicationDispense",
  "id": "meddisp0326",
  "text": {
    "status": "generated",
    "div": "\u003cdiv xmlns\u003d\"http://www.w3.org/1999/xhtml\"\u003e\u003cp\u003e\u003cb\u003eGenerated Narrative\u003c/b\u003e\u003c/p\u003e\u003cp\u003e\u003cb\u003eid\u003c/b\u003e: meddisp0326\u003c/p\u003e\u003cp\u003e\u003cb\u003estatus\u003c/b\u003e: in-progress\u003c/p\u003e\u003cp\u003e\u003cb\u003emedication\u003c/b\u003e: \u003c/p\u003e\u003cp\u003e\u003cb\u003esubject\u003c/b\u003e: \u003ca\u003eDonald Duck. Generated Summary: id: pat1; Medical record number: 654321 (USUAL); active; Duck Donald (OFFICIAL); gender: male; \u003c/a\u003e\u003c/p\u003e\u003ch3\u003ePerformers\u003c/h3\u003e\u003ctable\u003e\u003ctr\u003e\u003ctd\u003e-\u003c/td\u003e\u003ctd\u003e\u003cb\u003eActor\u003c/b\u003e\u003c/td\u003e\u003c/tr\u003e\u003ctr\u003e\u003ctd\u003e*\u003c/td\u003e\u003ctd\u003e\u003ca\u003eGenerated Summary: id: f006; id: 937223645 (OFFICIAL), id: 134IDY41W988 (USUAL); Rob van den Berk (OFFICIAL); ph: 0205569288(WORK), R.A.vandenberk@bmc.nl(WORK), fax: 0205664987(WORK); gender: male; birthDate: 1975-12-07\u003c/a\u003e\u003c/td\u003e\u003c/tr\u003e\u003c/table\u003e\u003cp\u003e\u003cb\u003eauthorizingPrescription\u003c/b\u003e: \u003ca\u003eGenerated Summary: id: medrx0313; id: 12345689 (OFFICIAL); status: completed; intent: order; \u003cspan\u003eAzithromycin 250mg capsule (product)\u003c/span\u003e; authoredOn: 2015-01-15; \u003cspan\u003eTraveller\u0027s Diarrhea (disorder)\u003c/span\u003e; \u003c/a\u003e\u003c/p\u003e\u003cp\u003e\u003cb\u003etype\u003c/b\u003e: \u003cspan\u003etrial Fill\u003c/span\u003e\u003c/p\u003e\u003cp\u003e\u003cb\u003equantity\u003c/b\u003e: 5 TAB\u003c/p\u003e\u003cp\u003e\u003cb\u003edaysSupply\u003c/b\u003e: 5 Day\u003c/p\u003e\u003cp\u003e\u003cb\u003ewhenPrepared\u003c/b\u003e: Jan 15, 2015 10:20:00 AM\u003c/p\u003e\u003cp\u003e\u003cb\u003edosageInstruction\u003c/b\u003e: \u003c/p\u003e\u003c/div\u003e"
  },
  "status": "in-progress",
  "medication": {
    "concept": {
      "coding": [
        {
          "system": "http://www.nlm.nih.gov/research/umls/rxnorm",
          "code": "226827",
          "display": "Azithromycin 500mg oral tablet (Zithromax)"
        }
      ]
    }
  },
  "subject": {
    "reference": "Patient/pat1",
    "display": "Donald Duck"
  },
  "performer": [
    {
      "actor": {
        "reference": "Practitioner/f006"
      }
    }
  ],
  "authorizingPrescription": [
    {
      "reference": "MedicationRequest/medrx0313"
    }
  ],
  "type": {
    "coding": [
      {
        "system": "http://terminology.hl7.org/CodeSystem/v3-ActCode",
        "code": "TF",
        "display": "trial Fill"
      }
    ]
  },
  "quantity": {
    "value": 5,
    "system": "http://terminology.hl7.org/CodeSystem/v3-orderableDrugForm",
    "code": "TAB"
  },
  "daysSupply": {
    "value": 5,
    "unit": "Day",
    "system": "http://unitsofmeasure.org",
    "code": "d"
  },
  "whenPrepared": "2015-01-15T10:20:00Z",
  "dosageInstruction": [
    {
      "sequence": 1,
      "text": "500mg daily for 5 days",
      "additionalInstruction": [
        {
          "coding": [
            {
              "system": "http://snomed.info/sct",
              "code": "421984009",
              "display": "Until finished - dosing instruction fragment (qualifier value)"
            }
          ]
        }
      ],
      "timing": {
        "repeat": {
          "frequency": 1,
          "period": 1,
          "periodUnit": "d"
        }
      },
      "route": {
        "coding": [
          {
            "system": "http://snomed.info/sct",
            "code": "26643006",
            "display": "Oral Route (qualifier value)"
          }
        ]
      },
      "doseAndRate": [
        {
          "type": {
            "coding": [
              {
                "system": "http://terminology.hl7.org/CodeSystem/dose-rate-type",
                "code": "ordered",
                "display": "Ordered"
              }
            ]
          },
          "doseQuantity": {
            "value": 500,
            "unit": "mg",
            "system": "http://unitsofmeasure.org",
            "code": "mg"
          }
        }
      ]
    }
  ],
  "meta": {
    "tag": [
      {
        "system": "http://terminology.hl7.org/CodeSystem/v3-ActReason",
        "code": "HTEST",
        "display": "test health data"
      }
    ]
  }
}