{
  "resourceType": "Bundle",
  "id": "00b99077-2bda-436e-98cc-a4f65d6c2fe0",
  "type": "subscription-notification",
  "timestamp": "2020-04-17T10:24:13.1882432-05:00",
  "entry": [
    {
      "fullUrl": "urn:uuid:d195d9b8-6f78-4d71-9d22-3c1a923bfea5",
      "resource": {
        "resourceType": "SubscriptionStatus",
        "id": "d195d9b8-6f78-4d71-9d22-3c1a923bfea5",
        "text": {
          "status": "generated",
          "div": "\u003cdiv xmlns\u003d\"http://www.w3.org/1999/xhtml\"\u003e\u003cp\u003e\u003cb\u003eGenerated Narrative\u003c/b\u003e\u003c/p\u003e\u003cp\u003e\u003cb\u003eid\u003c/b\u003e: d195d9b8-6f78-4d71-9d22-3c1a923bfea5\u003c/p\u003e\u003cp\u003e\u003cb\u003etype\u003c/b\u003e: event-notification\u003c/p\u003e\u003cp\u003e\u003cb\u003eeventsSinceSubscriptionStart\u003c/b\u003e: \u003c/p\u003e\u003cp\u003e\u003cb\u003eeventsInNotification\u003c/b\u003e: 1\u003c/p\u003e\u003cp\u003e\u003cb\u003esubscription\u003c/b\u003e: \u003ca\u003ehttp://example.org/FHIR/R5/Subscription/123\u003c/a\u003e\u003c/p\u003e\u003cp\u003e\u003cb\u003estatus\u003c/b\u003e: active\u003c/p\u003e\u003cp\u003e\u003cb\u003etopic\u003c/b\u003e: \u003ca\u003ehttp://example.org/FHIR/R5/SubscriptionTopic/admission\u003c/a\u003e\u003c/p\u003e\u003c/div\u003e"
        },
        "type": "event-notification",
        "eventsSinceSubscriptionStart": "310",
        "eventsInNotification": 1,
        "subscription": {
          "reference": "http://example.org/FHIR/R5/Subscription/123"
        },
        "status": "active",
        "topic": "http://example.org/FHIR/R5/SubscriptionTopic/admission"
      }
    },
    {
      "fullUrl": "https://example.org/FHIR/R5/Encounter/3",
      "resource": {
        "resourceType": "Encounter",
        "id": "3",
        "meta": {
          "versionId": "1",
          "lastUpdated": "2019-08-07T10:49:22Z"
        },
        "text": {
          "status": "generated",
          "div": "\u003cdiv xmlns\u003d\"http://www.w3.org/1999/xhtml\"\u003e\u003cp\u003e\u003cb\u003eGenerated Narrative\u003c/b\u003e\u003c/p\u003e\u003cp\u003e\u003cb\u003eid\u003c/b\u003e: 3\u003c/p\u003e\u003cp\u003e\u003cb\u003emeta\u003c/b\u003e: \u003c/p\u003e\u003cp\u003e\u003cb\u003estatus\u003c/b\u003e: in-progress\u003c/p\u003e\u003cp\u003e\u003cb\u003eclass\u003c/b\u003e: \u003cspan\u003evirtual\u003c/span\u003e\u003c/p\u003e\u003cp\u003e\u003cb\u003esubject\u003c/b\u003e: \u003ca\u003ePatient/123\u003c/a\u003e\u003c/p\u003e\u003c/div\u003e"
        },
        "status": "in-progress",
        "class": {
          "system": "http://terminology.hl7.org/CodeSystem/v3-ActCode",
          "code": "VR",
          "display": "virtual"
        },
        "subject": {
          "reference": "Patient/123"
        }
      },
      "request": {
        "method": "PUT",
        "url": "Encounter/3"
      },
      "response": {
        "status": "201"
      }
    }
  ],
  "meta": {
    "tag": [
      {
        "system": "http://terminology.hl7.org/CodeSystem/v3-ActReason",
        "code": "HTEST",
        "display": "test health data"
      }
    ]
  }
}