{
  "resourceType": "Observation",
  "id": "unsat",
  "text": {
    "status": "generated",
    "div": "\u003cdiv xmlns\u003d\"http://www.w3.org/1999/xhtml\"\u003e\u003cp\u003e\u003cb\u003eGenerated Narrative\u003c/b\u003e\u003c/p\u003e\u003cp\u003e\u003cb\u003eid\u003c/b\u003e: unsat\u003c/p\u003e\u003cp\u003e\u003cb\u003eidentifier\u003c/b\u003e: id: 6323 (OFFICIAL)\u003c/p\u003e\u003cp\u003e\u003cb\u003estatus\u003c/b\u003e: cancelled\u003c/p\u003e\u003cp\u003e\u003cb\u003ecode\u003c/b\u003e: \u003cspan\u003eGlucose [Moles/volume] in Blood\u003c/span\u003e\u003c/p\u003e\u003cp\u003e\u003cb\u003esubject\u003c/b\u003e: \u003ca\u003eP. van de Heuvel. Generated Summary: id: f001; id: 738472983 (USUAL), id: ?ngen-9? (USUAL); active; Pieter van de Heuvel ; ph: 0648352638(MOBILE), p.heuvel@gmail.com(HOME); gender: male; birthDate: 1944-11-17; \u003cspan\u003eGetrouwd\u003c/span\u003e; multipleBirth\u003c/a\u003e\u003c/p\u003e\u003cp\u003e\u003cb\u003eeffective\u003c/b\u003e: Apr 2, 2013 9:30:10 AM --\u0026gt; Apr 5, 2013 9:30:10 AM\u003c/p\u003e\u003cp\u003e\u003cb\u003eissued\u003c/b\u003e: Apr 3, 2013 3:30:10 PM\u003c/p\u003e\u003cp\u003e\u003cb\u003eperformer\u003c/b\u003e: \u003ca\u003eA. Langeveld. Generated Summary: id: f005; id: 118265112 (OFFICIAL), id: 191REW8WE916 (USUAL); Langeveld Anne (OFFICIAL); ph: 0205563847(WORK), a.langeveld@bmc.nl(WORK), fax: 0205668916(WORK); gender: female; birthDate: 1959-03-11; \u003cspan\u003eFrance\u003c/span\u003e\u003c/a\u003e\u003c/p\u003e\u003cp\u003e\u003cb\u003edataAbsentReason\u003c/b\u003e: \u003cspan\u003eSpecimen unsatisfactory for evaluation\u003c/span\u003e\u003c/p\u003e\u003cp\u003e\u003cb\u003enote\u003c/b\u003e: Tube broken in transit and sample leaked\u003c/p\u003e\u003ch3\u003eReferenceRanges\u003c/h3\u003e\u003ctable\u003e\u003ctr\u003e\u003ctd\u003e-\u003c/td\u003e\u003ctd\u003e\u003cb\u003eLow\u003c/b\u003e\u003c/td\u003e\u003ctd\u003e\u003cb\u003eHigh\u003c/b\u003e\u003c/td\u003e\u003c/tr\u003e\u003ctr\u003e\u003ctd\u003e*\u003c/td\u003e\u003ctd\u003e3.1 mmol/l\u003c/td\u003e\u003ctd\u003e6.2 mmol/l\u003c/td\u003e\u003c/tr\u003e\u003c/table\u003e\u003c/div\u003e"
  },
  "identifier": [
    {
      "use": "official",
      "system": "http://www.bmc.nl/zorgportal/identifiers/observations",
      "value": "6323"
    }
  ],
  "status": "cancelled",
  "code": {
    "coding": [
      {
        "system": "http://loinc.org",
        "code": "15074-8",
        "display": "Glucose [Moles/volume] in Blood"
      }
    ]
  },
  "subject": {
    "reference": "Patient/f001",
    "display": "P. van de Heuvel"
  },
  "effectivePeriod": {
    "start": "2013-04-02T09:30:10+01:00",
    "end": "2013-04-05T09:30:10+01:00"
  },
  "issued": "2013-04-03T15:30:10+01:00",
  "performer": [
    {
      "reference": "Practitioner/f005",
      "display": "A. Langeveld"
    }
  ],
  "dataAbsentReason": {
    "coding": [
      {
        "system": "http://snomed.info/sct",
        "code": "125154007",
        "display": "Specimen unsatisfactory for evaluation"
      }
    ]
  },
  "note": [
    {
      "text": "Tube broken in transit and sample leaked"
    }
  ],
  "referenceRange": [
    {
      "low": {
        "value": 3.1,
        "unit": "mmol/l",
        "system": "http://unitsofmeasure.org",
        "code": "mmol/L"
      },
      "high": {
        "value": 6.2,
        "unit": "mmol/l",
        "system": "http://unitsofmeasure.org",
        "code": "mmol/L"
      }
    }
  ],
  "meta": {
    "tag": [
      {
        "system": "http://terminology.hl7.org/CodeSystem/v3-ActReason",
        "code": "HTEST",
        "display": "test health data"
      }
    ]
  }
}