{
  "resourceType": "Observation",
  "id": "bgpanel",
  "text": {
    "status": "generated",
    "div": "\u003cdiv xmlns\u003d\"http://www.w3.org/1999/xhtml\"\u003e\u003cp\u003e\u003cb\u003eGenerated Narrative\u003c/b\u003e\u003c/p\u003e\u003cp\u003e\u003cb\u003eid\u003c/b\u003e: bgpanel\u003c/p\u003e\u003cp/\u003e\u003cp\u003e\u003cb\u003ecategory\u003c/b\u003e: \u003cspan\u003eLaboratory\u003c/span\u003e\u003c/p\u003e\u003cp\u003e\u003cb\u003ecode\u003c/b\u003e: \u003cspan\u003eBlood Group Panel\u003c/span\u003e\u003c/p\u003e\u003cp\u003e\u003cb\u003esubject\u003c/b\u003e: \u003ca\u003ePatient/infant\u003c/a\u003e\u003c/p\u003e\u003cp\u003e\u003cb\u003eeffective\u003c/b\u003e: Mar 11, 2018 4:07:54 PM\u003c/p\u003e\u003cp\u003e\u003cb\u003ehasMember\u003c/b\u003e: \u003c/p\u003e\u003cul\u003e\u003cli\u003e\u003ca\u003eGenerated Summary: id: bloodgroup; \u003cspan\u003eLaboratory\u003c/span\u003e; \u003cspan\u003eBlood Group\u003c/span\u003e; effective: Mar 11, 2018 4:07:54 PM; \u003cspan\u003eA\u003c/span\u003e\u003c/a\u003e\u003c/li\u003e\u003cli\u003e\u003ca\u003eGenerated Summary: id: rhstatus; \u003cspan\u003eLaboratory\u003c/span\u003e; \u003cspan\u003eBlood Group\u003c/span\u003e; effective: Mar 11, 2018 4:07:54 PM; \u003cspan\u003eA\u003c/span\u003e\u003c/a\u003e\u003c/li\u003e\u003c/ul\u003e\u003c/div\u003e"
  },
  "status": "final",
  "category": [
    {
      "coding": [
        {
          "system": "http://terminology.hl7.org/CodeSystem/observation-category",
          "code": "laboratory",
          "display": "Laboratory"
        }
      ],
      "text": "Laboratory"
    }
  ],
  "code": {
    "coding": [
      {
        "system": "http://loinc.org",
        "code": "34532-2",
        "display": " Blood type and Indirect antibody screen panel - Blood"
      }
    ],
    "text": "Blood Group Panel"
  },
  "subject": {
    "reference": "Patient/infant"
  },
  "effectiveDateTime": "2018-03-11T16:07:54+00:00",
  "hasMember": [
    {
      "reference": "Observation/bloodgroup"
    },
    {
      "reference": "Observation/rhstatus"
    }
  ],
  "meta": {
    "tag": [
      {
        "system": "http://terminology.hl7.org/CodeSystem/v3-ActReason",
        "code": "HTEST",
        "display": "test health data"
      }
    ]
  }
}