{
  "resourceType": "Observation",
  "id": "body-height",
  "meta": {
    "profile": [
      "http://hl7.org/fhir/StructureDefinition/vitalsigns"
    ],
    "tag": [
      {
        "system": "http://terminology.hl7.org/CodeSystem/v3-ActReason",
        "code": "HTEST",
        "display": "test health data"
      }
    ]
  },
  "text": {
    "status": "generated",
    "div": "\u003cdiv xmlns\u003d\"http://www.w3.org/1999/xhtml\"\u003e\u003cp\u003e\u003cb\u003eGenerated Narrative\u003c/b\u003e\u003c/p\u003e\u003cp\u003e\u003cb\u003eid\u003c/b\u003e: body-height\u003c/p\u003e\u003cp\u003e\u003cb\u003emeta\u003c/b\u003e: \u003c/p\u003e\u003cp/\u003e\u003cp\u003e\u003cb\u003ecategory\u003c/b\u003e: \u003cspan\u003eVital Signs\u003c/span\u003e\u003c/p\u003e\u003cp\u003e\u003cb\u003ecode\u003c/b\u003e: \u003cspan\u003eBody height\u003c/span\u003e\u003c/p\u003e\u003cp\u003e\u003cb\u003esubject\u003c/b\u003e: \u003ca\u003eGenerated Summary: id: example; Medical record number: 12345 (USUAL); active; Peter James Chalmers (OFFICIAL), Jim , Peter James Windsor (MAIDEN); -unknown-(HOME), ph: (03) 5555 6473(WORK), ph: (03) 3410 5613(MOBILE), ph: (03) 5555 8834(OLD); gender: male; birthDate: 1974-12-25; \u003c/a\u003e\u003c/p\u003e\u003cp\u003e\u003cb\u003eeffective\u003c/b\u003e: 1999-07-02\u003c/p\u003e\u003cp\u003e\u003cb\u003evalue\u003c/b\u003e: 66.899999999999991 in\u003c/p\u003e\u003c/div\u003e"
  },
  "status": "final",
  "category": [
    {
      "coding": [
        {
          "system": "http://terminology.hl7.org/CodeSystem/observation-category",
          "code": "vital-signs",
          "display": "Vital Signs"
        }
      ],
      "text": "Vital Signs"
    }
  ],
  "code": {
    "coding": [
      {
        "system": "http://loinc.org",
        "code": "8302-2",
        "display": "Body height"
      }
    ],
    "text": "Body height"
  },
  "subject": {
    "reference": "Patient/example"
  },
  "effectiveDateTime": "1999-07-02",
  "valueQuantity": {
    "value": 66.899999999999991,
    "unit": "in",
    "system": "http://unitsofmeasure.org",
    "code": "[in_i]"
  }
}