{
  "resourceType": "ObservationDefinition",
  "id": "example",
  "text": {
    "status": "generated",
    "div": "\u003cdiv xmlns\u003d\"http://www.w3.org/1999/xhtml\"\u003e\u003cp\u003e\u003cb\u003eGenerated Narrative\u003c/b\u003e\u003c/p\u003e\u003cp\u003e\u003cb\u003eid\u003c/b\u003e: example\u003c/p\u003e\u003cp\u003e\u003cb\u003estatus\u003c/b\u003e: active\u003c/p\u003e\u003cp\u003e\u003cb\u003ecategory\u003c/b\u003e: \u003cspan\u003eLaboratory\u003c/span\u003e\u003c/p\u003e\u003cp\u003e\u003cb\u003ecode\u003c/b\u003e: \u003cspan\u003eAlbumin/Protein.total in Serum or Plasma by Electrophoresis\u003c/span\u003e\u003c/p\u003e\u003cp\u003e\u003cb\u003epermittedDataType\u003c/b\u003e: Quantity\u003c/p\u003e\u003cp\u003e\u003cb\u003emultipleResultsAllowed\u003c/b\u003e: false\u003c/p\u003e\u003cp\u003e\u003cb\u003emethod\u003c/b\u003e: \u003cspan\u003eTotal measurement\u003c/span\u003e\u003c/p\u003e\u003cp\u003e\u003cb\u003epreferredReportName\u003c/b\u003e: Serum albumin/​Protein total\u003c/p\u003e\u003ch3\u003eQuantitativeDetails\u003c/h3\u003e\u003ctable\u003e\u003ctr\u003e\u003ctd\u003e-\u003c/td\u003e\u003ctd\u003e\u003cb\u003eUnit\u003c/b\u003e\u003c/td\u003e\u003ctd\u003e\u003cb\u003eDecimalPrecision\u003c/b\u003e\u003c/td\u003e\u003c/tr\u003e\u003ctr\u003e\u003ctd\u003e*\u003c/td\u003e\u003ctd\u003e\u003cspan\u003e%\u003c/span\u003e\u003c/td\u003e\u003ctd\u003e0\u003c/td\u003e\u003c/tr\u003e\u003c/table\u003e\u003cblockquote\u003e\u003cp\u003e\u003cb\u003equalifiedInterval\u003c/b\u003e\u003c/p\u003e\u003cp\u003e\u003cb\u003ecategory\u003c/b\u003e: reference\u003c/p\u003e\u003cp\u003e\u003cb\u003erange\u003c/b\u003e: 50-?\u003c/p\u003e\u003cp\u003e\u003cb\u003econtext\u003c/b\u003e: \u003cspan\u003eNormal Range\u003c/span\u003e\u003c/p\u003e\u003c/blockquote\u003e\u003cblockquote\u003e\u003cp\u003e\u003cb\u003equalifiedInterval\u003c/b\u003e\u003c/p\u003e\u003cp\u003e\u003cb\u003ecategory\u003c/b\u003e: critical\u003c/p\u003e\u003cp\u003e\u003cb\u003erange\u003c/b\u003e: ?-40\u003c/p\u003e\u003cp\u003e\u003cb\u003econtext\u003c/b\u003e: \u003cspan\u003eNormal Range\u003c/span\u003e\u003c/p\u003e\u003c/blockquote\u003e\u003c/div\u003e"
  },
  "status": "active",
  "category": [
    {
      "coding": [
        {
          "system": "http://terminology.hl7.org/CodeSystem/observation-category",
          "code": "laboratory"
        }
      ]
    }
  ],
  "code": {
    "coding": [
      {
        "system": "http://loinc.org",
        "code": "13980-8",
        "display": "Albumin/Protein.total in Serum or Plasma by Electrophoresis"
      }
    ]
  },
  "permittedDataType": [
    "Quantity"
  ],
  "multipleResultsAllowed": false,
  "method": {
    "coding": [
      {
        "system": "http://snomed.info/sct",
        "code": "115341008",
        "display": "Total measurement"
      }
    ]
  },
  "preferredReportName": "Serum albumin/​Protein total",
  "quantitativeDetails": {
    "unit": {
      "coding": [
        {
          "system": "http://unitsofmeasure.org",
          "code": "%",
          "display": "%"
        }
      ]
    },
    "decimalPrecision": 0
  },
  "qualifiedInterval": [
    {
      "category": "reference",
      "range": {
        "low": {
          "value": 50
        }
      },
      "context": {
        "coding": [
          {
            "system": "http://terminology.hl7.org/CodeSystem/referencerange-meaning",
            "code": "normal",
            "display": "Normal Range"
          }
        ]
      }
    },
    {
      "category": "critical",
      "range": {
        "high": {
          "value": 40
        }
      },
      "context": {
        "coding": [
          {
            "system": "http://terminology.hl7.org/CodeSystem/referencerange-meaning",
            "code": "normal",
            "display": "Normal Range"
          }
        ]
      }
    }
  ],
  "meta": {
    "tag": [
      {
        "system": "http://terminology.hl7.org/CodeSystem/v3-ActReason",
        "code": "HTEST",
        "display": "test health data"
      }
    ]
  }
}