{
  "resourceType": "OperationDefinition",
  "id": "Resource-graph",
  "text": {
    "status": "extensions",
    "div": "\u003cdiv xmlns\u003d\"http://www.w3.org/1999/xhtml\"\u003e\u003ch2\u003eReturn a graph of resources\u003c/h2\u003e\u003cp\u003eOPERATION: Return a graph of resources\u003c/p\u003e\u003cp\u003eThe official URL for this operation definition is: \u003c/p\u003e\u003cpre\u003ehttp://hl7.org/fhir/OperationDefinition/Resource-graph\u003c/pre\u003e\u003cdiv\u003e\u003cp\u003eReturn an entire graph of resources based on a \u003ca href\u003d\"graphdefinition.html\"\u003eGraphDefinition\u003c/a\u003e. The operation is invoked on a specific instance of a resource, and the graph definition tells the server what other resources to return in the same packaage\u003c/p\u003e\n\u003c/div\u003e\u003cp\u003eURL: [base]/Resource/[id]/$graph\u003c/p\u003e\u003cp\u003eParameters\u003c/p\u003e\u003ctable class\u003d\"grid\"\u003e\u003ctr\u003e\u003ctd\u003e\u003cb\u003eUse\u003c/b\u003e\u003c/td\u003e\u003ctd\u003e\u003cb\u003eName\u003c/b\u003e\u003c/td\u003e\u003ctd\u003e\u003cb\u003eCardinality\u003c/b\u003e\u003c/td\u003e\u003ctd\u003e\u003cb\u003eType\u003c/b\u003e\u003c/td\u003e\u003ctd\u003e\u003cb\u003eBinding\u003c/b\u003e\u003c/td\u003e\u003ctd\u003e\u003cb\u003eDocumentation\u003c/b\u003e\u003c/td\u003e\u003c/tr\u003e\u003ctr\u003e\u003ctd\u003eIN\u003c/td\u003e\u003ctd\u003egraph\u003c/td\u003e\u003ctd\u003e1..1\u003c/td\u003e\u003ctd\u003e\u003ca href\u003d\"datatypes.html#uri\"\u003euri\u003c/a\u003e\u003c/td\u003e\u003ctd/\u003e\u003ctd\u003e\u003cdiv\u003e\u003cp\u003eServers MAY choose to allow any graph definition to be specified, but MAY require that the client choose a graph definition from a specific list of known supported definitions. The server is not required to support a formal definition of the graph on the end point\u003c/p\u003e\n\u003c/div\u003e\u003c/td\u003e\u003c/tr\u003e\u003ctr\u003e\u003ctd\u003eOUT\u003c/td\u003e\u003ctd\u003eresult\u003c/td\u003e\u003ctd\u003e1..1\u003c/td\u003e\u003ctd\u003e\u003ca href\u003d\"bundle.html\"\u003eBundle\u003c/a\u003e\u003c/td\u003e\u003ctd/\u003e\u003ctd\u003e\u003cdiv\u003e\u003cp\u003eThe set of resources that were in the graph based on the provided definition\u003c/p\u003e\n\u003c/div\u003e\u003c/td\u003e\u003c/tr\u003e\u003c/table\u003e\u003cdiv/\u003e\u003c/div\u003e"
  },
  "extension": [
    {
      "url": "http://hl7.org/fhir/StructureDefinition/structuredefinition-fmm",
      "valueInteger": 1
    },
    {
      "url": "http://hl7.org/fhir/StructureDefinition/structuredefinition-standards-status",
      "valueCode": "trial-use"
    }
  ],
  "url": "http://hl7.org/fhir/OperationDefinition/Resource-graph",
  "version": "4.4.0",
  "name": "Return a graph of resources",
  "status": "draft",
  "kind": "operation",
  "date": "2020-08-14T05:51:36+00:00",
  "publisher": "HL7 (FHIR Project)",
  "contact": [
    {
      "telecom": [
        {
          "system": "url",
          "value": "http://hl7.org/fhir"
        },
        {
          "system": "email",
          "value": "fhir@lists.hl7.org"
        }
      ]
    }
  ],
  "description": "Return an entire graph of resources based on a [GraphDefinition](graphdefinition.html). The operation is invoked on a specific instance of a resource, and the graph definition tells the server what other resources to return in the same packaage",
  "code": "graph",
  "resource": [
    "Resource"
  ],
  "system": false,
  "type": false,
  "instance": true,
  "parameter": [
    {
      "name": "graph",
      "use": "in",
      "min": 1,
      "max": "1",
      "documentation": "Servers MAY choose to allow any graph definition to be specified, but MAY require that the client choose a graph definition from a specific list of known supported definitions. The server is not required to support a formal definition of the graph on the end point",
      "type": "uri"
    },
    {
      "name": "result",
      "use": "out",
      "min": 1,
      "max": "1",
      "documentation": "The set of resources that were in the graph based on the provided definition",
      "type": "Bundle"
    }
  ]
}