{
  "resourceType": "OperationDefinition",
  "id": "CoverageEligibilityRequest-submit",
  "text": {
    "status": "extensions",
    "div": "\u003cdiv xmlns\u003d\"http://www.w3.org/1999/xhtml\"\u003e\u003ch2\u003eSubmit an EligibilityRequest resource for assessment\u003c/h2\u003e\u003cp\u003eOPERATION: Submit an EligibilityRequest resource for assessment\u003c/p\u003e\u003cp\u003eThe official URL for this operation definition is: \u003c/p\u003e\u003cpre\u003ehttp://hl7.org/fhir/OperationDefinition/CoverageEligibilityRequest-submit\u003c/pre\u003e\u003cdiv\u003e\u003cp\u003eThis operation is used to submit an EligibilityRequest for assessment either as a single EligibilityRequest resource instance or as a Bundle containing the EligibilityRequest and other referenced resources, or Bundle containing a batch of EligibilityRequest resources, either as single EligibilityRequests resources or Bundle resources, for processing. The only input parameter is the single EligibilityRequest or Bundle resource and the only output is a single EligibilityResponse, Bundle of EligibilityResponses or an OperationOutcome resource.\u003c/p\u003e\n\u003c/div\u003e\u003cp\u003eURL: [base]/CoverageEligibilityRequest/$submit\u003c/p\u003e\u003cp\u003eParameters\u003c/p\u003e\u003ctable class\u003d\"grid\"\u003e\u003ctr\u003e\u003ctd\u003e\u003cb\u003eUse\u003c/b\u003e\u003c/td\u003e\u003ctd\u003e\u003cb\u003eName\u003c/b\u003e\u003c/td\u003e\u003ctd\u003e\u003cb\u003eCardinality\u003c/b\u003e\u003c/td\u003e\u003ctd\u003e\u003cb\u003eType\u003c/b\u003e\u003c/td\u003e\u003ctd\u003e\u003cb\u003eBinding\u003c/b\u003e\u003c/td\u003e\u003ctd\u003e\u003cb\u003eDocumentation\u003c/b\u003e\u003c/td\u003e\u003c/tr\u003e\u003ctr\u003e\u003ctd\u003eIN\u003c/td\u003e\u003ctd\u003eresource\u003c/td\u003e\u003ctd\u003e1..1\u003c/td\u003e\u003ctd\u003e\u003ca href\u003d\"resource.html\"\u003eResource\u003c/a\u003e\u003c/td\u003e\u003ctd/\u003e\u003ctd\u003e\u003cdiv\u003e\u003cp\u003eAn EligibilityRequest resource or Bundle of EligibilityRequests, either as individual EligibilityRequest resources or as Bundles each containing a single EligibilityRequest plus referenced resources.\u003c/p\u003e\n\u003c/div\u003e\u003c/td\u003e\u003c/tr\u003e\u003ctr\u003e\u003ctd\u003eOUT\u003c/td\u003e\u003ctd\u003ereturn\u003c/td\u003e\u003ctd\u003e1..1\u003c/td\u003e\u003ctd\u003e\u003ca href\u003d\"resource.html\"\u003eResource\u003c/a\u003e\u003c/td\u003e\u003ctd/\u003e\u003ctd\u003e\u003cdiv\u003e\u003cp\u003eAn EligibilityResponse resource or Bundle of EligibilityResponse responses, either as individual EligibilityResponse resources or as Bundles each containing a single EligibilityResponse plus referenced resources.\u003c/p\u003e\n\u003c/div\u003e\u003c/td\u003e\u003c/tr\u003e\u003c/table\u003e\u003cdiv/\u003e\u003c/div\u003e"
  },
  "extension": [
    {
      "url": "http://hl7.org/fhir/StructureDefinition/structuredefinition-fmm",
      "valueInteger": 2
    },
    {
      "url": "http://hl7.org/fhir/StructureDefinition/structuredefinition-standards-status",
      "valueCode": "trial-use"
    }
  ],
  "url": "http://hl7.org/fhir/OperationDefinition/CoverageEligibilityRequest-submit",
  "version": "4.5.0",
  "name": "Submit an EligibilityRequest resource for assessment",
  "status": "draft",
  "kind": "operation",
  "date": "2020-09-09T21:25:03+00:00",
  "publisher": "HL7 (FHIR Project)",
  "contact": [
    {
      "telecom": [
        {
          "system": "url",
          "value": "http://hl7.org/fhir"
        },
        {
          "system": "email",
          "value": "fhir@lists.hl7.org"
        }
      ]
    }
  ],
  "description": "This operation is used to submit an EligibilityRequest for assessment either as a single EligibilityRequest resource instance or as a Bundle containing the EligibilityRequest and other referenced resources, or Bundle containing a batch of EligibilityRequest resources, either as single EligibilityRequests resources or Bundle resources, for processing. The only input parameter is the single EligibilityRequest or Bundle resource and the only output is a single EligibilityResponse, Bundle of EligibilityResponses or an OperationOutcome resource.",
  "code": "submit",
  "resource": [
    "CoverageEligibilityRequest"
  ],
  "system": false,
  "type": true,
  "instance": false,
  "parameter": [
    {
      "name": "resource",
      "use": "in",
      "min": 1,
      "max": "1",
      "documentation": "An EligibilityRequest resource or Bundle of EligibilityRequests, either as individual EligibilityRequest resources or as Bundles each containing a single EligibilityRequest plus referenced resources.",
      "type": "Resource"
    },
    {
      "name": "return",
      "use": "out",
      "min": 1,
      "max": "1",
      "documentation": "An EligibilityResponse resource or Bundle of EligibilityResponse responses, either as individual EligibilityResponse resources or as Bundles each containing a single EligibilityResponse plus referenced resources.",
      "type": "Resource"
    }
  ]
}