{
  "resourceType": "OperationDefinition",
  "id": "PlanDefinition-apply",
  "text": {
    "status": "extensions",
    "div": "\u003cdiv xmlns\u003d\"http://www.w3.org/1999/xhtml\"\u003e\u003ch2\u003eApply\u003c/h2\u003e\u003cp\u003eOPERATION: Apply\u003c/p\u003e\u003cp\u003eThe official URL for this operation definition is: \u003c/p\u003e\u003cpre\u003ehttp://hl7.org/fhir/OperationDefinition/PlanDefinition-apply\u003c/pre\u003e\u003cdiv\u003e\u003cp\u003eThe apply operation applies a PlanDefinition to a given context\u003c/p\u003e\n\u003c/div\u003e\u003cp\u003eURL: [base]/PlanDefinition/$apply\u003c/p\u003e\u003cp\u003eURL: [base]/PlanDefinition/[id]/$apply\u003c/p\u003e\u003cp\u003eParameters\u003c/p\u003e\u003ctable class\u003d\"grid\"\u003e\u003ctr\u003e\u003ctd\u003e\u003cb\u003eUse\u003c/b\u003e\u003c/td\u003e\u003ctd\u003e\u003cb\u003eName\u003c/b\u003e\u003c/td\u003e\u003ctd\u003e\u003cb\u003eCardinality\u003c/b\u003e\u003c/td\u003e\u003ctd\u003e\u003cb\u003eType\u003c/b\u003e\u003c/td\u003e\u003ctd\u003e\u003cb\u003eBinding\u003c/b\u003e\u003c/td\u003e\u003ctd\u003e\u003cb\u003eDocumentation\u003c/b\u003e\u003c/td\u003e\u003c/tr\u003e\u003ctr\u003e\u003ctd\u003eIN\u003c/td\u003e\u003ctd\u003eplanDefinition\u003c/td\u003e\u003ctd\u003e0..1\u003c/td\u003e\u003ctd\u003e\u003ca href\u003d\"plandefinition.html\"\u003ePlanDefinition\u003c/a\u003e\u003c/td\u003e\u003ctd/\u003e\u003ctd\u003e\u003cdiv\u003e\u003cp\u003eThe plan definition to be applied. If the operation is invoked at the instance level, this parameter is not allowed; if the operation is invoked at the type level, this parameter is required\u003c/p\u003e\n\u003c/div\u003e\u003c/td\u003e\u003c/tr\u003e\u003ctr\u003e\u003ctd\u003eIN\u003c/td\u003e\u003ctd\u003esubject\u003c/td\u003e\u003ctd\u003e1..*\u003c/td\u003e\u003ctd\u003e\u003ca href\u003d\"datatypes.html#string\"\u003estring\u003c/a\u003e\u003cbr/\u003e(\u003ca href\u003d\"search.html#reference\"\u003ereference\u003c/a\u003e)\u003c/td\u003e\u003ctd/\u003e\u003ctd\u003e\u003cdiv\u003e\u003cp\u003eThe subject(s) that is/are the target of the plan to be applied. The subject may be a Patient, Practitioner, Organization, Location, Device, or Group. Subjects provided in this parameter will be resolved as the subject of the PlanDefinition based on the type of the subject. If multiple subjects of the same type are provided, the behavior is implementation-defined\u003c/p\u003e\n\u003c/div\u003e\u003c/td\u003e\u003c/tr\u003e\u003ctr\u003e\u003ctd\u003eIN\u003c/td\u003e\u003ctd\u003eencounter\u003c/td\u003e\u003ctd\u003e0..1\u003c/td\u003e\u003ctd\u003e\u003ca href\u003d\"datatypes.html#string\"\u003estring\u003c/a\u003e\u003cbr/\u003e(\u003ca href\u003d\"search.html#reference\"\u003ereference\u003c/a\u003e)\u003c/td\u003e\u003ctd/\u003e\u003ctd\u003e\u003cdiv\u003e\u003cp\u003eThe encounter in context, if any\u003c/p\u003e\n\u003c/div\u003e\u003c/td\u003e\u003c/tr\u003e\u003ctr\u003e\u003ctd\u003eIN\u003c/td\u003e\u003ctd\u003epractitioner\u003c/td\u003e\u003ctd\u003e0..1\u003c/td\u003e\u003ctd\u003e\u003ca href\u003d\"datatypes.html#string\"\u003estring\u003c/a\u003e\u003cbr/\u003e(\u003ca href\u003d\"search.html#reference\"\u003ereference\u003c/a\u003e)\u003c/td\u003e\u003ctd/\u003e\u003ctd\u003e\u003cdiv\u003e\u003cp\u003eThe practitioner applying the plan definition\u003c/p\u003e\n\u003c/div\u003e\u003c/td\u003e\u003c/tr\u003e\u003ctr\u003e\u003ctd\u003eIN\u003c/td\u003e\u003ctd\u003eorganization\u003c/td\u003e\u003ctd\u003e0..1\u003c/td\u003e\u003ctd\u003e\u003ca href\u003d\"datatypes.html#string\"\u003estring\u003c/a\u003e\u003cbr/\u003e(\u003ca href\u003d\"search.html#reference\"\u003ereference\u003c/a\u003e)\u003c/td\u003e\u003ctd/\u003e\u003ctd\u003e\u003cdiv\u003e\u003cp\u003eThe organization applying the plan definition\u003c/p\u003e\n\u003c/div\u003e\u003c/td\u003e\u003c/tr\u003e\u003ctr\u003e\u003ctd\u003eIN\u003c/td\u003e\u003ctd\u003euserType\u003c/td\u003e\u003ctd\u003e0..1\u003c/td\u003e\u003ctd\u003e\u003ca href\u003d\"datatypes.html#CodeableConcept\"\u003eCodeableConcept\u003c/a\u003e\u003c/td\u003e\u003ctd/\u003e\u003ctd\u003e\u003cdiv\u003e\u003cp\u003eThe type of user initiating the request, e.g. patient, healthcare provider, or specific type of healthcare provider (physician, nurse, etc.)\u003c/p\u003e\n\u003c/div\u003e\u003c/td\u003e\u003c/tr\u003e\u003ctr\u003e\u003ctd\u003eIN\u003c/td\u003e\u003ctd\u003euserLanguage\u003c/td\u003e\u003ctd\u003e0..1\u003c/td\u003e\u003ctd\u003e\u003ca href\u003d\"datatypes.html#CodeableConcept\"\u003eCodeableConcept\u003c/a\u003e\u003c/td\u003e\u003ctd/\u003e\u003ctd\u003e\u003cdiv\u003e\u003cp\u003ePreferred language of the person using the system\u003c/p\u003e\n\u003c/div\u003e\u003c/td\u003e\u003c/tr\u003e\u003ctr\u003e\u003ctd\u003eIN\u003c/td\u003e\u003ctd\u003euserTaskContext\u003c/td\u003e\u003ctd\u003e0..1\u003c/td\u003e\u003ctd\u003e\u003ca href\u003d\"datatypes.html#CodeableConcept\"\u003eCodeableConcept\u003c/a\u003e\u003c/td\u003e\u003ctd/\u003e\u003ctd\u003e\u003cdiv\u003e\u003cp\u003eThe task the system user is performing, e.g. laboratory results review, medication list review, etc. This information can be used to tailor decision support outputs, such as recommended information resources\u003c/p\u003e\n\u003c/div\u003e\u003c/td\u003e\u003c/tr\u003e\u003ctr\u003e\u003ctd\u003eIN\u003c/td\u003e\u003ctd\u003esetting\u003c/td\u003e\u003ctd\u003e0..1\u003c/td\u003e\u003ctd\u003e\u003ca href\u003d\"datatypes.html#CodeableConcept\"\u003eCodeableConcept\u003c/a\u003e\u003c/td\u003e\u003ctd/\u003e\u003ctd\u003e\u003cdiv\u003e\u003cp\u003eThe current setting of the request (inpatient, outpatient, etc.)\u003c/p\u003e\n\u003c/div\u003e\u003c/td\u003e\u003c/tr\u003e\u003ctr\u003e\u003ctd\u003eIN\u003c/td\u003e\u003ctd\u003esettingContext\u003c/td\u003e\u003ctd\u003e0..1\u003c/td\u003e\u003ctd\u003e\u003ca href\u003d\"datatypes.html#CodeableConcept\"\u003eCodeableConcept\u003c/a\u003e\u003c/td\u003e\u003ctd/\u003e\u003ctd\u003e\u003cdiv\u003e\u003cp\u003eAdditional detail about the setting of the request, if any\u003c/p\u003e\n\u003c/div\u003e\u003c/td\u003e\u003c/tr\u003e\u003ctr\u003e\u003ctd\u003eOUT\u003c/td\u003e\u003ctd\u003ereturn\u003c/td\u003e\u003ctd\u003e1..1\u003c/td\u003e\u003ctd\u003e\u003ca href\u003d\"careplan.html\"\u003eCarePlan\u003c/a\u003e\u003c/td\u003e\u003ctd/\u003e\u003ctd\u003e\u003cdiv\u003e\u003cp\u003eThe CarePlan that is the result of applying the plan definition\u003c/p\u003e\n\u003c/div\u003e\u003c/td\u003e\u003c/tr\u003e\u003c/table\u003e\u003cdiv\u003e\u003cp\u003eThe result of this operation is a CarePlan resource with a single activity represented by a RequestGroup. The RequestGroup will have actions for each of the applicable actions in the plan based on evaluating the applicability condition in context. For each applicable action, the definition is applied as described in the $apply operation of the ActivityDefinition resource, and the resulting resource is added as an activity to the CarePlan. If the ActivityDefinition includes library references, those libraries will be available to the evaluated expressions. If those libraries have parameters, those parameters will be bound by name to the parameters given to the operation. In addition, parameters to the $apply operation are available within dynamicValue expressions as context variables, accessible by the name of the parameter, prefixed with a percent (%) symbol. For a more detailed description, refer to the PlanDefinition and ActivityDefinition resource documentation\u003c/p\u003e\n\u003c/div\u003e\u003c/div\u003e"
  },
  "extension": [
    {
      "url": "http://hl7.org/fhir/StructureDefinition/structuredefinition-fmm",
      "valueInteger": 2
    },
    {
      "url": "http://hl7.org/fhir/StructureDefinition/structuredefinition-standards-status",
      "valueCode": "trial-use"
    }
  ],
  "url": "http://hl7.org/fhir/OperationDefinition/PlanDefinition-apply",
  "version": "4.5.0",
  "name": "Apply",
  "status": "draft",
  "kind": "operation",
  "date": "2020-09-09T21:25:03+00:00",
  "publisher": "HL7 (FHIR Project)",
  "contact": [
    {
      "telecom": [
        {
          "system": "url",
          "value": "http://hl7.org/fhir"
        },
        {
          "system": "email",
          "value": "fhir@lists.hl7.org"
        }
      ]
    }
  ],
  "description": "The apply operation applies a PlanDefinition to a given context",
  "code": "apply",
  "comment": "The result of this operation is a CarePlan resource with a single activity represented by a RequestGroup. The RequestGroup will have actions for each of the applicable actions in the plan based on evaluating the applicability condition in context. For each applicable action, the definition is applied as described in the $apply operation of the ActivityDefinition resource, and the resulting resource is added as an activity to the CarePlan. If the ActivityDefinition includes library references, those libraries will be available to the evaluated expressions. If those libraries have parameters, those parameters will be bound by name to the parameters given to the operation. In addition, parameters to the $apply operation are available within dynamicValue expressions as context variables, accessible by the name of the parameter, prefixed with a percent (%) symbol. For a more detailed description, refer to the PlanDefinition and ActivityDefinition resource documentation",
  "resource": [
    "PlanDefinition"
  ],
  "system": false,
  "type": true,
  "instance": true,
  "parameter": [
    {
      "name": "planDefinition",
      "use": "in",
      "min": 0,
      "max": "1",
      "documentation": "The plan definition to be applied. If the operation is invoked at the instance level, this parameter is not allowed; if the operation is invoked at the type level, this parameter is required",
      "type": "PlanDefinition"
    },
    {
      "name": "subject",
      "use": "in",
      "min": 1,
      "max": "*",
      "documentation": "The subject(s) that is/are the target of the plan to be applied. The subject may be a Patient, Practitioner, Organization, Location, Device, or Group. Subjects provided in this parameter will be resolved as the subject of the PlanDefinition based on the type of the subject. If multiple subjects of the same type are provided, the behavior is implementation-defined",
      "type": "string",
      "searchType": "reference"
    },
    {
      "name": "encounter",
      "use": "in",
      "min": 0,
      "max": "1",
      "documentation": "The encounter in context, if any",
      "type": "string",
      "searchType": "reference"
    },
    {
      "name": "practitioner",
      "use": "in",
      "min": 0,
      "max": "1",
      "documentation": "The practitioner applying the plan definition",
      "type": "string",
      "searchType": "reference"
    },
    {
      "name": "organization",
      "use": "in",
      "min": 0,
      "max": "1",
      "documentation": "The organization applying the plan definition",
      "type": "string",
      "searchType": "reference"
    },
    {
      "name": "userType",
      "use": "in",
      "min": 0,
      "max": "1",
      "documentation": "The type of user initiating the request, e.g. patient, healthcare provider, or specific type of healthcare provider (physician, nurse, etc.)",
      "type": "CodeableConcept"
    },
    {
      "name": "userLanguage",
      "use": "in",
      "min": 0,
      "max": "1",
      "documentation": "Preferred language of the person using the system",
      "type": "CodeableConcept"
    },
    {
      "name": "userTaskContext",
      "use": "in",
      "min": 0,
      "max": "1",
      "documentation": "The task the system user is performing, e.g. laboratory results review, medication list review, etc. This information can be used to tailor decision support outputs, such as recommended information resources",
      "type": "CodeableConcept"
    },
    {
      "name": "setting",
      "use": "in",
      "min": 0,
      "max": "1",
      "documentation": "The current setting of the request (inpatient, outpatient, etc.)",
      "type": "CodeableConcept"
    },
    {
      "name": "settingContext",
      "use": "in",
      "min": 0,
      "max": "1",
      "documentation": "Additional detail about the setting of the request, if any",
      "type": "CodeableConcept"
    },
    {
      "name": "return",
      "use": "out",
      "min": 1,
      "max": "1",
      "documentation": "The CarePlan that is the result of applying the plan definition",
      "type": "CarePlan"
    }
  ]
}