{
  "resourceType": "OperationDefinition",
  "id": "Measure-collect-data",
  "text": {
    "status": "extensions",
    "div": "\u003cdiv xmlns\u003d\"http://www.w3.org/1999/xhtml\"\u003e\u003ch2\u003eCollect Data\u003c/h2\u003e\u003cp\u003eOPERATION: Collect Data\u003c/p\u003e\u003cp\u003eThe official URL for this operation definition is: \u003c/p\u003e\u003cpre\u003ehttp://hl7.org/fhir/OperationDefinition/Measure-collect-data\u003c/pre\u003e\u003cdiv\u003e\u003cp\u003eThe collect-data operation is used to collect the data-of-interest for the given measure.\u003c/p\u003e\n\u003c/div\u003e\u003cp\u003eURL: [base]/Measure/$collect-data\u003c/p\u003e\u003cp\u003eURL: [base]/Measure/[id]/$collect-data\u003c/p\u003e\u003cp\u003eParameters\u003c/p\u003e\u003ctable class\u003d\"grid\"\u003e\u003ctr\u003e\u003ctd\u003e\u003cb\u003eUse\u003c/b\u003e\u003c/td\u003e\u003ctd\u003e\u003cb\u003eName\u003c/b\u003e\u003c/td\u003e\u003ctd\u003e\u003cb\u003eCardinality\u003c/b\u003e\u003c/td\u003e\u003ctd\u003e\u003cb\u003eType\u003c/b\u003e\u003c/td\u003e\u003ctd\u003e\u003cb\u003eBinding\u003c/b\u003e\u003c/td\u003e\u003ctd\u003e\u003cb\u003eDocumentation\u003c/b\u003e\u003c/td\u003e\u003c/tr\u003e\u003ctr\u003e\u003ctd\u003eIN\u003c/td\u003e\u003ctd\u003eperiodStart\u003c/td\u003e\u003ctd\u003e1..1\u003c/td\u003e\u003ctd\u003e\u003ca href\u003d\"datatypes.html#date\"\u003edate\u003c/a\u003e\u003c/td\u003e\u003ctd/\u003e\u003ctd\u003e\u003cdiv\u003e\u003cp\u003eThe start of the measurement period. In keeping with the semantics of the date parameter used in the FHIR search operation, the period will start at the beginning of the period implied by the supplied timestamp. E.g. a value of 2014 would set the period s\u003c/p\u003e\n\u003c/div\u003e\u003c/td\u003e\u003c/tr\u003e\u003ctr\u003e\u003ctd\u003eIN\u003c/td\u003e\u003ctd\u003eperiodEnd\u003c/td\u003e\u003ctd\u003e1..1\u003c/td\u003e\u003ctd\u003e\u003ca href\u003d\"datatypes.html#date\"\u003edate\u003c/a\u003e\u003c/td\u003e\u003ctd/\u003e\u003ctd\u003e\u003cdiv\u003e\u003cp\u003eThe end of the measurement period. The period will end at the end of the period implied by the supplied timestamp. E.g. a value of 2014 would set the period end to be 2014-12-31T23:59:59 inclusive\u003c/p\u003e\n\u003c/div\u003e\u003c/td\u003e\u003c/tr\u003e\u003ctr\u003e\u003ctd\u003eIN\u003c/td\u003e\u003ctd\u003emeasure\u003c/td\u003e\u003ctd\u003e0..1\u003c/td\u003e\u003ctd\u003e\u003ca href\u003d\"datatypes.html#string\"\u003estring\u003c/a\u003e\u003cbr/\u003e(\u003ca href\u003d\"search.html#reference\"\u003ereference\u003c/a\u003e)\u003c/td\u003e\u003ctd/\u003e\u003ctd\u003e\u003cdiv\u003e\u003cp\u003eThe measure to evaluate. This parameter is only required when the operation is invoked on the resource type, it is not used when invoking the operation on a Measure instance\u003c/p\u003e\n\u003c/div\u003e\u003c/td\u003e\u003c/tr\u003e\u003ctr\u003e\u003ctd\u003eIN\u003c/td\u003e\u003ctd\u003esubject\u003c/td\u003e\u003ctd\u003e0..1\u003c/td\u003e\u003ctd\u003e\u003ca href\u003d\"datatypes.html#string\"\u003estring\u003c/a\u003e\u003cbr/\u003e(\u003ca href\u003d\"search.html#reference\"\u003ereference\u003c/a\u003e)\u003c/td\u003e\u003ctd/\u003e\u003ctd\u003e\u003cdiv\u003e\u003cp\u003eSubject for which the measure will be collected. If not specified, measure data will be collected for all subjects that meet the requirements of the measure. If specified, the measure will only be calculated for the referenced subject(s)\u003c/p\u003e\n\u003c/div\u003e\u003c/td\u003e\u003c/tr\u003e\u003ctr\u003e\u003ctd\u003eIN\u003c/td\u003e\u003ctd\u003epractitioner\u003c/td\u003e\u003ctd\u003e0..1\u003c/td\u003e\u003ctd\u003e\u003ca href\u003d\"datatypes.html#string\"\u003estring\u003c/a\u003e\u003cbr/\u003e(\u003ca href\u003d\"search.html#reference\"\u003ereference\u003c/a\u003e)\u003c/td\u003e\u003ctd/\u003e\u003ctd\u003e\u003cdiv\u003e\u003cp\u003ePractitioner for which the measure will be collected. If specified, measure data will be collected only for subjects that have a primary relationship to the identified practitioner\u003c/p\u003e\n\u003c/div\u003e\u003c/td\u003e\u003c/tr\u003e\u003ctr\u003e\u003ctd\u003eIN\u003c/td\u003e\u003ctd\u003elastReceivedOn\u003c/td\u003e\u003ctd\u003e0..1\u003c/td\u003e\u003ctd\u003e\u003ca href\u003d\"datatypes.html#dateTime\"\u003edateTime\u003c/a\u003e\u003c/td\u003e\u003ctd/\u003e\u003ctd\u003e\u003cdiv\u003e\u003cp\u003eThe date the results of this measure were last received. This parameter used to indicate when the last time data for this measure was collected. This information is used to support incremental data collection scenarios\u003c/p\u003e\n\u003c/div\u003e\u003c/td\u003e\u003c/tr\u003e\u003ctr\u003e\u003ctd\u003eOUT\u003c/td\u003e\u003ctd\u003emeasureReport\u003c/td\u003e\u003ctd\u003e1..1\u003c/td\u003e\u003ctd\u003e\u003ca href\u003d\"measurereport.html\"\u003eMeasureReport\u003c/a\u003e\u003c/td\u003e\u003ctd/\u003e\u003ctd\u003e\u003cdiv\u003e\u003cp\u003eA MeasureReport of type data-collection detailing the results of the operation\u003c/p\u003e\n\u003c/div\u003e\u003c/td\u003e\u003c/tr\u003e\u003ctr\u003e\u003ctd\u003eOUT\u003c/td\u003e\u003ctd\u003eresource\u003c/td\u003e\u003ctd\u003e0..*\u003c/td\u003e\u003ctd\u003e\u003ca href\u003d\"resource.html\"\u003eResource\u003c/a\u003e\u003c/td\u003e\u003ctd/\u003e\u003ctd\u003e\u003cdiv\u003e\u003cp\u003eThe result resources that make up the data-of-interest for the measure\u003c/p\u003e\n\u003c/div\u003e\u003c/td\u003e\u003c/tr\u003e\u003c/table\u003e\u003cdiv\u003e\u003cp\u003eThe effect of invoking this operation is to gather the data required to perform an evaluation of the measure. If the lastReceivedOn parameter is supplied, only data that is new or has been changed since the lastReceivedOn date is included in the response. Note that the resulting MeasureReport is a transient resource\u003c/p\u003e\n\u003c/div\u003e\u003c/div\u003e"
  },
  "extension": [
    {
      "url": "http://hl7.org/fhir/StructureDefinition/structuredefinition-fmm",
      "valueInteger": 2
    },
    {
      "url": "http://hl7.org/fhir/StructureDefinition/structuredefinition-standards-status",
      "valueCode": "trial-use"
    }
  ],
  "url": "http://hl7.org/fhir/OperationDefinition/Measure-collect-data",
  "version": "4.5.0",
  "name": "Collect Data",
  "status": "draft",
  "kind": "operation",
  "date": "2020-09-09T21:25:03+00:00",
  "publisher": "HL7 (FHIR Project)",
  "contact": [
    {
      "telecom": [
        {
          "system": "url",
          "value": "http://hl7.org/fhir"
        },
        {
          "system": "email",
          "value": "fhir@lists.hl7.org"
        }
      ]
    }
  ],
  "description": "The collect-data operation is used to collect the data-of-interest for the given measure.",
  "code": "collect-data",
  "comment": "The effect of invoking this operation is to gather the data required to perform an evaluation of the measure. If the lastReceivedOn parameter is supplied, only data that is new or has been changed since the lastReceivedOn date is included in the response. Note that the resulting MeasureReport is a transient resource",
  "resource": [
    "Measure"
  ],
  "system": false,
  "type": true,
  "instance": true,
  "parameter": [
    {
      "name": "periodStart",
      "use": "in",
      "min": 1,
      "max": "1",
      "documentation": "The start of the measurement period. In keeping with the semantics of the date parameter used in the FHIR search operation, the period will start at the beginning of the period implied by the supplied timestamp. E.g. a value of 2014 would set the period s",
      "type": "date"
    },
    {
      "name": "periodEnd",
      "use": "in",
      "min": 1,
      "max": "1",
      "documentation": "The end of the measurement period. The period will end at the end of the period implied by the supplied timestamp. E.g. a value of 2014 would set the period end to be 2014-12-31T23:59:59 inclusive",
      "type": "date"
    },
    {
      "name": "measure",
      "use": "in",
      "min": 0,
      "max": "1",
      "documentation": "The measure to evaluate. This parameter is only required when the operation is invoked on the resource type, it is not used when invoking the operation on a Measure instance",
      "type": "string",
      "searchType": "reference"
    },
    {
      "name": "subject",
      "use": "in",
      "min": 0,
      "max": "1",
      "documentation": "Subject for which the measure will be collected. If not specified, measure data will be collected for all subjects that meet the requirements of the measure. If specified, the measure will only be calculated for the referenced subject(s)",
      "type": "string",
      "searchType": "reference"
    },
    {
      "name": "practitioner",
      "use": "in",
      "min": 0,
      "max": "1",
      "documentation": "Practitioner for which the measure will be collected. If specified, measure data will be collected only for subjects that have a primary relationship to the identified practitioner",
      "type": "string",
      "searchType": "reference"
    },
    {
      "name": "lastReceivedOn",
      "use": "in",
      "min": 0,
      "max": "1",
      "documentation": "The date the results of this measure were last received. This parameter used to indicate when the last time data for this measure was collected. This information is used to support incremental data collection scenarios",
      "type": "dateTime"
    },
    {
      "name": "measureReport",
      "use": "out",
      "min": 1,
      "max": "1",
      "documentation": "A MeasureReport of type data-collection detailing the results of the operation",
      "type": "MeasureReport"
    },
    {
      "name": "resource",
      "use": "out",
      "min": 0,
      "max": "*",
      "documentation": "The result resources that make up the data-of-interest for the measure",
      "type": "Resource"
    }
  ]
}