{
  "resourceType": "OperationDefinition",
  "id": "Observation-stats",
  "text": {
    "status": "extensions",
    "div": "\u003cdiv xmlns\u003d\"http://www.w3.org/1999/xhtml\"\u003e\u003ch2\u003eObservation Statistics\u003c/h2\u003e\u003cp\u003eOPERATION: Observation Statistics\u003c/p\u003e\u003cp\u003eThe official URL for this operation definition is: \u003c/p\u003e\u003cpre\u003ehttp://hl7.org/fhir/OperationDefinition/Observation-stats\u003c/pre\u003e\u003cdiv\u003e\u003cp\u003eThe Statistics operation performs a set of statistical calculations on a set of clinical measurements such as a blood pressure as stored on the server.  This operation evaluates \u003ca href\u003d\"observation.html\"\u003eObservation\u003c/a\u003e resources having valueQuantity elements that have UCUM unit codes. Observations with a status of \u0027entered-in-error\u0027 will be excluded from the calculations.\u003c/p\u003e\n\u003cp\u003eThe set of Observations is defined by 4 parameters:\u003c/p\u003e\n\u003cul\u003e\n\u003cli\u003ethe subject of the observations for which the statistics are being generated (\u003ccode\u003esubject\u003c/code\u003e)\u003c/li\u003e\n\u003cli\u003ewhich observations to generate statistics for (\u003ccode\u003ecode\u003c/code\u003e and \u003ccode\u003esystem\u003c/code\u003e, or \u003ccode\u003ecoding\u003c/code\u003e)\u003c/li\u003e\n\u003cli\u003ethe time period over which to generate statistics \u0027duration\u003ccode\u003eor\u003c/code\u003eperiod`)\u003c/li\u003e\n\u003cli\u003ethe set of statistical analyses to return (\u003ccode\u003estatistic\u003c/code\u003e)\u003c/li\u003e\n\u003c/ul\u003e\n\u003cp\u003ePossible statistical analyses (see \u003ca href\u003d\"valueset-observation-statistics.html\"\u003eStatisticsCode\u003c/a\u003e):\u003c/p\u003e\n\u003cul\u003e\n\u003cli\u003e\u003cstrong\u003eaverage\u003c/strong\u003e (\u0026quot;Average\u0026quot;): The \u003ca href\u003d\"https://en.wikipedia.org/wiki/Arithmetic_mean\"\u003emean\u003c/a\u003e of N measurements over the stated period.\u003c/li\u003e\n\u003cli\u003e\u003cstrong\u003emaximum\u003c/strong\u003e (\u0026quot;Maximum\u0026quot;): The \u003ca href\u003d\"https://en.wikipedia.org/wiki/Maximal_element\"\u003emaximum\u003c/a\u003e value of N measurements over the stated period.\u003c/li\u003e\n\u003cli\u003e\u003cstrong\u003eminimum\u003c/strong\u003e (\u0026quot;Minimum\u0026quot;): The \u003ca href\u003d\"https://en.wikipedia.org/wiki/Minimal_element\"\u003eminimum\u003c/a\u003e value of N measurements over the stated period.\u003c/li\u003e\n\u003cli\u003e\u003cstrong\u003ecount\u003c/strong\u003e (\u0026quot;Count\u0026quot;): The [number] of valid measurements over the stated period that contributed to the other statistical outputs.\u003c/li\u003e\n\u003cli\u003e\u003cstrong\u003etotal-count\u003c/strong\u003e (\u0026quot;Total Count\u0026quot;): The total [number] of valid measurements over the stated period, including observations that were ignored because they did not contain valid result values.\u003c/li\u003e\n\u003cli\u003e\u003cstrong\u003emedian\u003c/strong\u003e (\u0026quot;Median\u0026quot;): The \u003ca href\u003d\"https://en.wikipedia.org/wiki/Median\"\u003emedian\u003c/a\u003e of N measurements over the stated period.\u003c/li\u003e\n\u003cli\u003e\u003cstrong\u003estd-dev\u003c/strong\u003e (\u0026quot;Standard Deviation\u0026quot;): The \u003ca href\u003d\"https://en.wikipedia.org/wiki/Standard_deviation\"\u003estandard deviation\u003c/a\u003e of N measurements over the stated period.\u003c/li\u003e\n\u003cli\u003e\u003cstrong\u003esum\u003c/strong\u003e (\u0026quot;Sum\u0026quot;): The \u003ca href\u003d\"https://en.wikipedia.org/wiki/Summation\"\u003esum\u003c/a\u003e of N measurements over the stated period.\u003c/li\u003e\n\u003cli\u003e\u003cstrong\u003evariance\u003c/strong\u003e (\u0026quot;Variance\u0026quot;): The \u003ca href\u003d\"https://en.wikipedia.org/wiki/Variance\"\u003evariance\u003c/a\u003e of N measurements over the stated period.\u003c/li\u003e\n\u003cli\u003e\u003cstrong\u003e20-percent\u003c/strong\u003e (\u0026quot;20th Percentile\u0026quot;): The 20th \u003ca href\u003d\"https://en.wikipedia.org/wiki/Percentile\"\u003ePercentile\u003c/a\u003e of N measurements over the stated period.\u003c/li\u003e\n\u003cli\u003e\u003cstrong\u003e80-percent\u003c/strong\u003e (\u0026quot;80th Percentile\u0026quot;): The 80th \u003ca href\u003d\"https://en.wikipedia.org/wiki/Percentile\"\u003ePercentile\u003c/a\u003e of N measurements over the stated period.\u003c/li\u003e\n\u003cli\u003e\u003cstrong\u003e4-lower\u003c/strong\u003e (\u0026quot;Lower Quartile\u0026quot;): The lower \u003ca href\u003d\"https://en.wikipedia.org/wiki/Quartile\"\u003eQuartile\u003c/a\u003e Boundary of N measurements over the stated period.\u003c/li\u003e\n\u003cli\u003e\u003cstrong\u003e4-upper\u003c/strong\u003e (\u0026quot;Upper Quartile\u0026quot;): The upper \u003ca href\u003d\"https://en.wikipedia.org/wiki/Quartile\"\u003eQuartile\u003c/a\u003e Boundary of N measurements over the stated period.\u003c/li\u003e\n\u003cli\u003e\u003cstrong\u003e4-dev\u003c/strong\u003e (\u0026quot;Quartile Deviation\u0026quot;): The difference between the upper and lower \u003ca href\u003d\"https://en.wikipedia.org/wiki/Quartile\"\u003eQuartiles\u003c/a\u003e is called the Interquartile range. (IQR \u003d Q3-Q1) Quartile deviation or Semi-interquartile range is one-half the difference between the first and the third quartiles.\u003c/li\u003e\n\u003cli\u003e\u003cstrong\u003e5-1\u003c/strong\u003e (\u0026quot;1st Quintile\u0026quot;): The lowest of four values that divide the N measurements into a frequency distribution of five classes with each containing one fifth of the total population.\u003c/li\u003e\n\u003cli\u003e\u003cstrong\u003e5-2\u003c/strong\u003e (\u0026quot;2nd Quintile\u0026quot;): The second of four values that divide the N measurements into a frequency distribution of five classes with each containing one fifth of the total population.\u003c/li\u003e\n\u003cli\u003e\u003cstrong\u003e5-3\u003c/strong\u003e (\u0026quot;3rd Quintile\u0026quot;): The third of four values that divide the N measurements into a frequency distribution of five classes with each containing one fifth of the total population.\u003c/li\u003e\n\u003cli\u003e\u003cstrong\u003e5-4\u003c/strong\u003e (\u0026quot;4th Quintile\u0026quot;): The fourth of four values that divide the N measurements into a frequency distribution of five classes with each containing one fifth of the total population.\u003c/li\u003e\n\u003cli\u003e\u003cstrong\u003eskew\u003c/strong\u003e (\u0026quot;Skew\u0026quot;): Skewness is a measure of the asymmetry of the probability distribution of a real-valued random variable about its mean. The skewness value can be positive or negative, or even undefined.  Source: \u003ca href\u003d\"https://en.wikipedia.org/wiki/Skewness\"\u003eWikipedia\u003c/a\u003e.\u003c/li\u003e\n\u003cli\u003e\u003cstrong\u003ekurtosis\u003c/strong\u003e (\u0026quot;Kurtosis\u0026quot;): Kurtosis  is a measure of the \u0026quot;tailedness\u0026quot; of the probability distribution of a real-valued random variable.   Source: \u003ca href\u003d\"https://en.wikipedia.org/wiki/Kurtosis\"\u003eWikipedia\u003c/a\u003e.\u003c/li\u003e\n\u003cli\u003e\u003cstrong\u003eregression\u003c/strong\u003e (\u0026quot;Regression\u0026quot;): Linear regression is an approach for modeling two-dimensional sample points with one independent variable and one dependent variable (conventionally, the x and y coordinates in a Cartesian coordinate system) and finds a linear function (a non-vertical straight line) that, as accurately as possible, predicts the dependent variable values as a function of the independent variables. Source: \u003ca href\u003d\"https://en.wikipedia.org/wiki/Simple_linear_regression\"\u003eWikipedia\u003c/a\u003e  This Statistic code will return both a gradient and an intercept value.\u003c/li\u003e\n\u003c/ul\u003e\n\u003cp\u003eIf successful, the operation returns an Observation resource for each code with the results of the statistical calculations as component value pairs where the component code \u003d the statistical code. The Observation also contains the input parameters \u003ccode\u003epatient\u003c/code\u003e,\u003ccode\u003ecode\u003c/code\u003e and \u003ccode\u003eduration\u003c/code\u003e parameters. If unsuccessful, an \u003ca href\u003d\"operationoutcome.html\"\u003eOperationOutcome\u003c/a\u003e with an error message will be returned.\u003c/p\u003e\n\u003cp\u003eThe client can request that all the observations on which the statistics are based be returned as well, using the include parameter. If an include parameter is specified, a limit may also be specified; the sources observations are subsetted at the server\u0027s discretion if count \u0026gt; limit. This functionality is included with the intent of supporting graphical presentation\u003c/p\u003e\n\u003c/div\u003e\u003cp\u003eURL: [base]/Observation/$stats\u003c/p\u003e\u003cp\u003eParameters\u003c/p\u003e\u003ctable class\u003d\"grid\"\u003e\u003ctr\u003e\u003ctd\u003e\u003cb\u003eUse\u003c/b\u003e\u003c/td\u003e\u003ctd\u003e\u003cb\u003eName\u003c/b\u003e\u003c/td\u003e\u003ctd\u003e\u003cb\u003eCardinality\u003c/b\u003e\u003c/td\u003e\u003ctd\u003e\u003cb\u003eType\u003c/b\u003e\u003c/td\u003e\u003ctd\u003e\u003cb\u003eBinding\u003c/b\u003e\u003c/td\u003e\u003ctd\u003e\u003cb\u003eDocumentation\u003c/b\u003e\u003c/td\u003e\u003c/tr\u003e\u003ctr\u003e\u003ctd\u003eIN\u003c/td\u003e\u003ctd\u003esubject\u003c/td\u003e\u003ctd\u003e1..1\u003c/td\u003e\u003ctd\u003e\u003ca href\u003d\"datatypes.html#uri\"\u003euri\u003c/a\u003e\u003c/td\u003e\u003ctd/\u003e\u003ctd\u003e\u003cdiv\u003e\u003cp\u003eThe subject of the relevant Observations, which has the value of the Observation.subject.reference. E.g. \u0027Patient/123\u0027. Reference can be to an absolute URL, but servers only perform stats on their own observations\u003c/p\u003e\n\u003c/div\u003e\u003c/td\u003e\u003c/tr\u003e\u003ctr\u003e\u003ctd\u003eIN\u003c/td\u003e\u003ctd\u003ecode\u003c/td\u003e\u003ctd\u003e0..*\u003c/td\u003e\u003ctd\u003e\u003ca href\u003d\"datatypes.html#string\"\u003estring\u003c/a\u003e\u003c/td\u003e\u003ctd/\u003e\u003ctd\u003e\u003cdiv\u003e\u003cp\u003eThe test code(s) upon which the statistics are being performed. Provide along with a system, or as a coding. For example, the LOINC code  \u003d\n2339-0 (Glucose [Mass/​volume] in Blood) will evaluate all relevant Observations with this code in \u003ccode\u003eObservation.code\u003c/code\u003e and \u003ccode\u003eObservation.component.code\u003c/code\u003e. For LOINC codes that are panels, e.g., 85354-9(Blood pressure panel with all children optional), the stats operation returns statistics for each of the individual panel measurements.  That means it will include and evaluate all values grouped by code for all the individual observations that are: 1) referenced in   \u003ccode\u003e.related\u003c/code\u003e for \u003ccode\u003e.related.type\u003c/code\u003e \u003d \u0027has-member\u0027  and 2) component observations in \u003ccode\u003eObservation.component\u003c/code\u003e.\u003c/p\u003e\n\u003c/div\u003e\u003c/td\u003e\u003c/tr\u003e\u003ctr\u003e\u003ctd\u003eIN\u003c/td\u003e\u003ctd\u003esystem\u003c/td\u003e\u003ctd\u003e0..1\u003c/td\u003e\u003ctd\u003e\u003ca href\u003d\"datatypes.html#uri\"\u003euri\u003c/a\u003e\u003c/td\u003e\u003ctd/\u003e\u003ctd\u003e\u003cdiv\u003e\u003cp\u003eThe system for the code(s). Or provide a coding instead\u003c/p\u003e\n\u003c/div\u003e\u003c/td\u003e\u003c/tr\u003e\u003ctr\u003e\u003ctd\u003eIN\u003c/td\u003e\u003ctd\u003ecoding\u003c/td\u003e\u003ctd\u003e0..*\u003c/td\u003e\u003ctd\u003e\u003ca href\u003d\"datatypes.html#Coding\"\u003eCoding\u003c/a\u003e\u003c/td\u003e\u003ctd/\u003e\u003ctd\u003e\u003cdiv\u003e\u003cp\u003eThe test code upon which the statistics are being performed, as a Coding\u003c/p\u003e\n\u003c/div\u003e\u003c/td\u003e\u003c/tr\u003e\u003ctr\u003e\u003ctd\u003eIN\u003c/td\u003e\u003ctd\u003eduration\u003c/td\u003e\u003ctd\u003e0..1\u003c/td\u003e\u003ctd\u003e\u003ca href\u003d\"datatypes.html#decimal\"\u003edecimal\u003c/a\u003e\u003c/td\u003e\u003ctd/\u003e\u003ctd\u003e\u003cdiv\u003e\u003cp\u003eThe time period of interest given as hours.  For example, the duration \u003d \u0026quot;1\u0026quot; represents the last hour - the time period from on hour ago to now\u003c/p\u003e\n\u003c/div\u003e\u003c/td\u003e\u003c/tr\u003e\u003ctr\u003e\u003ctd\u003eIN\u003c/td\u003e\u003ctd\u003eperiod\u003c/td\u003e\u003ctd\u003e0..1\u003c/td\u003e\u003ctd\u003e\u003ca href\u003d\"datatypes.html#Period\"\u003ePeriod\u003c/a\u003e\u003c/td\u003e\u003ctd/\u003e\u003ctd\u003e\u003cdiv\u003e\u003cp\u003eThe time period over which the calculations to be performed, if a duration is not provided\u003c/p\u003e\n\u003c/div\u003e\u003c/td\u003e\u003c/tr\u003e\u003ctr\u003e\u003ctd\u003eIN\u003c/td\u003e\u003ctd\u003estatistic\u003c/td\u003e\u003ctd\u003e1..*\u003c/td\u003e\u003ctd\u003e\u003ca href\u003d\"datatypes.html#code\"\u003ecode\u003c/a\u003e\u003c/td\u003e\u003ctd/\u003e\u003ctd\u003e\u003cdiv\u003e\u003cp\u003eaverage|max|min|count  The statistical operations to be performed on the relevant operations. Multiple statistics operations can be specified. These codes are defined \u003ca href\u003d\"valueset-observation-statistics.html\"\u003ehere\u003c/a\u003e\u003c/p\u003e\n\u003c/div\u003e\u003c/td\u003e\u003c/tr\u003e\u003ctr\u003e\u003ctd\u003eIN\u003c/td\u003e\u003ctd\u003einclude\u003c/td\u003e\u003ctd\u003e0..1\u003c/td\u003e\u003ctd\u003e\u003ca href\u003d\"datatypes.html#boolean\"\u003eboolean\u003c/a\u003e\u003c/td\u003e\u003ctd/\u003e\u003ctd\u003e\u003cdiv\u003e\u003cp\u003eWhether to return the observations on which the statistics are based\u003c/p\u003e\n\u003c/div\u003e\u003c/td\u003e\u003c/tr\u003e\u003ctr\u003e\u003ctd\u003eIN\u003c/td\u003e\u003ctd\u003elimit\u003c/td\u003e\u003ctd\u003e0..1\u003c/td\u003e\u003ctd\u003e\u003ca href\u003d\"datatypes.html#positiveInt\"\u003epositiveInt\u003c/a\u003e\u003c/td\u003e\u003ctd/\u003e\u003ctd\u003e\u003cdiv\u003e\u003cp\u003eIf an include parameter is specified, a limit may also be specified to limit the number of source Observations returned.  If the include paramter is absent or equal to \u0026quot;false\u0026quot; the limit parameter SHALL be ignored by the server\u003c/p\u003e\n\u003c/div\u003e\u003c/td\u003e\u003c/tr\u003e\u003ctr\u003e\u003ctd\u003eOUT\u003c/td\u003e\u003ctd\u003estatistics\u003c/td\u003e\u003ctd\u003e1..*\u003c/td\u003e\u003ctd\u003e\u003ca href\u003d\"observation.html\"\u003eObservation\u003c/a\u003e\u003c/td\u003e\u003ctd/\u003e\u003ctd\u003e\u003cdiv\u003e\u003cp\u003eA set of observations, one observation for each code, each containing one component for each statistic. The Observation.component.code contains the statistic, and is relative to the Observation.code and cannot be interpreted independently.  The Observation will also contain a subject, effectivePeriod, and code reflecting the input parameters.  The status is fixed to \u003ccode\u003efinal\u003c/code\u003e.\u003c/p\u003e\n\u003c/div\u003e\u003c/td\u003e\u003c/tr\u003e\u003ctr\u003e\u003ctd\u003eOUT\u003c/td\u003e\u003ctd\u003esource\u003c/td\u003e\u003ctd\u003e0..*\u003c/td\u003e\u003ctd\u003e\u003ca href\u003d\"observation.html\"\u003eObservation\u003c/a\u003e\u003c/td\u003e\u003ctd/\u003e\u003ctd\u003e\u003cdiv\u003e\u003cp\u003eSource observations on which the statistics are based\u003c/p\u003e\n\u003c/div\u003e\u003c/td\u003e\u003c/tr\u003e\u003c/table\u003e\u003cdiv\u003e\u003cp\u003eIf \u003ca href\u003d\"extensibility.html#modifierExtension\"\u003emodifier extensions\u003c/a\u003e are present in the Observation, they must be accounted for by implementers.  A modifier extension may affect the observation.value in a way that it should be excluded from the from the calculations.\u003c/p\u003e\n\u003cp\u003eThis operation cannot be performed on observations that the user is not authorized to see.  It is assumed that the server has identified and secured the context appropriately, and can either associate the authorization context with a single patient, or determine whether the context has the rights to the nominated patient, if there is one. If there is no nominated patient (e.g. the operation is invoked at the system level) and the context is not associated with a single patient record, then the server should return an error. Specifying the relationship between the context, a user and patient records is outside the scope of this specification.\u003c/p\u003e\n\u003c/div\u003e\u003c/div\u003e"
  },
  "extension": [
    {
      "url": "http://hl7.org/fhir/StructureDefinition/structuredefinition-fmm",
      "valueInteger": 3
    },
    {
      "url": "http://hl7.org/fhir/StructureDefinition/structuredefinition-standards-status",
      "valueCode": "trial-use"
    }
  ],
  "url": "http://hl7.org/fhir/OperationDefinition/Observation-stats",
  "version": "4.5.0",
  "name": "Observation Statistics",
  "status": "draft",
  "kind": "operation",
  "date": "2020-09-09T21:25:03+00:00",
  "publisher": "HL7 (FHIR Project)",
  "contact": [
    {
      "telecom": [
        {
          "system": "url",
          "value": "http://hl7.org/fhir"
        },
        {
          "system": "email",
          "value": "fhir@lists.hl7.org"
        }
      ]
    }
  ],
  "description": "The Statistics operation performs a set of statistical calculations on a set of clinical measurements such as a blood pressure as stored on the server.  This operation evaluates [Observation](observation.html) resources having valueQuantity elements that have UCUM unit codes. Observations with a status of \u0027entered-in-error\u0027 will be excluded from the calculations.  \r\rThe set of Observations is defined by 4 parameters:\r\r*  the subject of the observations for which the statistics are being generated (`subject`)\r* which observations to generate statistics for (`code` and `system`, or `coding`)\r* the time period over which to generate statistics \u0027duration` or `period`)\r* the set of statistical analyses to return (`statistic`)\r\rPossible statistical analyses (see [StatisticsCode](valueset-observation-statistics.html)):\r\r - **average** (\"Average\"): The [mean](https://en.wikipedia.org/wiki/Arithmetic_mean) of N measurements over the stated period.\r\n - **maximum** (\"Maximum\"): The [maximum](https://en.wikipedia.org/wiki/Maximal_element) value of N measurements over the stated period.\r\n - **minimum** (\"Minimum\"): The [minimum](https://en.wikipedia.org/wiki/Minimal_element) value of N measurements over the stated period.\r\n - **count** (\"Count\"): The [number] of valid measurements over the stated period that contributed to the other statistical outputs.\r\n - **total-count** (\"Total Count\"): The total [number] of valid measurements over the stated period, including observations that were ignored because they did not contain valid result values.\r\n - **median** (\"Median\"): The [median](https://en.wikipedia.org/wiki/Median) of N measurements over the stated period.\r\n - **std-dev** (\"Standard Deviation\"): The [standard deviation](https://en.wikipedia.org/wiki/Standard_deviation) of N measurements over the stated period.\r\n - **sum** (\"Sum\"): The [sum](https://en.wikipedia.org/wiki/Summation) of N measurements over the stated period.\r\n - **variance** (\"Variance\"): The [variance](https://en.wikipedia.org/wiki/Variance) of N measurements over the stated period.\r\n - **20-percent** (\"20th Percentile\"): The 20th [Percentile](https://en.wikipedia.org/wiki/Percentile) of N measurements over the stated period.\r\n - **80-percent** (\"80th Percentile\"): The 80th [Percentile](https://en.wikipedia.org/wiki/Percentile) of N measurements over the stated period.\r\n - **4-lower** (\"Lower Quartile\"): The lower [Quartile](https://en.wikipedia.org/wiki/Quartile) Boundary of N measurements over the stated period.\r\n - **4-upper** (\"Upper Quartile\"): The upper [Quartile](https://en.wikipedia.org/wiki/Quartile) Boundary of N measurements over the stated period.\r\n - **4-dev** (\"Quartile Deviation\"): The difference between the upper and lower [Quartiles](https://en.wikipedia.org/wiki/Quartile) is called the Interquartile range. (IQR \u003d Q3-Q1) Quartile deviation or Semi-interquartile range is one-half the difference between the first and the third quartiles.\r\n - **5-1** (\"1st Quintile\"): The lowest of four values that divide the N measurements into a frequency distribution of five classes with each containing one fifth of the total population.\r\n - **5-2** (\"2nd Quintile\"): The second of four values that divide the N measurements into a frequency distribution of five classes with each containing one fifth of the total population.\r\n - **5-3** (\"3rd Quintile\"): The third of four values that divide the N measurements into a frequency distribution of five classes with each containing one fifth of the total population.\r\n - **5-4** (\"4th Quintile\"): The fourth of four values that divide the N measurements into a frequency distribution of five classes with each containing one fifth of the total population.\r\n - **skew** (\"Skew\"): Skewness is a measure of the asymmetry of the probability distribution of a real-valued random variable about its mean. The skewness value can be positive or negative, or even undefined.  Source: [Wikipedia](https://en.wikipedia.org/wiki/Skewness).\r\n - **kurtosis** (\"Kurtosis\"): Kurtosis  is a measure of the \"tailedness\" of the probability distribution of a real-valued random variable.   Source: [Wikipedia](https://en.wikipedia.org/wiki/Kurtosis).\r\n - **regression** (\"Regression\"): Linear regression is an approach for modeling two-dimensional sample points with one independent variable and one dependent variable (conventionally, the x and y coordinates in a Cartesian coordinate system) and finds a linear function (a non-vertical straight line) that, as accurately as possible, predicts the dependent variable values as a function of the independent variables. Source: [Wikipedia](https://en.wikipedia.org/wiki/Simple_linear_regression)  This Statistic code will return both a gradient and an intercept value.\r\n\r\rIf successful, the operation returns an Observation resource for each code with the results of the statistical calculations as component value pairs where the component code \u003d the statistical code. The Observation also contains the input parameters `patient`,`code` and `duration` parameters. If unsuccessful, an [OperationOutcome](operationoutcome.html) with an error message will be returned.\r\rThe client can request that all the observations on which the statistics are based be returned as well, using the include parameter. If an include parameter is specified, a limit may also be specified; the sources observations are subsetted at the server\u0027s discretion if count \u003e limit. This functionality is included with the intent of supporting graphical presentation",
  "code": "stats",
  "comment": "If [modifier extensions](extensibility.html#modifierExtension) are present in the Observation, they must be accounted for by implementers.  A modifier extension may affect the observation.value in a way that it should be excluded from the from the calculations.\r\rThis operation cannot be performed on observations that the user is not authorized to see.  It is assumed that the server has identified and secured the context appropriately, and can either associate the authorization context with a single patient, or determine whether the context has the rights to the nominated patient, if there is one. If there is no nominated patient (e.g. the operation is invoked at the system level) and the context is not associated with a single patient record, then the server should return an error. Specifying the relationship between the context, a user and patient records is outside the scope of this specification.",
  "resource": [
    "Observation"
  ],
  "system": false,
  "type": true,
  "instance": false,
  "parameter": [
    {
      "name": "subject",
      "use": "in",
      "min": 1,
      "max": "1",
      "documentation": "The subject of the relevant Observations, which has the value of the Observation.subject.reference. E.g. \u0027Patient/123\u0027. Reference can be to an absolute URL, but servers only perform stats on their own observations",
      "type": "uri"
    },
    {
      "name": "code",
      "use": "in",
      "min": 0,
      "max": "*",
      "documentation": "The test code(s) upon which the statistics are being performed. Provide along with a system, or as a coding. For example, the LOINC code  \u003d \r2339-0 (Glucose [Mass/​volume] in Blood) will evaluate all relevant Observations with this code in `Observation.code` and `Observation.component.code`. For LOINC codes that are panels, e.g., 85354-9(Blood pressure panel with all children optional), the stats operation returns statistics for each of the individual panel measurements.  That means it will include and evaluate all values grouped by code for all the individual observations that are: 1) referenced in   `.related` for `.related.type` \u003d \u0027has-member\u0027  and 2) component observations in `Observation.component`.",
      "type": "string"
    },
    {
      "name": "system",
      "use": "in",
      "min": 0,
      "max": "1",
      "documentation": "The system for the code(s). Or provide a coding instead",
      "type": "uri"
    },
    {
      "name": "coding",
      "use": "in",
      "min": 0,
      "max": "*",
      "documentation": "The test code upon which the statistics are being performed, as a Coding",
      "type": "Coding"
    },
    {
      "name": "duration",
      "use": "in",
      "min": 0,
      "max": "1",
      "documentation": "The time period of interest given as hours.  For example, the duration \u003d \"1\" represents the last hour - the time period from on hour ago to now",
      "type": "decimal"
    },
    {
      "name": "period",
      "use": "in",
      "min": 0,
      "max": "1",
      "documentation": "The time period over which the calculations to be performed, if a duration is not provided",
      "type": "Period"
    },
    {
      "name": "statistic",
      "use": "in",
      "min": 1,
      "max": "*",
      "documentation": "average|max|min|count  The statistical operations to be performed on the relevant operations. Multiple statistics operations can be specified. These codes are defined [here](valueset-observation-statistics.html)",
      "type": "code"
    },
    {
      "name": "include",
      "use": "in",
      "min": 0,
      "max": "1",
      "documentation": "Whether to return the observations on which the statistics are based",
      "type": "boolean"
    },
    {
      "name": "limit",
      "use": "in",
      "min": 0,
      "max": "1",
      "documentation": "If an include parameter is specified, a limit may also be specified to limit the number of source Observations returned.  If the include paramter is absent or equal to \"false\" the limit parameter SHALL be ignored by the server",
      "type": "positiveInt"
    },
    {
      "name": "statistics",
      "use": "out",
      "min": 1,
      "max": "*",
      "documentation": "A set of observations, one observation for each code, each containing one component for each statistic. The Observation.component.code contains the statistic, and is relative to the Observation.code and cannot be interpreted independently.  The Observation will also contain a subject, effectivePeriod, and code reflecting the input parameters.  The status is fixed to `final`.",
      "type": "Observation"
    },
    {
      "name": "source",
      "use": "out",
      "min": 0,
      "max": "*",
      "documentation": "Source observations on which the statistics are based",
      "type": "Observation"
    }
  ]
}