{
  "resourceType": "Patient",
  "id": "mom",
  "meta": {
    "lastUpdated": "2012-05-29T23:45:32Z",
    "tag": [
      {
        "system": "http://terminology.hl7.org/CodeSystem/v3-ActReason",
        "code": "HTEST",
        "display": "test health data"
      }
    ]
  },
  "text": {
    "status": "generated",
    "div": "\u003cdiv xmlns\u003d\"http://www.w3.org/1999/xhtml\"\u003e\u003cp\u003e\u003cb\u003eGenerated Narrative\u003c/b\u003e\u003c/p\u003e\u003cp\u003e\u003cb\u003eid\u003c/b\u003e: mom\u003c/p\u003e\u003cp\u003e\u003cb\u003emeta\u003c/b\u003e: \u003c/p\u003e\u003cp\u003e\u003cb\u003eidentifier\u003c/b\u003e: Social Security number: 444222222\u003c/p\u003e\u003cp\u003e\u003cb\u003eactive\u003c/b\u003e: true\u003c/p\u003e\u003cp\u003e\u003cb\u003ename\u003c/b\u003e: Eve Everywoman (OFFICIAL)\u003c/p\u003e\u003cp\u003e\u003cb\u003etelecom\u003c/b\u003e: ph: 555-555-2003(WORK)\u003c/p\u003e\u003cp\u003e\u003cb\u003egender\u003c/b\u003e: female\u003c/p\u003e\u003cp\u003e\u003cb\u003ebirthDate\u003c/b\u003e: 1973-05-31\u003c/p\u003e\u003cp\u003e\u003cb\u003eaddress\u003c/b\u003e: 2222 Home Street (HOME)\u003c/p\u003e\u003cp\u003e\u003cb\u003emanagingOrganization\u003c/b\u003e: \u003ca\u003eGenerated Summary: id: hl7; name: Health Level Seven International; alias: HL7 International; ph: (+1) 734-677-7777, fax: (+1) 734-677-6622, hq@HL7.org\u003c/a\u003e\u003c/p\u003e\u003ch3\u003eLinks\u003c/h3\u003e\u003ctable\u003e\u003ctr\u003e\u003ctd\u003e-\u003c/td\u003e\u003ctd\u003e\u003cb\u003eOther\u003c/b\u003e\u003c/td\u003e\u003ctd\u003e\u003cb\u003eType\u003c/b\u003e\u003c/td\u003e\u003c/tr\u003e\u003ctr\u003e\u003ctd\u003e*\u003c/td\u003e\u003ctd\u003e\u003ca\u003eGenerated Summary: id: newborn-mom; Social Security number: 444222222; active; \u003cspan\u003eNatural Mother\u003c/span\u003e; Eve Everywoman (OFFICIAL); ph: 555-555-2003(WORK); gender: female; birthDate: 1973-05-31\u003c/a\u003e\u003c/td\u003e\u003ctd\u003eseealso\u003c/td\u003e\u003c/tr\u003e\u003c/table\u003e\u003c/div\u003e"
  },
  "identifier": [
    {
      "type": {
        "coding": [
          {
            "system": "http://terminology.hl7.org/CodeSystem/v2-0203",
            "code": "SS"
          }
        ]
      },
      "system": "http://hl7.org/fhir/sid/us-ssn",
      "value": "444222222"
    }
  ],
  "active": true,
  "name": [
    {
      "use": "official",
      "family": "Everywoman",
      "given": [
        "Eve"
      ]
    }
  ],
  "telecom": [
    {
      "system": "phone",
      "value": "555-555-2003",
      "use": "work"
    }
  ],
  "gender": "female",
  "birthDate": "1973-05-31",
  "address": [
    {
      "use": "home",
      "line": [
        "2222 Home Street"
      ]
    }
  ],
  "managingOrganization": {
    "reference": "Organization/hl7"
  },
  "link": [
    {
      "other": {
        "reference": "RelatedPerson/newborn-mom"
      },
      "type": "seealso"
    }
  ]
}