{
  "resourceType": "Procedure",
  "id": "f201",
  "text": {
    "status": "generated",
    "div": "\u003cdiv xmlns\u003d\"http://www.w3.org/1999/xhtml\"\u003e\u003cp\u003e\u003cb\u003eGenerated Narrative\u003c/b\u003e\u003c/p\u003e\u003cp\u003e\u003cb\u003eid\u003c/b\u003e: f201\u003c/p\u003e\u003cp\u003e\u003cb\u003einstantiatesCanonical\u003c/b\u003e: \u003ca\u003ehttp://example.org/fhir/PlanDefinition/KDN5\u003c/a\u003e\u003c/p\u003e\u003cp\u003e\u003cb\u003estatus\u003c/b\u003e: completed\u003c/p\u003e\u003cp\u003e\u003cb\u003ecode\u003c/b\u003e: \u003cspan\u003eChemotherapy\u003c/span\u003e\u003c/p\u003e\u003cp\u003e\u003cb\u003esubject\u003c/b\u003e: \u003ca\u003eRoel. Generated Summary: id: f201; BSN: 123456789 (OFFICIAL), BSN: 123456789 (OFFICIAL); active; Roel(OFFICIAL); ph: +31612345678(MOBILE), ph: +31201234567(HOME); gender: male; birthDate: 1960-03-13; \u003cspan\u003eLegally married\u003c/span\u003e; \u003c/a\u003e\u003c/p\u003e\u003cp\u003e\u003cb\u003eencounter\u003c/b\u003e: \u003ca\u003eRoel\u0027s encounter on January 28th, 2013. Generated Summary: id: f202; id: Encounter_Roel_20130128 (TEMP); status: completed; \u003cspan\u003eambulatory\u003c/span\u003e; \u003cspan\u003eChemotherapy\u003c/span\u003e; \u003cspan\u003eUrgent\u003c/span\u003e; 56 minutes; \u003cspan\u003eThe patient is treated for a tumor.\u003c/span\u003e\u003c/a\u003e\u003c/p\u003e\u003cp\u003e\u003cb\u003eoccurrence\u003c/b\u003e: Jan 28, 2013 1:31:00 PM --\u0026gt; Jan 28, 2013 2:27:00 PM\u003c/p\u003e\u003ch3\u003ePerformers\u003c/h3\u003e\u003ctable\u003e\u003ctr\u003e\u003ctd\u003e-\u003c/td\u003e\u003ctd\u003e\u003cb\u003eFunction\u003c/b\u003e\u003c/td\u003e\u003ctd\u003e\u003cb\u003eActor\u003c/b\u003e\u003c/td\u003e\u003c/tr\u003e\u003ctr\u003e\u003ctd\u003e*\u003c/td\u003e\u003ctd\u003e\u003cspan\u003eMedical oncologist\u003c/span\u003e\u003c/td\u003e\u003ctd\u003e\u003ca\u003eDokter Bronsig. Generated Summary: id: f201; UZI-nummer: 12345678901 (OFFICIAL); active; Dokter Bronsig(OFFICIAL); ph: +31715269111(WORK); gender: male; birthDate: 1956-12-24\u003c/a\u003e\u003c/td\u003e\u003c/tr\u003e\u003c/table\u003e\u003cp\u003e\u003cb\u003ereason\u003c/b\u003e: \u003c/p\u003e\u003cp\u003e\u003cb\u003ebodySite\u003c/b\u003e: \u003cspan\u003eSphenoid bone\u003c/span\u003e\u003c/p\u003e\u003cp\u003e\u003cb\u003enote\u003c/b\u003e: Eerste neo-adjuvante TPF-kuur bij groot proces in sphenoid met intracraniale uitbreiding.\u003c/p\u003e\u003c/div\u003e"
  },
  "instantiatesCanonical": [
    "http://example.org/fhir/PlanDefinition/KDN5"
  ],
  "status": "completed",
  "code": {
    "coding": [
      {
        "system": "http://snomed.info/sct",
        "code": "367336001",
        "display": "Chemotherapy"
      }
    ]
  },
  "subject": {
    "reference": "Patient/f201",
    "display": "Roel"
  },
  "encounter": {
    "reference": "Encounter/f202",
    "display": "Roel\u0027s encounter on January 28th, 2013"
  },
  "occurrencePeriod": {
    "start": "2013-01-28T13:31:00+01:00",
    "end": "2013-01-28T14:27:00+01:00"
  },
  "performer": [
    {
      "function": {
        "coding": [
          {
            "system": "http://snomed.info/sct",
            "code": "310512001",
            "display": "Medical oncologist"
          }
        ]
      },
      "actor": {
        "reference": "Practitioner/f201",
        "display": "Dokter Bronsig"
      }
    }
  ],
  "reason": [
    {
      "concept": {
        "text": "DiagnosticReport/f201"
      }
    }
  ],
  "bodySite": [
    {
      "coding": [
        {
          "system": "http://snomed.info/sct",
          "code": "272676008",
          "display": "Sphenoid bone"
        }
      ]
    }
  ],
  "note": [
    {
      "text": "Eerste neo-adjuvante TPF-kuur bij groot proces in sphenoid met intracraniale uitbreiding."
    }
  ],
  "meta": {
    "tag": [
      {
        "system": "http://terminology.hl7.org/CodeSystem/v3-ActReason",
        "code": "HTEST",
        "display": "test health data"
      }
    ]
  }
}