{
  "resourceType": "ConceptMap",
  "id": "sc-participationstatus",
  "text": {
    "status": "extensions",
    "div": "\u003cdiv xmlns\u003d\"http://www.w3.org/1999/xhtml\"\u003e\u003ch2\u003eParticipationStatusCanonicalMap (http://hl7.org/fhir/ConceptMap/sc-participationstatus)\u003c/h2\u003e\u003cp\u003eMapping from \u003ca href\u003d\"valueset-participationstatus.html\"\u003ehttp://hl7.org/fhir/ValueSet/participationstatus\u003c/a\u003e to \u003ca href\u003d\"valueset-resource-status.html\"\u003ehttp://hl7.org/fhir/ValueSet/resource-status\u003c/a\u003e\u003c/p\u003e\u003cp\u003eDRAFT. Published on Aug 14, 2020 5:51:36 AM by HL7 (FHIR Project) (\u003ca href\u003d\"http://hl7.org/fhir\"\u003ehttp://hl7.org/fhir\u003c/a\u003e, \u003ca href\u003d\"mailto:fhir@lists.hl7.org\"\u003efhir@lists.hl7.org\u003c/a\u003e). \u003c/p\u003e\u003cdiv\u003e\u003cp\u003eCanonical Mapping for \u0026quot;The Participation status of an appointment.\u0026quot;\u003c/p\u003e\n\u003c/div\u003e\u003cbr/\u003e\u003ctable class\u003d\"grid\"\u003e\u003ctr\u003e\u003ctd\u003e\u003cb\u003eSource Code\u003c/b\u003e\u003c/td\u003e\u003ctd\u003e\u003cb\u003eRelationship\u003c/b\u003e\u003c/td\u003e\u003ctd\u003e\u003cb\u003eDestination Code\u003c/b\u003e\u003c/td\u003e\u003c/tr\u003e\u003ctr\u003e\u003ctd\u003etentative\u003c/td\u003e\u003ctd\u003e\u003ca href\u003d\"codesystem-concept-map-relationship.html#equivalent\"\u003eis equivalent to\u003c/a\u003e\u003c/td\u003e\u003ctd\u003edraft\u003c/td\u003e\u003c/tr\u003e\u003ctr\u003e\u003ctd\u003edeclined\u003c/td\u003e\u003ctd\u003e\u003ca href\u003d\"codesystem-concept-map-relationship.html#equivalent\"\u003eis equivalent to\u003c/a\u003e\u003c/td\u003e\u003ctd\u003edeclined\u003c/td\u003e\u003c/tr\u003e\u003ctr\u003e\u003ctd\u003eaccepted\u003c/td\u003e\u003ctd\u003e\u003ca href\u003d\"codesystem-concept-map-relationship.html#equivalent\"\u003eis equivalent to\u003c/a\u003e\u003c/td\u003e\u003ctd\u003eaccepted\u003c/td\u003e\u003c/tr\u003e\u003ctr\u003e\u003ctd\u003eneeds-action\u003c/td\u003e\u003ctd\u003e\u003ca href\u003d\"codesystem-concept-map-relationship.html#equivalent\"\u003eis equivalent to\u003c/a\u003e\u003c/td\u003e\u003ctd\u003efailed\u003c/td\u003e\u003c/tr\u003e\u003c/table\u003e\u003c/div\u003e"
  },
  "url": "http://hl7.org/fhir/ConceptMap/sc-participationstatus",
  "version": "4.4.0",
  "name": "ParticipationStatusCanonicalMap",
  "title": "Canonical Mapping for \"ParticipationStatus\"",
  "status": "draft",
  "date": "2020-08-14T05:51:36+00:00",
  "publisher": "HL7 (FHIR Project)",
  "contact": [
    {
      "telecom": [
        {
          "system": "url",
          "value": "http://hl7.org/fhir"
        },
        {
          "system": "email",
          "value": "fhir@lists.hl7.org"
        }
      ]
    }
  ],
  "description": "Canonical Mapping for \"The Participation status of an appointment.\"",
  "sourceCanonical": "http://hl7.org/fhir/ValueSet/participationstatus",
  "targetCanonical": "http://hl7.org/fhir/ValueSet/resource-status",
  "group": [
    {
      "source": "http://hl7.org/fhir/participationstatus",
      "target": "http://hl7.org/fhir/resource-status",
      "element": [
        {
          "code": "tentative",
          "target": [
            {
              "code": "draft",
              "relationship": "equivalent"
            }
          ]
        },
        {
          "code": "declined",
          "target": [
            {
              "code": "declined",
              "relationship": "equivalent"
            }
          ]
        },
        {
          "code": "accepted",
          "target": [
            {
              "code": "accepted",
              "relationship": "equivalent"
            }
          ]
        },
        {
          "code": "needs-action",
          "target": [
            {
              "code": "failed",
              "relationship": "equivalent"
            }
          ]
        }
      ]
    }
  ]
}