{
  "resourceType": "ConceptMap",
  "id": "sc-episode-of-care-status",
  "text": {
    "status": "extensions",
    "div": "\u003cdiv xmlns\u003d\"http://www.w3.org/1999/xhtml\"\u003e\u003ch2\u003eEpisodeOfCareStatusCanonicalMap (http://hl7.org/fhir/ConceptMap/sc-episode-of-care-status)\u003c/h2\u003e\u003cp\u003eMapping from \u003ca href\u003d\"valueset-episode-of-care-status.html\"\u003ehttp://hl7.org/fhir/ValueSet/episode-of-care-status\u003c/a\u003e to \u003ca href\u003d\"valueset-resource-status.html\"\u003ehttp://hl7.org/fhir/ValueSet/resource-status\u003c/a\u003e\u003c/p\u003e\u003cp\u003eDRAFT. Published on Sep 9, 2020 9:25:03 PM by HL7 (FHIR Project) (\u003ca href\u003d\"http://hl7.org/fhir\"\u003ehttp://hl7.org/fhir\u003c/a\u003e, \u003ca href\u003d\"mailto:fhir@lists.hl7.org\"\u003efhir@lists.hl7.org\u003c/a\u003e). \u003c/p\u003e\u003cdiv\u003e\u003cp\u003eCanonical Mapping for \u0026quot;The status of the episode of care.\u0026quot;\u003c/p\u003e\n\u003c/div\u003e\u003cbr/\u003e\u003ctable class\u003d\"grid\"\u003e\u003ctr\u003e\u003ctd\u003e\u003cb\u003eSource Code\u003c/b\u003e\u003c/td\u003e\u003ctd\u003e\u003cb\u003eRelationship\u003c/b\u003e\u003c/td\u003e\u003ctd\u003e\u003cb\u003eDestination Code\u003c/b\u003e\u003c/td\u003e\u003c/tr\u003e\u003ctr\u003e\u003ctd\u003eentered-in-error\u003c/td\u003e\u003ctd\u003e\u003ca href\u003d\"codesystem-concept-map-relationship.html#equivalent\"\u003eis equivalent to\u003c/a\u003e\u003c/td\u003e\u003ctd\u003eerror\u003c/td\u003e\u003c/tr\u003e\u003ctr\u003e\u003ctd\u003eplanned\u003c/td\u003e\u003ctd\u003e\u003ca href\u003d\"codesystem-concept-map-relationship.html#equivalent\"\u003eis equivalent to\u003c/a\u003e\u003c/td\u003e\u003ctd\u003eplanned\u003c/td\u003e\u003c/tr\u003e\u003ctr\u003e\u003ctd\u003ewaitlist\u003c/td\u003e\u003ctd\u003e\u003ca href\u003d\"codesystem-concept-map-relationship.html#equivalent\"\u003eis equivalent to\u003c/a\u003e\u003c/td\u003e\u003ctd\u003edraft\u003c/td\u003e\u003c/tr\u003e\u003ctr\u003e\u003ctd\u003eactive\u003c/td\u003e\u003ctd\u003e\u003ca href\u003d\"codesystem-concept-map-relationship.html#equivalent\"\u003eis equivalent to\u003c/a\u003e\u003c/td\u003e\u003ctd\u003eactive\u003c/td\u003e\u003c/tr\u003e\u003ctr\u003e\u003ctd\u003eonhold\u003c/td\u003e\u003ctd\u003e\u003ca href\u003d\"codesystem-concept-map-relationship.html#equivalent\"\u003eis equivalent to\u003c/a\u003e\u003c/td\u003e\u003ctd\u003esuspended\u003c/td\u003e\u003c/tr\u003e\u003ctr\u003e\u003ctd\u003efinished\u003c/td\u003e\u003ctd\u003e\u003ca href\u003d\"codesystem-concept-map-relationship.html#equivalent\"\u003eis equivalent to\u003c/a\u003e\u003c/td\u003e\u003ctd\u003ecomplete\u003c/td\u003e\u003c/tr\u003e\u003ctr\u003e\u003ctd\u003ecancelled\u003c/td\u003e\u003ctd\u003e\u003ca href\u003d\"codesystem-concept-map-relationship.html#equivalent\"\u003eis equivalent to\u003c/a\u003e\u003c/td\u003e\u003ctd\u003eabandoned\u003c/td\u003e\u003c/tr\u003e\u003c/table\u003e\u003c/div\u003e"
  },
  "url": "http://hl7.org/fhir/ConceptMap/sc-episode-of-care-status",
  "version": "4.5.0",
  "name": "EpisodeOfCareStatusCanonicalMap",
  "title": "Canonical Mapping for \"EpisodeOfCareStatus\"",
  "status": "draft",
  "date": "2020-09-09T21:25:03+00:00",
  "publisher": "HL7 (FHIR Project)",
  "contact": [
    {
      "telecom": [
        {
          "system": "url",
          "value": "http://hl7.org/fhir"
        },
        {
          "system": "email",
          "value": "fhir@lists.hl7.org"
        }
      ]
    }
  ],
  "description": "Canonical Mapping for \"The status of the episode of care.\"",
  "sourceCanonical": "http://hl7.org/fhir/ValueSet/episode-of-care-status",
  "targetCanonical": "http://hl7.org/fhir/ValueSet/resource-status",
  "group": [
    {
      "source": "http://hl7.org/fhir/episode-of-care-status",
      "target": "http://hl7.org/fhir/resource-status",
      "element": [
        {
          "code": "entered-in-error",
          "target": [
            {
              "code": "error",
              "relationship": "equivalent"
            }
          ]
        },
        {
          "code": "planned",
          "target": [
            {
              "code": "planned",
              "relationship": "equivalent"
            }
          ]
        },
        {
          "code": "waitlist",
          "target": [
            {
              "code": "draft",
              "relationship": "equivalent"
            }
          ]
        },
        {
          "code": "active",
          "target": [
            {
              "code": "active",
              "relationship": "equivalent"
            }
          ]
        },
        {
          "code": "onhold",
          "target": [
            {
              "code": "suspended",
              "relationship": "equivalent"
            }
          ]
        },
        {
          "code": "finished",
          "target": [
            {
              "code": "complete",
              "relationship": "equivalent"
            }
          ]
        },
        {
          "code": "cancelled",
          "target": [
            {
              "code": "abandoned",
              "relationship": "equivalent"
            }
          ]
        }
      ]
    }
  ]
}