{
  "resourceType": "ConceptMap",
  "id": "sc-specimen-status",
  "text": {
    "status": "extensions",
    "div": "\u003cdiv xmlns\u003d\"http://www.w3.org/1999/xhtml\"\u003e\u003ch2\u003eSpecimenStatusCanonicalMap (http://hl7.org/fhir/ConceptMap/sc-specimen-status)\u003c/h2\u003e\u003cp\u003eMapping from \u003ca href\u003d\"valueset-specimen-status.html\"\u003ehttp://hl7.org/fhir/ValueSet/specimen-status\u003c/a\u003e to \u003ca href\u003d\"valueset-resource-status.html\"\u003ehttp://hl7.org/fhir/ValueSet/resource-status\u003c/a\u003e\u003c/p\u003e\u003cp\u003eDRAFT. Published on Sep 9, 2020 9:25:03 PM by HL7 (FHIR Project) (\u003ca href\u003d\"http://hl7.org/fhir\"\u003ehttp://hl7.org/fhir\u003c/a\u003e, \u003ca href\u003d\"mailto:fhir@lists.hl7.org\"\u003efhir@lists.hl7.org\u003c/a\u003e). \u003c/p\u003e\u003cdiv\u003e\u003cp\u003eCanonical Mapping for \u0026quot;Codes providing the status/availability of a specimen.\u0026quot;\u003c/p\u003e\n\u003c/div\u003e\u003cbr/\u003e\u003ctable class\u003d\"grid\"\u003e\u003ctr\u003e\u003ctd\u003e\u003cb\u003eSource Code\u003c/b\u003e\u003c/td\u003e\u003ctd\u003e\u003cb\u003eRelationship\u003c/b\u003e\u003c/td\u003e\u003ctd\u003e\u003cb\u003eDestination Code\u003c/b\u003e\u003c/td\u003e\u003c/tr\u003e\u003ctr\u003e\u003ctd\u003eentered-in-error\u003c/td\u003e\u003ctd\u003e\u003ca href\u003d\"codesystem-concept-map-relationship.html#equivalent\"\u003eis equivalent to\u003c/a\u003e\u003c/td\u003e\u003ctd\u003eerror\u003c/td\u003e\u003c/tr\u003e\u003ctr\u003e\u003ctd\u003eavailable\u003c/td\u003e\u003ctd\u003e\u003ca href\u003d\"codesystem-concept-map-relationship.html#equivalent\"\u003eis equivalent to\u003c/a\u003e\u003c/td\u003e\u003ctd\u003eactive\u003c/td\u003e\u003c/tr\u003e\u003ctr\u003e\u003ctd\u003eunsatisfactory\u003c/td\u003e\u003ctd\u003e\u003ca href\u003d\"codesystem-concept-map-relationship.html#equivalent\"\u003eis equivalent to\u003c/a\u003e\u003c/td\u003e\u003ctd\u003efailed\u003c/td\u003e\u003c/tr\u003e\u003ctr\u003e\u003ctd\u003eunavailable\u003c/td\u003e\u003ctd\u003e\u003ca href\u003d\"codesystem-concept-map-relationship.html#equivalent\"\u003eis equivalent to\u003c/a\u003e\u003c/td\u003e\u003ctd\u003einactive\u003c/td\u003e\u003c/tr\u003e\u003c/table\u003e\u003c/div\u003e"
  },
  "url": "http://hl7.org/fhir/ConceptMap/sc-specimen-status",
  "version": "4.5.0",
  "name": "SpecimenStatusCanonicalMap",
  "title": "Canonical Mapping for \"SpecimenStatus\"",
  "status": "draft",
  "date": "2020-09-09T21:25:03+00:00",
  "publisher": "HL7 (FHIR Project)",
  "contact": [
    {
      "telecom": [
        {
          "system": "url",
          "value": "http://hl7.org/fhir"
        },
        {
          "system": "email",
          "value": "fhir@lists.hl7.org"
        }
      ]
    }
  ],
  "description": "Canonical Mapping for \"Codes providing the status/availability of a specimen.\"",
  "sourceCanonical": "http://hl7.org/fhir/ValueSet/specimen-status",
  "targetCanonical": "http://hl7.org/fhir/ValueSet/resource-status",
  "group": [
    {
      "source": "http://hl7.org/fhir/specimen-status",
      "target": "http://hl7.org/fhir/resource-status",
      "element": [
        {
          "code": "entered-in-error",
          "target": [
            {
              "code": "error",
              "relationship": "equivalent"
            }
          ]
        },
        {
          "code": "available",
          "target": [
            {
              "code": "active",
              "relationship": "equivalent"
            }
          ]
        },
        {
          "code": "unsatisfactory",
          "target": [
            {
              "code": "failed",
              "relationship": "equivalent"
            }
          ]
        },
        {
          "code": "unavailable",
          "target": [
            {
              "code": "inactive",
              "relationship": "equivalent"
            }
          ]
        }
      ]
    }
  ]
}