{
  "resourceType": "ServiceRequest",
  "id": "lipid",
  "text": {
    "status": "generated",
    "div": "\u003cdiv xmlns\u003d\"http://www.w3.org/1999/xhtml\"\u003e\u003cp\u003e\u003cb\u003eGenerated Narrative\u003c/b\u003e\u003c/p\u003e\u003cp\u003e\u003cb\u003eid\u003c/b\u003e: lipid\u003c/p\u003e\u003cp\u003e\u003cb\u003eidentifier\u003c/b\u003e: Placer: 2345234234234\u003c/p\u003e\u003cp\u003e\u003cb\u003estatus\u003c/b\u003e: active\u003c/p\u003e\u003cp\u003e\u003cb\u003eintent\u003c/b\u003e: original-order\u003c/p\u003e\u003cp\u003e\u003cb\u003ecode\u003c/b\u003e: \u003cspan\u003eLipid Panel\u003c/span\u003e\u003c/p\u003e\u003cp\u003e\u003cb\u003esubject\u003c/b\u003e: \u003ca\u003eGenerated Summary: id: example; Medical record number: 12345 (USUAL); active; Peter James Chalmers (OFFICIAL), Jim , Peter James Windsor (MAIDEN); -unknown-(HOME), ph: (03) 5555 6473(WORK), ph: (03) 3410 5613(MOBILE), ph: (03) 5555 8834(OLD); gender: male; birthDate: 1974-12-25; \u003c/a\u003e\u003c/p\u003e\u003cp\u003e\u003cb\u003eencounter\u003c/b\u003e: \u003ca\u003eGenerated Summary: id: example; status: in-progress; \u003cspan\u003einpatient encounter\u003c/span\u003e\u003c/a\u003e\u003c/p\u003e\u003cp\u003e\u003cb\u003eoccurrence\u003c/b\u003e: May 2, 2013 4:16:00 PM\u003c/p\u003e\u003cp\u003e\u003cb\u003erequester\u003c/b\u003e: \u003ca\u003eGenerated Summary: id: example; id: 23; active; Adam Careful \u003c/a\u003e\u003c/p\u003e\u003cp\u003e\u003cb\u003eperformer\u003c/b\u003e: \u003ca\u003eGenerated Summary: id: f202; UZI-nummer: 12345678902 (OFFICIAL), BIG-nummer: 12345678902 (OFFICIAL); active; Luigi Maas(OFFICIAL); ph: +31715269111(WORK); gender: male; birthDate: 1960-06-12\u003c/a\u003e\u003c/p\u003e\u003cp\u003e\u003cb\u003ereason\u003c/b\u003e: \u003c/p\u003e\u003cp\u003e\u003cb\u003esupportingInfo\u003c/b\u003e: \u003ca\u003e \u003c/a\u003e\u003c/p\u003e\u003cblockquote\u003e\u003cp\u003e\u003cb\u003eid\u003c/b\u003e: fasting\u003c/p\u003e\u003cp/\u003e\u003cp\u003e\u003cb\u003ecode\u003c/b\u003e: \u003cspan\u003eFasting status - Reported\u003c/span\u003e\u003c/p\u003e\u003cp\u003e\u003cb\u003esubject\u003c/b\u003e: \u003ca\u003eGenerated Summary: id: example; Medical record number: 12345 (USUAL); active; Peter James Chalmers (OFFICIAL), Jim , Peter James Windsor (MAIDEN); -unknown-(HOME), ph: (03) 5555 6473(WORK), ph: (03) 3410 5613(MOBILE), ph: (03) 5555 8834(OLD); gender: male; birthDate: 1974-12-25; \u003c/a\u003e\u003c/p\u003e\u003cp\u003e\u003cb\u003evalue\u003c/b\u003e: \u003cspan\u003eYes\u003c/span\u003e\u003c/p\u003e\u003c/blockquote\u003e\u003cp\u003e\u003cb\u003especimen\u003c/b\u003e: \u003ca\u003e \u003c/a\u003e\u003c/p\u003e\u003cblockquote\u003e\u003cp\u003e\u003cb\u003eid\u003c/b\u003e: serum\u003c/p\u003e\u003cp\u003e\u003cb\u003eidentifier\u003c/b\u003e: id: 20150107-0012\u003c/p\u003e\u003cp\u003e\u003cb\u003etype\u003c/b\u003e: \u003cspan\u003eSerum sample\u003c/span\u003e\u003c/p\u003e\u003cp\u003e\u003cb\u003esubject\u003c/b\u003e: \u003ca\u003eGenerated Summary: id: example; Medical record number: 12345 (USUAL); active; Peter James Chalmers (OFFICIAL), Jim , Peter James Windsor (MAIDEN); -unknown-(HOME), ph: (03) 5555 6473(WORK), ph: (03) 3410 5613(MOBILE), ph: (03) 5555 8834(OLD); gender: male; birthDate: 1974-12-25; \u003c/a\u003e\u003c/p\u003e\u003ch3\u003eCollections\u003c/h3\u003e\u003ctable\u003e\u003ctr\u003e\u003ctd\u003e-\u003c/td\u003e\u003ctd\u003e\u003cb\u003eCollected[x]\u003c/b\u003e\u003c/td\u003e\u003c/tr\u003e\u003ctr\u003e\u003ctd\u003e*\u003c/td\u003e\u003ctd\u003eAug 16, 2015 6:40:17 AM\u003c/td\u003e\u003c/tr\u003e\u003c/table\u003e\u003c/blockquote\u003e\u003cp\u003e\u003cb\u003enote\u003c/b\u003e: patient is afraid of needles\u003c/p\u003e\u003c/div\u003e"
  },
  "contained": [
    {
      "resourceType": "Observation",
      "id": "fasting",
      "status": "final",
      "code": {
        "coding": [
          {
            "system": "http://loinc.org",
            "code": "49541-6",
            "display": "Fasting status - Reported"
          }
        ]
      },
      "subject": {
        "reference": "Patient/example"
      },
      "valueCodeableConcept": {
        "coding": [
          {
            "system": "http://terminology.hl7.org/CodeSystem/v2-0136",
            "code": "Y",
            "display": "Yes"
          }
        ]
      }
    },
    {
      "resourceType": "Specimen",
      "id": "serum",
      "identifier": [
        {
          "system": "http://acme.org/specimens",
          "value": "20150107-0012"
        }
      ],
      "type": {
        "coding": [
          {
            "system": "http://snomed.info/sct",
            "code": "119364003",
            "display": "Serum sample"
          }
        ]
      },
      "subject": {
        "reference": "Patient/example"
      },
      "collection": {
        "collectedDateTime": "2015-08-16T06:40:17Z"
      }
    }
  ],
  "identifier": [
    {
      "type": {
        "coding": [
          {
            "system": "http://terminology.hl7.org/CodeSystem/v2-0203",
            "code": "PLAC"
          }
        ],
        "text": "Placer"
      },
      "system": "urn:oid:1.3.4.5.6.7",
      "value": "2345234234234"
    }
  ],
  "status": "active",
  "intent": "original-order",
  "code": {
    "coding": [
      {
        "system": "http://acme.org/tests",
        "code": "LIPID"
      }
    ],
    "text": "Lipid Panel"
  },
  "subject": {
    "reference": "Patient/example"
  },
  "encounter": {
    "reference": "Encounter/example"
  },
  "occurrenceDateTime": "2013-05-02T16:16:00-07:00",
  "requester": {
    "reference": "Practitioner/example"
  },
  "performer": [
    {
      "reference": "Practitioner/f202"
    }
  ],
  "reason": [
    {
      "concept": {
        "coding": [
          {
            "system": "http://hl7.org/fhir/sid/icd-9",
            "code": "V173",
            "display": "Fam hx-ischem heart dis"
          }
        ]
      }
    }
  ],
  "supportingInfo": [
    {
      "reference": "#fasting",
      "display": "Fasting status"
    }
  ],
  "specimen": [
    {
      "reference": "#serum",
      "display": "Serum specimen"
    }
  ],
  "note": [
    {
      "text": "patient is afraid of needles"
    }
  ],
  "meta": {
    "tag": [
      {
        "system": "http://terminology.hl7.org/CodeSystem/v3-ActReason",
        "code": "HTEST",
        "display": "test health data"
      }
    ]
  }
}