{
  "resourceType": "ValueSet",
  "id": "encounter-subject-status",
  "meta": {
    "lastUpdated": "2020-09-09T21:25:03.505+00:00",
    "profile": [
      "http://hl7.org/fhir/StructureDefinition/shareablevalueset"
    ]
  },
  "text": {
    "status": "generated",
    "div": "\u003cdiv xmlns\u003d\"http://www.w3.org/1999/xhtml\"\u003e\u003cul\u003e\u003cli\u003eInclude all codes defined in \u003ca href\u003d\"http://terminology.hl7.org/1.0.0/CodeSystem-encounter-subject-status.html\"\u003e\u003ccode\u003ehttp://terminology.hl7.org/CodeSystem/encounter-subject-status\u003c/code\u003e\u003c/a\u003e\u003c/li\u003e\u003c/ul\u003e\u003c/div\u003e"
  },
  "extension": [
    {
      "url": "http://hl7.org/fhir/StructureDefinition/structuredefinition-wg",
      "valueCode": "pa"
    },
    {
      "url": "http://hl7.org/fhir/StructureDefinition/structuredefinition-standards-status",
      "valueCode": "trial-use"
    },
    {
      "url": "http://hl7.org/fhir/StructureDefinition/structuredefinition-fmm",
      "valueInteger": 2
    }
  ],
  "url": "http://hl7.org/fhir/ValueSet/encounter-subject-status",
  "identifier": [
    {
      "system": "urn:ietf:rfc:3986",
      "value": "urn:oid:2.16.840.1.113883.4.642.3.1419"
    }
  ],
  "version": "4.5.0",
  "name": "EncounterSubjectStatus",
  "title": "Encounter subject status",
  "status": "draft",
  "experimental": false,
  "date": "2020-09-09T21:25:03+00:00",
  "publisher": "FHIR Project team",
  "contact": [
    {
      "telecom": [
        {
          "system": "url",
          "value": "http://hl7.org/fhir"
        }
      ]
    }
  ],
  "description": "This example value set defines a set of codes that can be used to indicate the status of the subject within the encounter",
  "compose": {
    "include": [
      {
        "system": "http://terminology.hl7.org/CodeSystem/encounter-subject-status"
      }
    ]
  }
}