{
  "resourceType": "ValueSet",
  "id": "goal-priority",
  "meta": {
    "lastUpdated": "2020-09-09T21:25:03.505+00:00",
    "profile": [
      "http://hl7.org/fhir/StructureDefinition/shareablevalueset"
    ]
  },
  "text": {
    "status": "generated",
    "div": "\u003cdiv xmlns\u003d\"http://www.w3.org/1999/xhtml\"\u003e\u003cul\u003e\u003cli\u003eInclude all codes defined in \u003ca href\u003d\"http://terminology.hl7.org/1.0.0/CodeSystem-goal-priority.html\"\u003e\u003ccode\u003ehttp://terminology.hl7.org/CodeSystem/goal-priority\u003c/code\u003e\u003c/a\u003e\u003c/li\u003e\u003c/ul\u003e\u003c/div\u003e"
  },
  "extension": [
    {
      "url": "http://hl7.org/fhir/StructureDefinition/structuredefinition-wg",
      "valueCode": "pc"
    }
  ],
  "url": "http://hl7.org/fhir/ValueSet/goal-priority",
  "identifier": [
    {
      "system": "urn:ietf:rfc:3986",
      "value": "urn:oid:2.16.840.1.113883.4.642.3.273"
    }
  ],
  "version": "4.5.0",
  "name": "GoalPriority",
  "title": "Goal priority",
  "status": "draft",
  "experimental": false,
  "date": "2020-09-09T21:25:03+00:00",
  "publisher": "HL7 International - Patient Care WG",
  "contact": [
    {
      "telecom": [
        {
          "system": "url",
          "value": "http://www.hl7.org/Special/committees/patientcare/"
        }
      ]
    }
  ],
  "description": "Indicates the level of importance associated with reaching or sustaining a goal.",
  "compose": {
    "include": [
      {
        "system": "http://terminology.hl7.org/CodeSystem/goal-priority"
      }
    ]
  }
}