{
  "resourceType": "ValueSet",
  "id": "communication-request-status-reason",
  "meta": {
    "lastUpdated": "2020-08-14T05:51:36.302+00:00",
    "profile": [
      "http://hl7.org/fhir/StructureDefinition/shareablevalueset"
    ]
  },
  "text": {
    "status": "generated",
    "div": "\u003cdiv xmlns\u003d\"http://www.w3.org/1999/xhtml\"\u003e\u003cul\u003e\u003cli\u003eInclude these codes as defined in \u003ca href\u003d\"http://www.snomed.org/\"\u003e\u003ccode\u003ehttp://snomed.info/sct\u003c/code\u003e\u003c/a\u003e\u003ctable class\u003d\"none\"\u003e\u003ctr\u003e\u003ctd style\u003d\"white-space:nowrap\"\u003e\u003cb\u003eCode\u003c/b\u003e\u003c/td\u003e\u003ctd\u003e\u003cb\u003eDisplay\u003c/b\u003e\u003c/td\u003e\u003c/tr\u003e\u003ctr\u003e\u003ctd\u003e\u003ca href\u003d\"http://browser.ihtsdotools.org/?perspective\u003dfull\u0026amp;conceptId1\u003d281323002\"\u003e281323002\u003c/a\u003e\u003c/td\u003e\u003ctd\u003eInsufficient requesting detail\u003c/td\u003e\u003ctd/\u003e\u003c/tr\u003e\u003ctr\u003e\u003ctd\u003e\u003ca href\u003d\"http://browser.ihtsdotools.org/?perspective\u003dfull\u0026amp;conceptId1\u003d397709008\"\u003e397709008\u003c/a\u003e\u003c/td\u003e\u003ctd\u003ePatient died\u003c/td\u003e\u003ctd/\u003e\u003c/tr\u003e\u003ctr\u003e\u003ctd\u003e\u003ca href\u003d\"http://browser.ihtsdotools.org/?perspective\u003dfull\u0026amp;conceptId1\u003d105480006\"\u003e105480006\u003c/a\u003e\u003c/td\u003e\u003ctd\u003eRefusal of treatment by patient\u003c/td\u003e\u003ctd/\u003e\u003c/tr\u003e\u003ctr\u003e\u003ctd\u003e\u003ca href\u003d\"http://browser.ihtsdotools.org/?perspective\u003dfull\u0026amp;conceptId1\u003d719500002\"\u003e719500002\u003c/a\u003e\u003c/td\u003e\u003ctd\u003eLeft care setting having refused treatment\u003c/td\u003e\u003ctd/\u003e\u003c/tr\u003e\u003ctr\u003e\u003ctd\u003e\u003ca href\u003d\"http://browser.ihtsdotools.org/?perspective\u003dfull\u0026amp;conceptId1\u003d445060000\"\u003e445060000\u003c/a\u003e\u003c/td\u003e\u003ctd\u003eLeft against medical advice\u003c/td\u003e\u003ctd/\u003e\u003c/tr\u003e\u003ctr\u003e\u003ctd\u003e\u003ca href\u003d\"http://browser.ihtsdotools.org/?perspective\u003dfull\u0026amp;conceptId1\u003d704273008\"\u003e704273008\u003c/a\u003e\u003c/td\u003e\u003ctd\u003eConsent declined for examination of cardiovascular system\u003c/td\u003e\u003ctd/\u003e\u003c/tr\u003e\u003ctr\u003e\u003ctd\u003e\u003ca href\u003d\"http://browser.ihtsdotools.org/?perspective\u003dfull\u0026amp;conceptId1\u003d704274002\"\u003e704274002\u003c/a\u003e\u003c/td\u003e\u003ctd\u003eConsent declined for examination of central nervous system\u003c/td\u003e\u003ctd/\u003e\u003c/tr\u003e\u003ctr\u003e\u003ctd\u003e\u003ca href\u003d\"http://browser.ihtsdotools.org/?perspective\u003dfull\u0026amp;conceptId1\u003d704458005\"\u003e704458005\u003c/a\u003e\u003c/td\u003e\u003ctd\u003eConsent declined for examination of gastrointestinal system\u003c/td\u003e\u003ctd/\u003e\u003c/tr\u003e\u003ctr\u003e\u003ctd\u003e\u003ca href\u003d\"http://browser.ihtsdotools.org/?perspective\u003dfull\u0026amp;conceptId1\u003d704275001\"\u003e704275001\u003c/a\u003e\u003c/td\u003e\u003ctd\u003eConsent declined for examination of genitourinary system\u003c/td\u003e\u003ctd/\u003e\u003c/tr\u003e\u003ctr\u003e\u003ctd\u003e\u003ca href\u003d\"http://browser.ihtsdotools.org/?perspective\u003dfull\u0026amp;conceptId1\u003d704276000\"\u003e704276000\u003c/a\u003e\u003c/td\u003e\u003ctd\u003eConsent declined for examination of musculoskeletal system\u003c/td\u003e\u003ctd/\u003e\u003c/tr\u003e\u003ctr\u003e\u003ctd\u003e\u003ca href\u003d\"http://browser.ihtsdotools.org/?perspective\u003dfull\u0026amp;conceptId1\u003d704277009\"\u003e704277009\u003c/a\u003e\u003c/td\u003e\u003ctd\u003eConsent declined for examination of respiratory system\u003c/td\u003e\u003ctd/\u003e\u003c/tr\u003e\u003ctr\u003e\u003ctd\u003e\u003ca href\u003d\"http://browser.ihtsdotools.org/?perspective\u003dfull\u0026amp;conceptId1\u003d310376006\"\u003e310376006\u003c/a\u003e\u003c/td\u003e\u003ctd\u003eImmunization consent not given\u003c/td\u003e\u003ctd/\u003e\u003c/tr\u003e\u003ctr\u003e\u003ctd\u003e\u003ca href\u003d\"http://browser.ihtsdotools.org/?perspective\u003dfull\u0026amp;conceptId1\u003d414859005\"\u003e414859005\u003c/a\u003e\u003c/td\u003e\u003ctd\u003eNo consent for electronic record sharing\u003c/td\u003e\u003ctd/\u003e\u003c/tr\u003e\u003ctr\u003e\u003ctd\u003e\u003ca href\u003d\"http://browser.ihtsdotools.org/?perspective\u003dfull\u0026amp;conceptId1\u003d416409005\"\u003e416409005\u003c/a\u003e\u003c/td\u003e\u003ctd\u003eRefused consent for upload to local shared electronic record\u003c/td\u003e\u003ctd/\u003e\u003c/tr\u003e\u003ctr\u003e\u003ctd\u003e\u003ca href\u003d\"http://browser.ihtsdotools.org/?perspective\u003dfull\u0026amp;conceptId1\u003d416308001\"\u003e416308001\u003c/a\u003e\u003c/td\u003e\u003ctd\u003eRefused consent for upload to national shared electronic record\u003c/td\u003e\u003ctd/\u003e\u003c/tr\u003e\u003ctr\u003e\u003ctd\u003e\u003ca href\u003d\"http://browser.ihtsdotools.org/?perspective\u003dfull\u0026amp;conceptId1\u003d737038009\"\u003e737038009\u003c/a\u003e\u003c/td\u003e\u003ctd\u003eDeclined consent for treatment\u003c/td\u003e\u003ctd/\u003e\u003c/tr\u003e\u003ctr\u003e\u003ctd\u003e\u003ca href\u003d\"http://browser.ihtsdotools.org/?perspective\u003dfull\u0026amp;conceptId1\u003d713835001\"\u003e713835001\u003c/a\u003e\u003c/td\u003e\u003ctd\u003eDeclined consent for use of patient data in risk stratification for unplanned hospital admission\u003c/td\u003e\u003ctd/\u003e\u003c/tr\u003e\u003ctr\u003e\u003ctd\u003e\u003ca href\u003d\"http://browser.ihtsdotools.org/?perspective\u003dfull\u0026amp;conceptId1\u003d398227009\"\u003e398227009\u003c/a\u003e\u003c/td\u003e\u003ctd\u003eInadequate consent\u003c/td\u003e\u003ctd/\u003e\u003c/tr\u003e\u003c/table\u003e\u003c/li\u003e\u003c/ul\u003e\u003c/div\u003e"
  },
  "extension": [
    {
      "url": "http://hl7.org/fhir/StructureDefinition/structuredefinition-wg",
      "valueCode": "pc"
    },
    {
      "url": "http://hl7.org/fhir/StructureDefinition/structuredefinition-standards-status",
      "valueCode": "draft"
    },
    {
      "url": "http://hl7.org/fhir/StructureDefinition/structuredefinition-fmm",
      "valueInteger": 1
    }
  ],
  "url": "http://hl7.org/fhir/ValueSet/communication-request-status-reason",
  "identifier": [
    {
      "system": "urn:ietf:rfc:3986",
      "value": "urn:oid:2.16.840.1.113883.4.642.3.1418"
    }
  ],
  "version": "4.4.0",
  "name": "CommunicationRequestStatusReason",
  "title": "CommunicationRequest Status Reason",
  "status": "draft",
  "experimental": false,
  "date": "2020-08-14T05:51:36+00:00",
  "publisher": "HL7 International - Patient Care WG",
  "contact": [
    {
      "telecom": [
        {
          "system": "url",
          "value": "http://www.hl7.org/Special/committees/patientcare/"
        }
      ]
    }
  ],
  "description": "Example codes indicating the reason why a CommunicationRequest is on hold or revoked. Note that these are in no way complete and might not even be appropriate for some uses.",
  "copyright": "This resource includes content from SNOMED Clinical Terms® (SNOMED CT®) which is copyright of the International Health Terminology Standards Development Organisation (IHTSDO). Implementers of these specifications must have the appropriate SNOMED CT Affiliate license - for more information contact http://www.snomed.org/snomed-ct/get-snomed-ct or info@snomed.org",
  "compose": {
    "include": [
      {
        "system": "http://snomed.info/sct",
        "concept": [
          {
            "code": "281323002"
          },
          {
            "code": "397709008"
          },
          {
            "code": "105480006"
          },
          {
            "code": "719500002"
          },
          {
            "code": "445060000"
          },
          {
            "code": "704273008"
          },
          {
            "code": "704274002"
          },
          {
            "code": "704458005"
          },
          {
            "code": "704275001"
          },
          {
            "code": "704276000"
          },
          {
            "code": "704277009"
          },
          {
            "code": "310376006"
          },
          {
            "code": "414859005"
          },
          {
            "code": "416409005"
          },
          {
            "code": "416308001"
          },
          {
            "code": "737038009"
          },
          {
            "code": "713835001"
          },
          {
            "code": "398227009"
          }
        ]
      }
    ]
  }
}