{
  "resourceType": "ValueSet",
  "id": "consent-category",
  "meta": {
    "lastUpdated": "2020-09-09T21:25:03.505+00:00",
    "profile": [
      "http://hl7.org/fhir/StructureDefinition/shareablevalueset"
    ]
  },
  "text": {
    "status": "generated",
    "div": "\u003cdiv xmlns\u003d\"http://www.w3.org/1999/xhtml\"\u003e\u003cp\u003eThis value set includes codes based on the following rules:\u003c/p\u003e\u003cul\u003e\u003cli\u003eInclude all codes defined in \u003ca href\u003d\"http://terminology.hl7.org/1.0.0/CodeSystem-consentcategorycodes.html\"\u003e\u003ccode\u003ehttp://terminology.hl7.org/CodeSystem/consentcategorycodes\u003c/code\u003e\u003c/a\u003e\u003c/li\u003e\u003cli\u003eImport all the codes that are contained in \u003ca href\u003d\"http://terminology.hl7.org/1.0.0/ValueSet-v3-ActConsentType.html\"\u003ehttp://terminology.hl7.org/ValueSet/v3-ActConsentType\u003c/a\u003e\u003c/li\u003e\u003cli\u003eInclude these codes as defined in \u003ca href\u003d\"http://loinc.org\"\u003e\u003ccode\u003ehttp://loinc.org\u003c/code\u003e\u003c/a\u003e\u003ctable class\u003d\"none\"\u003e\u003ctr\u003e\u003ctd style\u003d\"white-space:nowrap\"\u003e\u003cb\u003eCode\u003c/b\u003e\u003c/td\u003e\u003ctd\u003e\u003cb\u003eDisplay\u003c/b\u003e\u003c/td\u003e\u003c/tr\u003e\u003ctr\u003e\u003ctd\u003e\u003ca href\u003d\"http://details.loinc.org/LOINC/59284-0.html\"\u003e59284-0\u003c/a\u003e\u003c/td\u003e\u003ctd\u003ePatient Consent \u003c/td\u003e\u003ctd/\u003e\u003c/tr\u003e\u003ctr\u003e\u003ctd\u003e\u003ca href\u003d\"http://details.loinc.org/LOINC/57016-8.html\"\u003e57016-8\u003c/a\u003e\u003c/td\u003e\u003ctd\u003ePrivacy policy acknowledgement Document\u003c/td\u003e\u003ctd/\u003e\u003c/tr\u003e\u003ctr\u003e\u003ctd\u003e\u003ca href\u003d\"http://details.loinc.org/LOINC/57017-6.html\"\u003e57017-6\u003c/a\u003e\u003c/td\u003e\u003ctd\u003ePrivacy policy Organization Document \u003c/td\u003e\u003ctd/\u003e\u003c/tr\u003e\u003ctr\u003e\u003ctd\u003e\u003ca href\u003d\"http://details.loinc.org/LOINC/64292-6.html\"\u003e64292-6\u003c/a\u003e\u003c/td\u003e\u003ctd\u003eRelease of information consent \u003c/td\u003e\u003ctd/\u003e\u003c/tr\u003e\u003c/table\u003e\u003c/li\u003e\u003c/ul\u003e\u003c/div\u003e"
  },
  "extension": [
    {
      "url": "http://hl7.org/fhir/StructureDefinition/structuredefinition-wg",
      "valueCode": "cbcc"
    },
    {
      "url": "http://hl7.org/fhir/StructureDefinition/structuredefinition-standards-status",
      "valueCode": "trial-use"
    },
    {
      "url": "http://hl7.org/fhir/StructureDefinition/structuredefinition-fmm",
      "valueInteger": 2
    }
  ],
  "url": "http://hl7.org/fhir/ValueSet/consent-category",
  "identifier": [
    {
      "system": "urn:ietf:rfc:3986",
      "value": "urn:oid:2.16.840.1.113883.4.642.3.751"
    }
  ],
  "version": "4.5.0",
  "name": "ConsentCategoryCodes",
  "title": "Consent Category Codes",
  "status": "draft",
  "experimental": false,
  "date": "2020-09-09T21:25:03+00:00",
  "publisher": "FHIR Project (CBCC)",
  "contact": [
    {
      "telecom": [
        {
          "system": "url",
          "value": "http://hl7.org/fhir"
        }
      ]
    }
  ],
  "description": "This value set includes sample Consent Directive Type codes, including several consent directive related LOINC codes; HL7 VALUE SET: ActConsentType(2.16.840.1.113883.1.11.19897); examples of US realm consent directive legal descriptions and references to online and/or downloadable forms such as the SSA-827 Authorization to Disclose Information to the Social Security Administration; and other anticipated consent directives related to participation in a clinical trial, medical procedures, reproductive procedures; health care directive (Living Will); advance directive, do not resuscitate (DNR); Physician Orders for Life-Sustaining Treatment (POLST)",
  "copyright": "This value set includes content from LOINC® which is copyright © 1995 Regenstrief Institute, Inc. and the LOINC Committee, and available at no cost under the license at http://loinc.org/terms-of-use",
  "compose": {
    "include": [
      {
        "system": "http://terminology.hl7.org/CodeSystem/consentcategorycodes"
      },
      {
        "valueSet": [
          "http://terminology.hl7.org/ValueSet/v3-ActConsentType"
        ]
      },
      {
        "system": "http://loinc.org",
        "concept": [
          {
            "code": "59284-0",
            "display": "Patient Consent "
          },
          {
            "code": "57016-8",
            "display": "Privacy policy acknowledgement Document"
          },
          {
            "code": "57017-6",
            "display": "Privacy policy Organization Document "
          },
          {
            "code": "64292-6",
            "display": "Release of information consent "
          }
        ]
      }
    ]
  }
}