{
  "resourceType": "ValueSet",
  "id": "consent-performer",
  "meta": {
    "lastUpdated": "2020-09-09T21:25:03.505+00:00",
    "profile": [
      "http://hl7.org/fhir/StructureDefinition/shareablevalueset"
    ]
  },
  "text": {
    "status": "generated",
    "div": "\u003cdiv xmlns\u003d\"http://www.w3.org/1999/xhtml\"\u003e\u003cul\u003e\u003cli\u003eInclude all codes defined in \u003ca href\u003d\"codesystem-consent-performer.html\"\u003e\u003ccode\u003ehttp://hl7.org/fhir/consentperformer\u003c/code\u003e\u003c/a\u003e\u003c/li\u003e\u003c/ul\u003e\u003c/div\u003e"
  },
  "extension": [
    {
      "url": "http://hl7.org/fhir/StructureDefinition/structuredefinition-wg",
      "valueCode": "cbcc"
    }
  ],
  "url": "http://hl7.org/fhir/ValueSet/consent-performer",
  "identifier": [
    {
      "system": "urn:ietf:rfc:3986",
      "value": "urn:oid:2.16.840.1.113883.4.642.3.1016"
    }
  ],
  "version": "4.5.0",
  "name": "PerformerRoleCodes",
  "title": "Performer Role Codes",
  "status": "draft",
  "experimental": false,
  "date": "2020-09-09T21:25:03+00:00",
  "publisher": "CBCC",
  "contact": [
    {
      "telecom": [
        {
          "system": "url",
          "value": "http://hl7.org/fhir"
        }
      ]
    }
  ],
  "description": "This value set includes sample Performer Role codes.",
  "immutable": true,
  "copyright": "This is an example set.",
  "compose": {
    "include": [
      {
        "system": "http://hl7.org/fhir/consentperformer"
      }
    ]
  }
}