{
  "resourceType": "ValueSet",
  "id": "verificationresult-communication-method",
  "meta": {
    "lastUpdated": "2020-09-09T21:25:03.505+00:00",
    "profile": [
      "http://hl7.org/fhir/StructureDefinition/shareablevalueset"
    ]
  },
  "text": {
    "status": "generated",
    "div": "\u003cdiv xmlns\u003d\"http://www.w3.org/1999/xhtml\"\u003e\u003cul\u003e\u003cli\u003eInclude all codes defined in \u003ca href\u003d\"http://terminology.hl7.org/1.0.0/CodeSystem-verificationresult-communication-method.html\"\u003e\u003ccode\u003ehttp://terminology.hl7.org/CodeSystem/verificationresult-communication-method\u003c/code\u003e\u003c/a\u003e\u003c/li\u003e\u003c/ul\u003e\u003c/div\u003e"
  },
  "extension": [
    {
      "url": "http://hl7.org/fhir/StructureDefinition/structuredefinition-wg",
      "valueCode": "pa"
    },
    {
      "url": "http://hl7.org/fhir/StructureDefinition/structuredefinition-standards-status",
      "valueCode": "draft"
    },
    {
      "url": "http://hl7.org/fhir/StructureDefinition/structuredefinition-fmm",
      "valueInteger": 1
    }
  ],
  "url": "http://hl7.org/fhir/ValueSet/verificationresult-communication-method",
  "identifier": [
    {
      "system": "urn:ietf:rfc:3986",
      "value": "urn:oid:2.16.840.1.113883.4.642.3.1401"
    }
  ],
  "version": "4.5.0",
  "name": "verificationresult-communication-method",
  "title": "VerificationResult Communication Method",
  "status": "active",
  "experimental": false,
  "date": "2018-10-31",
  "publisher": "HL7 International",
  "contact": [
    {
      "telecom": [
        {
          "system": "other",
          "value": "http://hl7.org/fhir"
        }
      ]
    }
  ],
  "description": "Attested information may be validated by process that are manual or automated. For automated processes it may accomplished by the system of record reaching out through another system\u0027s API or information may be sent to the system of record. This value set defines a set of codes to describing the process, the how, a resource or data element is validated.",
  "compose": {
    "include": [
      {
        "system": "http://terminology.hl7.org/CodeSystem/verificationresult-communication-method"
      }
    ]
  }
}