{
  "resourceType": "ValueSet",
  "id": "specimen-collection-priority",
  "meta": {
    "lastUpdated": "2020-08-14T05:51:36.302+00:00",
    "profile": [
      "http://hl7.org/fhir/StructureDefinition/shareablevalueset"
    ]
  },
  "text": {
    "status": "generated",
    "div": "\u003cdiv xmlns\u003d\"http://www.w3.org/1999/xhtml\"\u003e\u003cul\u003e\u003cli\u003eInclude these codes as defined in \u003ccode\u003ehttp://example.com\u003c/code\u003e\u003ctable class\u003d\"none\"\u003e\u003ctr\u003e\u003ctd style\u003d\"white-space:nowrap\"\u003e\u003cb\u003eCode\u003c/b\u003e\u003c/td\u003e\u003ctd\u003e\u003cb\u003eDisplay\u003c/b\u003e\u003c/td\u003e\u003c/tr\u003e\u003ctr\u003e\u003ctd\u003e1\u003c/td\u003e\u003ctd\u003eSTAT\u003c/td\u003e\u003ctd/\u003e\u003c/tr\u003e\u003ctr\u003e\u003ctd\u003e2\u003c/td\u003e\u003ctd\u003eASAP\u003c/td\u003e\u003ctd/\u003e\u003c/tr\u003e\u003ctr\u003e\u003ctd\u003e3\u003c/td\u003e\u003ctd\u003eASAP-ED\u003c/td\u003e\u003ctd/\u003e\u003c/tr\u003e\u003ctr\u003e\u003ctd\u003e4\u003c/td\u003e\u003ctd\u003eAM\u003c/td\u003e\u003ctd/\u003e\u003c/tr\u003e\u003ctr\u003e\u003ctd\u003e5\u003c/td\u003e\u003ctd\u003eROUTINE\u003c/td\u003e\u003ctd/\u003e\u003c/tr\u003e\u003ctr\u003e\u003ctd\u003e6\u003c/td\u003e\u003ctd\u003eNURSE COLLECT\u003c/td\u003e\u003ctd/\u003e\u003c/tr\u003e\u003ctr\u003e\u003ctd\u003e7\u003c/td\u003e\u003ctd\u003eCALL OR FAX\u003c/td\u003e\u003ctd/\u003e\u003c/tr\u003e\u003c/table\u003e\u003c/li\u003e\u003c/ul\u003e\u003c/div\u003e"
  },
  "extension": [
    {
      "url": "http://hl7.org/fhir/StructureDefinition/structuredefinition-wg",
      "valueCode": "oo"
    }
  ],
  "url": "http://hl7.org/fhir/ValueSet/specimen-collection-priority",
  "identifier": [
    {
      "system": "urn:ietf:rfc:3986",
      "value": "urn:oid:2.16.840.1.113883.4.642.3.939"
    }
  ],
  "version": "4.4.0",
  "name": "SpecimenCollectionPriority",
  "title": "Specimen collection priority",
  "status": "draft",
  "experimental": false,
  "date": "2020-08-14T05:51:36+00:00",
  "publisher": "FHIR Project team",
  "contact": [
    {
      "telecom": [
        {
          "system": "url",
          "value": "http://hl7.org/fhir"
        }
      ]
    }
  ],
  "description": " This example value set defines a set of codes that can be used to indicate the priority of collection of a specimen.",
  "copyright": "TBD",
  "compose": {
    "include": [
      {
        "system": "http://example.com",
        "concept": [
          {
            "code": "1",
            "display": "STAT"
          },
          {
            "code": "2",
            "display": "ASAP"
          },
          {
            "code": "3",
            "display": "ASAP-ED"
          },
          {
            "code": "4",
            "display": "AM"
          },
          {
            "code": "5",
            "display": "ROUTINE"
          },
          {
            "code": "6",
            "display": "NURSE COLLECT"
          },
          {
            "code": "7",
            "display": "CALL OR FAX"
          }
        ]
      }
    ]
  }
}