{
  "resourceType": "CapabilityStatement",
  "id": "terminology-server",
  "text": {
    "status": "generated",
    "div": "\u003cdiv xmlns\u003d\"http://www.w3.org/1999/xhtml\"\u003e\n      \u003ch2\u003eTerminology Service Capability Statement\u003c/h2\u003e\n      \u003cdiv\u003e\n        \u003cp\u003eBasic capability statement for a Terminology Server. A server can support more fucntionality than defined here, but this is the minimum amount\u003c/p\u003e\n\n      \u003c/div\u003e\n      \u003ctable\u003e\n        \u003ctr\u003e\n          \u003ctd\u003eMode\u003c/td\u003e\n          \u003ctd\u003eSERVER\u003c/td\u003e\n        \u003c/tr\u003e\n        \u003ctr\u003e\n          \u003ctd\u003eDescription\u003c/td\u003e\n          \u003ctd\u003eRESTful Terminology Server\u003c/td\u003e\n        \u003c/tr\u003e\n        \u003ctr\u003e\n          \u003ctd\u003eTransaction\u003c/td\u003e\n          \u003ctd/\u003e\n        \u003c/tr\u003e\n        \u003ctr\u003e\n          \u003ctd\u003eSystem History\u003c/td\u003e\n          \u003ctd/\u003e\n        \u003c/tr\u003e\n        \u003ctr\u003e\n          \u003ctd\u003eSystem Search\u003c/td\u003e\n          \u003ctd/\u003e\n        \u003c/tr\u003e\n      \u003c/table\u003e\n      \u003ctable\u003e\n        \u003ctr\u003e\n          \u003cth\u003e\n            \u003cb\u003eResource Type\u003c/b\u003e\n          \u003c/th\u003e\n          \u003cth\u003e\n            \u003cb\u003eProfile\u003c/b\u003e\n          \u003c/th\u003e\n          \u003cth\u003e\n            \u003cb title\u003d\"GET a resource (read interaction)\"\u003eRead\u003c/b\u003e\n          \u003c/th\u003e\n          \u003cth\u003e\n            \u003cb title\u003d\"GET all set of resources of the type (search interaction)\"\u003eSearch\u003c/b\u003e\n          \u003c/th\u003e\n          \u003cth\u003e\n            \u003cb title\u003d\"PUT a new resource version (update interaction)\"\u003eUpdate\u003c/b\u003e\n          \u003c/th\u003e\n          \u003cth\u003e\n            \u003cb title\u003d\"POST a new resource (create interaction)\"\u003eCreate\u003c/b\u003e\n          \u003c/th\u003e\n        \u003c/tr\u003e\n        \u003ctr\u003e\n          \u003ctd\u003eValueSet\u003c/td\u003e\n          \u003ctd\u003e\n            \u003ca href\u003d\"StructureDefinition/ValueSet\"\u003eStructureDefinition/ValueSet\u003c/a\u003e\n          \u003c/td\u003e\n          \u003ctd\u003ey\u003c/td\u003e\n          \u003ctd\u003ey\u003c/td\u003e\n          \u003ctd/\u003e\n          \u003ctd/\u003e\n        \u003c/tr\u003e\n        \u003ctr\u003e\n          \u003ctd\u003eConceptMap\u003c/td\u003e\n          \u003ctd\u003e\n            \u003ca href\u003d\"StructureDefinition/ConceptMap\"\u003eStructureDefinition/ConceptMap\u003c/a\u003e\n          \u003c/td\u003e\n          \u003ctd\u003ey\u003c/td\u003e\n          \u003ctd\u003ey\u003c/td\u003e\n          \u003ctd/\u003e\n          \u003ctd/\u003e\n        \u003c/tr\u003e\n      \u003c/table\u003e\n    \u003c/div\u003e"
  },
  "extension": [
    {
      "url": "http://hl7.org/fhir/StructureDefinition/capabilitystatement-supported-system",
      "valueUri": "http://loinc.org"
    }
  ],
  "url": "http://hl7.org/fhir/terminology-server",
  "version": "4.2.0",
  "name": "Terminology Service Capability Statement",
  "status": "draft",
  "date": "2015-07-05",
  "publisher": "HL7, Inc",
  "contact": [
    {
      "name": "FHIR Project",
      "telecom": [
        {
          "system": "url",
          "value": "http://hl7.org/fhir"
        }
      ]
    }
  ],
  "description": "Basic capability statement for a Terminology Server. A server can support more fucntionality than defined here, but this is the minimum amount",
  "kind": "capability",
  "software": {
    "name": "ACME Terminology Server"
  },
  "fhirVersion": "4.2.0",
  "format": [
    "json",
    "xml"
  ],
  "rest": [
    {
      "mode": "server",
      "documentation": "RESTful Terminology Server",
      "security": {
        "cors": true,
        "service": [
          {
            "coding": [
              {
                "system": "http://terminology.hl7.org/CodeSystem/restful-security-service",
                "code": "Certificates"
              }
            ]
          }
        ]
      },
      "resource": [
        {
          "type": "ValueSet",
          "profile": "StructureDefinition/ValueSet",
          "interaction": [
            {
              "extension": [
                {
                  "url": "http://hl7.org/fhir/StructureDefinition/capabilitystatement-expectation",
                  "valueCode": "SHALL"
                }
              ],
              "code": "read",
              "documentation": "Read allows clients to get the logical definitions of the value sets"
            },
            {
              "extension": [
                {
                  "url": "http://hl7.org/fhir/StructureDefinition/capabilitystatement-expectation",
                  "valueCode": "SHALL"
                }
              ],
              "code": "search-type",
              "documentation": "Search allows clients to find value sets on the server"
            }
          ],
          "searchParam": [
            {
              "name": "date",
              "definition": "http://hl7.org/fhir/SearchParameter/ValueSet-date",
              "type": "date"
            },
            {
              "name": "name",
              "definition": "http://hl7.org/fhir/SearchParameter/ValueSet-name",
              "type": "string"
            },
            {
              "name": "reference",
              "definition": "http://hl7.org/fhir/SearchParameter/ValueSet-reference",
              "type": "uri"
            },
            {
              "name": "status",
              "definition": "http://hl7.org/fhir/SearchParameter/ValueSet-status",
              "type": "token"
            },
            {
              "name": "url",
              "definition": "http://hl7.org/fhir/SearchParameter/ValueSet-url",
              "type": "uri"
            },
            {
              "name": "version",
              "definition": "http://hl7.org/fhir/SearchParameter/ValueSet-version",
              "type": "token"
            }
          ]
        },
        {
          "type": "ConceptMap",
          "profile": "StructureDefinition/ConceptMap",
          "interaction": [
            {
              "extension": [
                {
                  "url": "http://hl7.org/fhir/StructureDefinition/capabilitystatement-expectation",
                  "valueCode": "SHALL"
                }
              ],
              "code": "read",
              "documentation": "Read allows clients to get the logical definitions of the concept maps"
            },
            {
              "extension": [
                {
                  "url": "http://hl7.org/fhir/StructureDefinition/capabilitystatement-expectation",
                  "valueCode": "SHALL"
                }
              ],
              "code": "search-type",
              "documentation": "Search allows clients to find concept maps on the server"
            }
          ],
          "searchParam": [
            {
              "name": "date",
              "definition": "http://hl7.org/fhir/SearchParameter/ConceptMap-date",
              "type": "date"
            },
            {
              "name": "name",
              "definition": "http://hl7.org/fhir/SearchParameter/ConceptMap-name",
              "type": "string"
            },
            {
              "name": "status",
              "definition": "http://hl7.org/fhir/SearchParameter/ConceptMap-status",
              "type": "token"
            },
            {
              "name": "source",
              "definition": "http://hl7.org/fhir/SearchParameter/ConceptMap-source",
              "type": "reference"
            },
            {
              "name": "target",
              "definition": "http://hl7.org/fhir/SearchParameter/ConceptMap-target",
              "type": "reference"
            },
            {
              "name": "url",
              "definition": "http://hl7.org/fhir/SearchParameter/ConceptMap-url",
              "type": "uri"
            },
            {
              "name": "version",
              "definition": "http://hl7.org/fhir/SearchParameter/ConceptMap-version",
              "type": "token"
            }
          ]
        }
      ],
      "operation": [
        {
          "extension": [
            {
              "url": "http://hl7.org/fhir/StructureDefinition/capabilitystatement-expectation",
              "valueCode": "SHALL"
            }
          ],
          "name": "expand",
          "definition": "OperationDefinition/ValueSet-expand"
        },
        {
          "extension": [
            {
              "url": "http://hl7.org/fhir/StructureDefinition/capabilitystatement-expectation",
              "valueCode": "SHALL"
            }
          ],
          "name": "lookup",
          "definition": "OperationDefinition/CodeSystem-lookup"
        },
        {
          "extension": [
            {
              "url": "http://hl7.org/fhir/StructureDefinition/capabilitystatement-expectation",
              "valueCode": "SHALL"
            }
          ],
          "name": "validate-code",
          "definition": "OperationDefinition/ValueSet-validate-code"
        },
        {
          "extension": [
            {
              "url": "http://hl7.org/fhir/StructureDefinition/capabilitystatement-expectation",
              "valueCode": "SHALL"
            }
          ],
          "name": "translate",
          "definition": "OperationDefinition/ConceptMap-translate"
        },
        {
          "extension": [
            {
              "url": "http://hl7.org/fhir/StructureDefinition/capabilitystatement-expectation",
              "valueCode": "SHOULD"
            }
          ],
          "name": "closure",
          "definition": "OperationDefinition/ConceptMap-closure"
        }
      ]
    }
  ]
}