{
  "resourceType": "ConceptMap",
  "id": "cm-administrative-gender-v2",
  "text": {
    "status": "generated",
    "div": "\u003cdiv xmlns\u003d\"http://www.w3.org/1999/xhtml\"\u003e\u003ch2\u003ev2.AdministrativeGender (http://hl7.org/fhir/ConceptMap/cm-administrative-gender-v2)\u003c/h2\u003e\u003cp\u003eMapping from \u003ca href\u003d\"valueset-administrative-gender.html\"\u003ehttp://hl7.org/fhir/ValueSet/administrative-gender\u003c/a\u003e to \u003ca href\u003d\"v2/0001/index.html\"\u003ehttp://terminology.hl7.org/ValueSet/v2-0001\u003c/a\u003e\u003c/p\u003e\u003cp\u003eDRAFT. Published on Feb 29, 2020 7:59:43 AM by HL7 (FHIR Project). \u003c/p\u003e\u003cbr/\u003e\u003ctable class\u003d\"grid\"\u003e\u003ctr\u003e\u003ctd colspan\u003d\"1\"\u003e\u003cb\u003eSource Concept Details\u003c/b\u003e\u003c/td\u003e\u003ctd\u003e\u003cb\u003eRelationship\u003c/b\u003e\u003c/td\u003e\u003ctd colspan\u003d\"1\"\u003e\u003cb\u003eDestination Concept Details\u003c/b\u003e\u003c/td\u003e\u003c/tr\u003e\u003ctr\u003e\u003ctd\u003e\u003cb\u003eCode\u003c/b\u003e from \u003ca href\u003d\"codesystem-administrative-gender.html\" title\u003d\"http://hl7.org/fhir/administrative-gender\"\u003eAdministrativeGender\u003c/a\u003e\u003c/td\u003e\u003ctd/\u003e\u003ctd\u003e\u003cb\u003eCode\u003c/b\u003e from \u003ca href\u003d\"v2/0001/index.html\" title\u003d\"http://terminology.hl7.org/CodeSystem/v2-0001\"\u003ev2 SEX\u003c/a\u003e\u003c/td\u003e\u003c/tr\u003e\u003ctr\u003e\u003ctd\u003emale (Male)\u003c/td\u003e\u003ctd\u003e\u003ca href\u003d\"codesystem-concept-map-relationship.html#equivalent\"\u003eis equivalent to\u003c/a\u003e\u003c/td\u003e\u003ctd\u003eM (Male)\u003c/td\u003e\u003c/tr\u003e\u003ctr\u003e\u003ctd\u003efemale (Female)\u003c/td\u003e\u003ctd\u003e\u003ca href\u003d\"codesystem-concept-map-relationship.html#equivalent\"\u003eis equivalent to\u003c/a\u003e\u003c/td\u003e\u003ctd\u003eF (Female)\u003c/td\u003e\u003c/tr\u003e\u003ctr\u003e\u003ctd style\u003d\"border-bottom-style: none\"\u003eother (Other)\u003c/td\u003e\u003ctd\u003e\u003ca href\u003d\"codesystem-concept-map-relationship.html#broader\"\u003emaps to wider concept\u003c/a\u003e\u003c/td\u003e\u003ctd\u003eA (Ambiguous)\u003c/td\u003e\u003c/tr\u003e\u003ctr\u003e\u003ctd style\u003d\"border-top-style: none\"/\u003e\u003ctd\u003e\u003ca href\u003d\"codesystem-concept-map-relationship.html#broader\"\u003emaps to wider concept\u003c/a\u003e\u003c/td\u003e\u003ctd\u003eO (Other)\u003c/td\u003e\u003c/tr\u003e\u003ctr\u003e\u003ctd\u003eunknown (Unknown)\u003c/td\u003e\u003ctd\u003e\u003ca href\u003d\"codesystem-concept-map-relationship.html#equivalent\"\u003eis equivalent to\u003c/a\u003e\u003c/td\u003e\u003ctd\u003eU (Unknown)\u003c/td\u003e\u003c/tr\u003e\u003c/table\u003e\u003c/div\u003e"
  },
  "url": "http://hl7.org/fhir/ConceptMap/cm-administrative-gender-v2",
  "version": "4.2.0",
  "name": "v2.AdministrativeGender",
  "title": "v2 map for AdministrativeGender",
  "status": "draft",
  "date": "2020-02-29T07:59:43+00:00",
  "publisher": "HL7 (FHIR Project)",
  "sourceCanonical": "http://hl7.org/fhir/ValueSet/administrative-gender",
  "targetCanonical": "http://terminology.hl7.org/ValueSet/v2-0001",
  "group": [
    {
      "source": "http://hl7.org/fhir/administrative-gender",
      "target": "http://terminology.hl7.org/CodeSystem/v2-0001",
      "element": [
        {
          "code": "male",
          "target": [
            {
              "code": "M",
              "relationship": "equivalent"
            }
          ]
        },
        {
          "code": "female",
          "target": [
            {
              "code": "F",
              "relationship": "equivalent"
            }
          ]
        },
        {
          "code": "other",
          "target": [
            {
              "code": "A",
              "relationship": "broader"
            },
            {
              "code": "O",
              "relationship": "broader"
            }
          ]
        },
        {
          "code": "unknown",
          "target": [
            {
              "code": "U",
              "relationship": "equivalent"
            }
          ]
        }
      ]
    }
  ]
}