{
  "resourceType": "ConceptMap",
  "id": "cm-detectedissue-severity-v3",
  "text": {
    "status": "generated",
    "div": "\u003cdiv xmlns\u003d\"http://www.w3.org/1999/xhtml\"\u003e\u003ch2\u003ev3.DetectedIssueSeverity (http://hl7.org/fhir/ConceptMap/cm-detectedissue-severity-v3)\u003c/h2\u003e\u003cp\u003eMapping from \u003ca href\u003d\"valueset-detectedissue-severity.html\"\u003ehttp://hl7.org/fhir/ValueSet/detectedissue-severity\u003c/a\u003e to \u003ca href\u003d\"v3/SeverityObservation/vs.html\"\u003ehttp://terminology.hl7.org/ValueSet/v3-SeverityObservation\u003c/a\u003e\u003c/p\u003e\u003cp\u003eDRAFT. Published on Feb 29, 2020 7:59:43 AM by HL7 (FHIR Project) (\u003ca href\u003d\"http://hl7.org/fhir\"\u003ehttp://hl7.org/fhir\u003c/a\u003e, \u003ca href\u003d\"mailto:fhir@lists.hl7.org\"\u003efhir@lists.hl7.org\u003c/a\u003e). \u003c/p\u003e\u003cbr/\u003e\u003ctable class\u003d\"grid\"\u003e\u003ctr\u003e\u003ctd\u003e\u003cb\u003eSource Code\u003c/b\u003e\u003c/td\u003e\u003ctd\u003e\u003cb\u003eRelationship\u003c/b\u003e\u003c/td\u003e\u003ctd\u003e\u003cb\u003eDestination Code\u003c/b\u003e\u003c/td\u003e\u003c/tr\u003e\u003ctr\u003e\u003ctd\u003ehigh\u003c/td\u003e\u003ctd\u003e\u003ca href\u003d\"codesystem-concept-map-relationship.html#equivalent\"\u003eis equivalent to\u003c/a\u003e\u003c/td\u003e\u003ctd\u003eH (High)\u003c/td\u003e\u003c/tr\u003e\u003ctr\u003e\u003ctd\u003emoderate\u003c/td\u003e\u003ctd\u003e\u003ca href\u003d\"codesystem-concept-map-relationship.html#equivalent\"\u003eis equivalent to\u003c/a\u003e\u003c/td\u003e\u003ctd\u003eM (Moderate)\u003c/td\u003e\u003c/tr\u003e\u003ctr\u003e\u003ctd\u003elow\u003c/td\u003e\u003ctd\u003e\u003ca href\u003d\"codesystem-concept-map-relationship.html#equivalent\"\u003eis equivalent to\u003c/a\u003e\u003c/td\u003e\u003ctd\u003eL (Low)\u003c/td\u003e\u003c/tr\u003e\u003c/table\u003e\u003c/div\u003e"
  },
  "url": "http://hl7.org/fhir/ConceptMap/cm-detectedissue-severity-v3",
  "version": "4.2.0",
  "name": "v3.DetectedIssueSeverity",
  "title": "v3 map for DetectedIssueSeverity",
  "status": "draft",
  "date": "2020-02-29T07:59:43+00:00",
  "publisher": "HL7 (FHIR Project)",
  "contact": [
    {
      "telecom": [
        {
          "system": "url",
          "value": "http://hl7.org/fhir"
        },
        {
          "system": "email",
          "value": "fhir@lists.hl7.org"
        }
      ]
    }
  ],
  "sourceCanonical": "http://hl7.org/fhir/ValueSet/detectedissue-severity",
  "targetCanonical": "http://terminology.hl7.org/ValueSet/v3-SeverityObservation",
  "group": [
    {
      "source": "http://hl7.org/fhir/detectedissue-severity",
      "target": "http://terminology.hl7.org/CodeSystem/v3-ObservationValue",
      "element": [
        {
          "code": "high",
          "target": [
            {
              "code": "H",
              "relationship": "equivalent"
            }
          ]
        },
        {
          "code": "moderate",
          "target": [
            {
              "code": "M",
              "relationship": "equivalent"
            }
          ]
        },
        {
          "code": "low",
          "target": [
            {
              "code": "L",
              "relationship": "equivalent"
            }
          ]
        }
      ]
    }
  ]
}