{
  "resourceType": "CodeSystem",
  "id": "process-priority",
  "meta": {
    "lastUpdated": "2020-02-29T07:59:43.660+00:00",
    "profile": [
      "http://hl7.org/fhir/StructureDefinition/shareablecodesystem"
    ]
  },
  "text": {
    "status": "generated",
    "div": "\u003cdiv xmlns\u003d\"http://www.w3.org/1999/xhtml\"\u003e\u003ch2\u003eProcess Priority Codes\u003c/h2\u003e\u003cdiv\u003e\u003cp\u003eThis value set includes the financial processing priority codes.\u003c/p\u003e\n\u003c/div\u003e\u003cp\u003e\u003cb\u003eCopyright Statement:\u003c/b\u003e This is an example set.\u003c/p\u003e\u003cp\u003eThis code system http://terminology.hl7.org/CodeSystem/processpriority defines the following codes:\u003c/p\u003e\u003ctable class\u003d\"codes\"\u003e\u003ctr\u003e\u003ctd style\u003d\"white-space:nowrap\"\u003e\u003cb\u003eCode\u003c/b\u003e\u003c/td\u003e\u003ctd\u003e\u003cb\u003eDisplay\u003c/b\u003e\u003c/td\u003e\u003ctd\u003e\u003cb\u003eDefinition\u003c/b\u003e\u003c/td\u003e\u003c/tr\u003e\u003ctr\u003e\u003ctd style\u003d\"white-space:nowrap\"\u003estat\u003ca name\u003d\"process-priority-stat\"\u003e \u003c/a\u003e\u003c/td\u003e\u003ctd\u003eImmediate\u003c/td\u003e\u003ctd\u003eImmediately in real time.\u003c/td\u003e\u003c/tr\u003e\u003ctr\u003e\u003ctd style\u003d\"white-space:nowrap\"\u003enormal\u003ca name\u003d\"process-priority-normal\"\u003e \u003c/a\u003e\u003c/td\u003e\u003ctd\u003eNormal\u003c/td\u003e\u003ctd\u003eWith best effort.\u003c/td\u003e\u003c/tr\u003e\u003ctr\u003e\u003ctd style\u003d\"white-space:nowrap\"\u003edeferred\u003ca name\u003d\"process-priority-deferred\"\u003e \u003c/a\u003e\u003c/td\u003e\u003ctd\u003eDeferred\u003c/td\u003e\u003ctd\u003eLater, when possible.\u003c/td\u003e\u003c/tr\u003e\u003c/table\u003e\u003c/div\u003e"
  },
  "extension": [
    {
      "url": "http://hl7.org/fhir/StructureDefinition/structuredefinition-wg",
      "valueCode": "fm"
    },
    {
      "url": "http://hl7.org/fhir/StructureDefinition/structuredefinition-standards-status",
      "valueCode": "draft"
    },
    {
      "url": "http://hl7.org/fhir/StructureDefinition/structuredefinition-fmm",
      "valueInteger": 1
    }
  ],
  "url": "http://terminology.hl7.org/CodeSystem/processpriority",
  "identifier": [
    {
      "system": "urn:ietf:rfc:3986",
      "value": "urn:oid:2.16.840.1.113883.4.642.1.1155"
    }
  ],
  "version": "4.2.0",
  "name": "ProcessPriorityCodes",
  "title": "Process Priority Codes",
  "status": "draft",
  "experimental": false,
  "publisher": "Financial Management",
  "contact": [
    {
      "telecom": [
        {
          "system": "url",
          "value": "http://hl7.org/fhir"
        }
      ]
    }
  ],
  "description": "This value set includes the financial processing priority codes.",
  "copyright": "This is an example set.",
  "caseSensitive": true,
  "valueSet": "http://hl7.org/fhir/ValueSet/process-priority",
  "content": "complete",
  "concept": [
    {
      "code": "stat",
      "display": "Immediate",
      "definition": "Immediately in real time."
    },
    {
      "code": "normal",
      "display": "Normal",
      "definition": "With best effort."
    },
    {
      "code": "deferred",
      "display": "Deferred",
      "definition": "Later, when possible."
    }
  ]
}