{
  "resourceType": "CodeSystem",
  "id": "payment-type",
  "meta": {
    "lastUpdated": "2020-02-29T07:59:43.660+00:00",
    "profile": [
      "http://hl7.org/fhir/StructureDefinition/shareablecodesystem"
    ]
  },
  "text": {
    "status": "generated",
    "div": "\u003cdiv xmlns\u003d\"http://www.w3.org/1999/xhtml\"\u003e\u003ch2\u003ePayment Type Codes\u003c/h2\u003e\u003cdiv\u003e\u003cp\u003eThis value set includes sample Payment Type codes.\u003c/p\u003e\n\u003c/div\u003e\u003cp\u003e\u003cb\u003eCopyright Statement:\u003c/b\u003e This is an example set.\u003c/p\u003e\u003cp\u003eThis code system http://terminology.hl7.org/CodeSystem/payment-type defines the following codes:\u003c/p\u003e\u003ctable class\u003d\"codes\"\u003e\u003ctr\u003e\u003ctd style\u003d\"white-space:nowrap\"\u003e\u003cb\u003eCode\u003c/b\u003e\u003c/td\u003e\u003ctd\u003e\u003cb\u003eDisplay\u003c/b\u003e\u003c/td\u003e\u003ctd\u003e\u003cb\u003eDefinition\u003c/b\u003e\u003c/td\u003e\u003c/tr\u003e\u003ctr\u003e\u003ctd style\u003d\"white-space:nowrap\"\u003epayment\u003ca name\u003d\"payment-type-payment\"\u003e \u003c/a\u003e\u003c/td\u003e\u003ctd\u003ePayment\u003c/td\u003e\u003ctd\u003eThe amount is partial or complete settlement of the amounts due.\u003c/td\u003e\u003c/tr\u003e\u003ctr\u003e\u003ctd style\u003d\"white-space:nowrap\"\u003eadjustment\u003ca name\u003d\"payment-type-adjustment\"\u003e \u003c/a\u003e\u003c/td\u003e\u003ctd\u003eAdjustment\u003c/td\u003e\u003ctd\u003eThe amount is an adjustment regarding claims already paid.\u003c/td\u003e\u003c/tr\u003e\u003ctr\u003e\u003ctd style\u003d\"white-space:nowrap\"\u003eadvance\u003ca name\u003d\"payment-type-advance\"\u003e \u003c/a\u003e\u003c/td\u003e\u003ctd\u003eAdvance\u003c/td\u003e\u003ctd\u003eThe amount is an advance against future claims.\u003c/td\u003e\u003c/tr\u003e\u003c/table\u003e\u003c/div\u003e"
  },
  "extension": [
    {
      "url": "http://hl7.org/fhir/StructureDefinition/structuredefinition-wg",
      "valueCode": "fm"
    },
    {
      "url": "http://hl7.org/fhir/StructureDefinition/structuredefinition-standards-status",
      "valueCode": "draft"
    },
    {
      "url": "http://hl7.org/fhir/StructureDefinition/structuredefinition-fmm",
      "valueInteger": 1
    }
  ],
  "url": "http://terminology.hl7.org/CodeSystem/payment-type",
  "identifier": [
    {
      "system": "urn:ietf:rfc:3986",
      "value": "urn:oid:2.16.840.1.113883.4.642.1.1186"
    }
  ],
  "version": "4.2.0",
  "name": "PaymentTypeCodes",
  "title": "Payment Type Codes",
  "status": "draft",
  "experimental": false,
  "publisher": "Financial Management",
  "contact": [
    {
      "telecom": [
        {
          "system": "url",
          "value": "http://hl7.org/fhir"
        }
      ]
    }
  ],
  "description": "This value set includes sample Payment Type codes.",
  "copyright": "This is an example set.",
  "caseSensitive": true,
  "valueSet": "http://hl7.org/fhir/ValueSet/payment-type",
  "content": "complete",
  "concept": [
    {
      "code": "payment",
      "display": "Payment",
      "definition": "The amount is partial or complete settlement of the amounts due."
    },
    {
      "code": "adjustment",
      "display": "Adjustment",
      "definition": "The amount is an adjustment regarding claims already paid."
    },
    {
      "code": "advance",
      "display": "Advance",
      "definition": "The amount is an advance against future claims."
    }
  ]
}