{
  "resourceType": "CodeSystem",
  "id": "activity-definition-category",
  "meta": {
    "lastUpdated": "2020-02-29T07:59:43.660+00:00"
  },
  "text": {
    "status": "generated",
    "div": "\u003cdiv xmlns\u003d\"http://www.w3.org/1999/xhtml\"\u003e\u003ch2\u003eActivityDefinitionCategory\u003c/h2\u003e\u003cdiv\u003e\u003cp\u003eHigh-level categorization of the type of activity.\u003c/p\u003e\n\u003c/div\u003e\u003cp\u003eThis code system http://terminology.hl7.org/CodeSystem/activity-definition-category defines the following codes:\u003c/p\u003e\u003ctable class\u003d\"codes\"\u003e\u003ctr\u003e\u003ctd style\u003d\"white-space:nowrap\"\u003e\u003cb\u003eCode\u003c/b\u003e\u003c/td\u003e\u003ctd\u003e\u003cb\u003eDisplay\u003c/b\u003e\u003c/td\u003e\u003ctd\u003e\u003cb\u003eDefinition\u003c/b\u003e\u003c/td\u003e\u003c/tr\u003e\u003ctr\u003e\u003ctd style\u003d\"white-space:nowrap\"\u003etreatment\u003ca name\u003d\"activity-definition-category-treatment\"\u003e \u003c/a\u003e\u003c/td\u003e\u003ctd\u003eTreatment\u003c/td\u003e\u003ctd\u003eThe activity is intended to provide or is related to treatment of the patient.\u003c/td\u003e\u003c/tr\u003e\u003ctr\u003e\u003ctd style\u003d\"white-space:nowrap\"\u003eeducation\u003ca name\u003d\"activity-definition-category-education\"\u003e \u003c/a\u003e\u003c/td\u003e\u003ctd\u003eEducation\u003c/td\u003e\u003ctd\u003eThe activity is intended to provide or is related to education of the patient.\u003c/td\u003e\u003c/tr\u003e\u003ctr\u003e\u003ctd style\u003d\"white-space:nowrap\"\u003eassessment\u003ca name\u003d\"activity-definition-category-assessment\"\u003e \u003c/a\u003e\u003c/td\u003e\u003ctd\u003eAssessment\u003c/td\u003e\u003ctd\u003eThe activity is intended to perform or is related to assessment of the patient.\u003c/td\u003e\u003c/tr\u003e\u003c/table\u003e\u003c/div\u003e"
  },
  "url": "http://terminology.hl7.org/CodeSystem/activity-definition-category",
  "identifier": [
    {
      "system": "urn:ietf:rfc:3986",
      "value": "urn:oid:2.16.840.1.113883.4.642.1.1243"
    }
  ],
  "version": "4.2.0",
  "name": "ActivityDefinitionCategory",
  "title": "ActivityDefinitionCategory",
  "status": "draft",
  "experimental": false,
  "date": "2020-02-29T07:59:43+00:00",
  "publisher": "HL7 (FHIR Project)",
  "contact": [
    {
      "telecom": [
        {
          "system": "url",
          "value": "http://hl7.org/fhir"
        },
        {
          "system": "email",
          "value": "fhir@lists.hl7.org"
        }
      ]
    }
  ],
  "description": "High-level categorization of the type of activity.",
  "caseSensitive": true,
  "valueSet": "http://hl7.org/fhir/ValueSet/activity-definition-category",
  "content": "complete",
  "concept": [
    {
      "code": "treatment",
      "display": "Treatment",
      "definition": "The activity is intended to provide or is related to treatment of the patient."
    },
    {
      "code": "education",
      "display": "Education",
      "definition": "The activity is intended to provide or is related to education of the patient."
    },
    {
      "code": "assessment",
      "display": "Assessment",
      "definition": "The activity is intended to perform or is related to assessment of the patient."
    }
  ]
}