{
  "resourceType": "CodeSystem",
  "id": "metric-calibration-state",
  "meta": {
    "lastUpdated": "2020-02-29T07:59:43.660+00:00"
  },
  "text": {
    "status": "generated",
    "div": "\u003cdiv xmlns\u003d\"http://www.w3.org/1999/xhtml\"\u003e\u003ch2\u003eDeviceMetricCalibrationState\u003c/h2\u003e\u003cdiv\u003e\u003cp\u003eDescribes the state of a metric calibration.\u003c/p\u003e\n\u003c/div\u003e\u003cp\u003eThis code system http://hl7.org/fhir/metric-calibration-state defines the following codes:\u003c/p\u003e\u003ctable class\u003d\"codes\"\u003e\u003ctr\u003e\u003ctd style\u003d\"white-space:nowrap\"\u003e\u003cb\u003eCode\u003c/b\u003e\u003c/td\u003e\u003ctd\u003e\u003cb\u003eDisplay\u003c/b\u003e\u003c/td\u003e\u003ctd\u003e\u003cb\u003eDefinition\u003c/b\u003e\u003c/td\u003e\u003c/tr\u003e\u003ctr\u003e\u003ctd style\u003d\"white-space:nowrap\"\u003enot-calibrated\u003ca name\u003d\"metric-calibration-state-not-calibrated\"\u003e \u003c/a\u003e\u003c/td\u003e\u003ctd\u003eNot Calibrated\u003c/td\u003e\u003ctd\u003eThe metric has not been calibrated.\u003c/td\u003e\u003c/tr\u003e\u003ctr\u003e\u003ctd style\u003d\"white-space:nowrap\"\u003ecalibration-required\u003ca name\u003d\"metric-calibration-state-calibration-required\"\u003e \u003c/a\u003e\u003c/td\u003e\u003ctd\u003eCalibration Required\u003c/td\u003e\u003ctd\u003eThe metric needs to be calibrated.\u003c/td\u003e\u003c/tr\u003e\u003ctr\u003e\u003ctd style\u003d\"white-space:nowrap\"\u003ecalibrated\u003ca name\u003d\"metric-calibration-state-calibrated\"\u003e \u003c/a\u003e\u003c/td\u003e\u003ctd\u003eCalibrated\u003c/td\u003e\u003ctd\u003eThe metric has been calibrated.\u003c/td\u003e\u003c/tr\u003e\u003ctr\u003e\u003ctd style\u003d\"white-space:nowrap\"\u003eunspecified\u003ca name\u003d\"metric-calibration-state-unspecified\"\u003e \u003c/a\u003e\u003c/td\u003e\u003ctd\u003eUnspecified\u003c/td\u003e\u003ctd\u003eThe state of calibration of this metric is unspecified.\u003c/td\u003e\u003c/tr\u003e\u003c/table\u003e\u003c/div\u003e"
  },
  "extension": [
    {
      "url": "http://hl7.org/fhir/StructureDefinition/structuredefinition-wg",
      "valueCode": "dev"
    },
    {
      "url": "http://hl7.org/fhir/StructureDefinition/structuredefinition-standards-status",
      "valueCode": "trial-use"
    },
    {
      "url": "http://hl7.org/fhir/StructureDefinition/structuredefinition-fmm",
      "valueInteger": 1
    }
  ],
  "url": "http://hl7.org/fhir/metric-calibration-state",
  "identifier": [
    {
      "system": "urn:ietf:rfc:3986",
      "value": "urn:oid:2.16.840.1.113883.4.642.1.653"
    }
  ],
  "version": "4.2.0",
  "name": "DeviceMetricCalibrationState",
  "title": "DeviceMetricCalibrationState",
  "status": "draft",
  "experimental": false,
  "date": "2020-02-29T07:59:43+00:00",
  "publisher": "HL7 (FHIR Project)",
  "contact": [
    {
      "telecom": [
        {
          "system": "url",
          "value": "http://hl7.org/fhir"
        },
        {
          "system": "email",
          "value": "fhir@lists.hl7.org"
        }
      ]
    }
  ],
  "description": "Describes the state of a metric calibration.",
  "caseSensitive": true,
  "valueSet": "http://hl7.org/fhir/ValueSet/metric-calibration-state",
  "content": "complete",
  "concept": [
    {
      "code": "not-calibrated",
      "display": "Not Calibrated",
      "definition": "The metric has not been calibrated."
    },
    {
      "code": "calibration-required",
      "display": "Calibration Required",
      "definition": "The metric needs to be calibrated."
    },
    {
      "code": "calibrated",
      "display": "Calibrated",
      "definition": "The metric has been calibrated."
    },
    {
      "code": "unspecified",
      "display": "Unspecified",
      "definition": "The state of calibration of this metric is unspecified."
    }
  ]
}