{
  "resourceType": "CodeSystem",
  "id": "condition-clinical",
  "meta": {
    "lastUpdated": "2020-02-29T07:59:43.660+00:00",
    "profile": [
      "http://hl7.org/fhir/StructureDefinition/shareablecodesystem"
    ]
  },
  "text": {
    "status": "generated",
    "div": "\u003cdiv xmlns\u003d\"http://www.w3.org/1999/xhtml\"\u003e\u003ch2\u003eCondition Clinical Status Codes\u003c/h2\u003e\u003cdiv\u003e\u003cp\u003ePreferred value set for Condition Clinical Status.\u003c/p\u003e\n\u003c/div\u003e\u003cp\u003eThis code system http://terminology.hl7.org/CodeSystem/condition-clinical defines the following codes:\u003c/p\u003e\u003ctable class\u003d\"codes\"\u003e\u003ctr\u003e\u003ctd\u003e\u003cb\u003eLvl\u003c/b\u003e\u003c/td\u003e\u003ctd style\u003d\"white-space:nowrap\"\u003e\u003cb\u003eCode\u003c/b\u003e\u003c/td\u003e\u003ctd\u003e\u003cb\u003eDisplay\u003c/b\u003e\u003c/td\u003e\u003ctd\u003e\u003cb\u003eDefinition\u003c/b\u003e\u003c/td\u003e\u003c/tr\u003e\u003ctr\u003e\u003ctd\u003e1\u003c/td\u003e\u003ctd style\u003d\"white-space:nowrap\"\u003eactive\u003ca name\u003d\"condition-clinical-active\"\u003e \u003c/a\u003e\u003c/td\u003e\u003ctd\u003eActive\u003c/td\u003e\u003ctd\u003eThe subject is currently experiencing the symptoms of the condition or there is evidence of the condition.\u003c/td\u003e\u003c/tr\u003e\u003ctr\u003e\u003ctd\u003e2\u003c/td\u003e\u003ctd style\u003d\"white-space:nowrap\"\u003e  recurrence\u003ca name\u003d\"condition-clinical-recurrence\"\u003e \u003c/a\u003e\u003c/td\u003e\u003ctd\u003eRecurrence\u003c/td\u003e\u003ctd\u003eThe subject is experiencing a re-occurence or repeating of a previously resolved condition, e.g. urinary tract infection, pancreatitis, cholangitis, conjunctivitis.\u003c/td\u003e\u003c/tr\u003e\u003ctr\u003e\u003ctd\u003e2\u003c/td\u003e\u003ctd style\u003d\"white-space:nowrap\"\u003e  relapse\u003ca name\u003d\"condition-clinical-relapse\"\u003e \u003c/a\u003e\u003c/td\u003e\u003ctd\u003eRelapse\u003c/td\u003e\u003ctd\u003eThe subject is experiencing a return of a condition, or signs and symptoms after a period of improvement or remission, e.g. relapse of cancer, multiple sclerosis, rheumatoid arthritis, systemic lupus erythematosus, bipolar disorder, [psychotic relapse of] schizophrenia, etc.\u003c/td\u003e\u003c/tr\u003e\u003ctr\u003e\u003ctd\u003e1\u003c/td\u003e\u003ctd style\u003d\"white-space:nowrap\"\u003einactive\u003ca name\u003d\"condition-clinical-inactive\"\u003e \u003c/a\u003e\u003c/td\u003e\u003ctd\u003eInactive\u003c/td\u003e\u003ctd\u003eThe subject is no longer experiencing the symptoms of the condition or there is no longer evidence of the condition.\u003c/td\u003e\u003c/tr\u003e\u003ctr\u003e\u003ctd\u003e2\u003c/td\u003e\u003ctd style\u003d\"white-space:nowrap\"\u003e  remission\u003ca name\u003d\"condition-clinical-remission\"\u003e \u003c/a\u003e\u003c/td\u003e\u003ctd\u003eRemission\u003c/td\u003e\u003ctd\u003eThe subject is no longer experiencing the symptoms of the condition, but there is a risk of the symptoms returning.\u003c/td\u003e\u003c/tr\u003e\u003ctr\u003e\u003ctd\u003e2\u003c/td\u003e\u003ctd style\u003d\"white-space:nowrap\"\u003e  resolved\u003ca name\u003d\"condition-clinical-resolved\"\u003e \u003c/a\u003e\u003c/td\u003e\u003ctd\u003eResolved\u003c/td\u003e\u003ctd\u003eThe subject is no longer experiencing the symptoms of the condition and there is a negligible perceived risk of the symptoms returning.\u003c/td\u003e\u003c/tr\u003e\u003c/table\u003e\u003c/div\u003e"
  },
  "extension": [
    {
      "url": "http://hl7.org/fhir/StructureDefinition/structuredefinition-wg",
      "valueCode": "pc"
    },
    {
      "url": "http://hl7.org/fhir/StructureDefinition/structuredefinition-standards-status",
      "valueCode": "trial-use"
    },
    {
      "url": "http://hl7.org/fhir/StructureDefinition/structuredefinition-fmm",
      "valueInteger": 3
    }
  ],
  "url": "http://terminology.hl7.org/CodeSystem/condition-clinical",
  "identifier": [
    {
      "system": "urn:ietf:rfc:3986",
      "value": "urn:oid:2.16.840.1.113883.4.642.1.1074"
    }
  ],
  "version": "4.2.0",
  "name": "ConditionClinicalStatusCodes",
  "title": "Condition Clinical Status Codes",
  "status": "draft",
  "experimental": false,
  "publisher": "FHIR Project team",
  "contact": [
    {
      "telecom": [
        {
          "system": "url",
          "value": "http://hl7.org/fhir"
        }
      ]
    }
  ],
  "description": "Preferred value set for Condition Clinical Status.",
  "caseSensitive": true,
  "valueSet": "http://hl7.org/fhir/ValueSet/condition-clinical",
  "content": "complete",
  "concept": [
    {
      "code": "active",
      "display": "Active",
      "definition": "The subject is currently experiencing the symptoms of the condition or there is evidence of the condition.",
      "concept": [
        {
          "code": "recurrence",
          "display": "Recurrence",
          "definition": "The subject is experiencing a re-occurence or repeating of a previously resolved condition, e.g. urinary tract infection, pancreatitis, cholangitis, conjunctivitis."
        },
        {
          "code": "relapse",
          "display": "Relapse",
          "definition": "The subject is experiencing a return of a condition, or signs and symptoms after a period of improvement or remission, e.g. relapse of cancer, multiple sclerosis, rheumatoid arthritis, systemic lupus erythematosus, bipolar disorder, [psychotic relapse of] schizophrenia, etc."
        }
      ]
    },
    {
      "code": "inactive",
      "display": "Inactive",
      "definition": "The subject is no longer experiencing the symptoms of the condition or there is no longer evidence of the condition.",
      "concept": [
        {
          "code": "remission",
          "display": "Remission",
          "definition": "The subject is no longer experiencing the symptoms of the condition, but there is a risk of the symptoms returning."
        },
        {
          "code": "resolved",
          "display": "Resolved",
          "definition": "The subject is no longer experiencing the symptoms of the condition and there is a negligible perceived risk of the symptoms returning."
        }
      ]
    }
  ]
}