{
  "resourceType": "CodeSystem",
  "id": "state-change-reason",
  "meta": {
    "lastUpdated": "2020-02-29T07:59:43.660+00:00"
  },
  "text": {
    "status": "generated",
    "div": "\u003cdiv xmlns\u003d\"http://www.w3.org/1999/xhtml\"\u003e\u003ch2\u003eStateChangeReason\u003c/h2\u003e\u003cdiv\u003e\u003cp\u003eIndicates why the state of the subject changed.\u003c/p\u003e\n\u003c/div\u003e\u003cp\u003eThis code system http://terminology.hl7.org/CodeSystem/state-change-reason defines the following codes:\u003c/p\u003e\u003ctable class\u003d\"codes\"\u003e\u003ctr\u003e\u003ctd style\u003d\"white-space:nowrap\"\u003e\u003cb\u003eCode\u003c/b\u003e\u003c/td\u003e\u003ctd\u003e\u003cb\u003eDisplay\u003c/b\u003e\u003c/td\u003e\u003ctd\u003e\u003cb\u003eDefinition\u003c/b\u003e\u003c/td\u003e\u003c/tr\u003e\u003ctr\u003e\u003ctd style\u003d\"white-space:nowrap\"\u003eadverseEvent\u003ca name\u003d\"state-change-reason-adverseEvent\"\u003e \u003c/a\u003e\u003c/td\u003e\u003ctd\u003eadverse event\u003c/td\u003e\u003ctd\u003eadverse event.\u003c/td\u003e\u003c/tr\u003e\u003ctr\u003e\u003ctd style\u003d\"white-space:nowrap\"\u003edeath\u003ca name\u003d\"state-change-reason-death\"\u003e \u003c/a\u003e\u003c/td\u003e\u003ctd\u003edeath (adverse event)\u003c/td\u003e\u003ctd\u003edeath (adverse event).\u003c/td\u003e\u003c/tr\u003e\u003ctr\u003e\u003ctd style\u003d\"white-space:nowrap\"\u003enotEligible\u003ca name\u003d\"state-change-reason-notEligible\"\u003e \u003c/a\u003e\u003c/td\u003e\u003ctd\u003edid not meet eligibility criteria\u003c/td\u003e\u003ctd\u003edid not meet eligibility criteria.\u003c/td\u003e\u003c/tr\u003e\u003ctr\u003e\u003ctd style\u003d\"white-space:nowrap\"\u003eeligibleButNo\u003ca name\u003d\"state-change-reason-eligibleButNo\"\u003e \u003c/a\u003e\u003c/td\u003e\u003ctd\u003eeligible but unwilling or unable to participate\u003c/td\u003e\u003ctd\u003eeligible but unwilling or unable to participate.\u003c/td\u003e\u003c/tr\u003e\u003ctr\u003e\u003ctd style\u003d\"white-space:nowrap\"\u003eenrolled\u003ca name\u003d\"state-change-reason-enrolled\"\u003e \u003c/a\u003e\u003c/td\u003e\u003ctd\u003eenrolled or registered\u003c/td\u003e\u003ctd\u003eenrolled or registered.\u003c/td\u003e\u003c/tr\u003e\u003ctr\u003e\u003ctd style\u003d\"white-space:nowrap\"\u003eexclusion\u003ca name\u003d\"state-change-reason-exclusion\"\u003e \u003c/a\u003e\u003c/td\u003e\u003ctd\u003eexclusion\u003c/td\u003e\u003ctd\u003eexclusion.\u003c/td\u003e\u003c/tr\u003e\u003ctr\u003e\u003ctd style\u003d\"white-space:nowrap\"\u003efollowUpComplete\u003ca name\u003d\"state-change-reason-followUpComplete\"\u003e \u003c/a\u003e\u003c/td\u003e\u003ctd\u003efollow-up complete\u003c/td\u003e\u003ctd\u003efollow-up complete.\u003c/td\u003e\u003c/tr\u003e\u003ctr\u003e\u003ctd style\u003d\"white-space:nowrap\"\u003einclusion\u003ca name\u003d\"state-change-reason-inclusion\"\u003e \u003c/a\u003e\u003c/td\u003e\u003ctd\u003einclusion\u003c/td\u003e\u003ctd\u003einclusion.\u003c/td\u003e\u003c/tr\u003e\u003ctr\u003e\u003ctd style\u003d\"white-space:nowrap\"\u003einformedConsentSigned\u003ca name\u003d\"state-change-reason-informedConsentSigned\"\u003e \u003c/a\u003e\u003c/td\u003e\u003ctd\u003eInformed consent signed\u003c/td\u003e\u003ctd\u003eInformed consent signed.\u003c/td\u003e\u003c/tr\u003e\u003ctr\u003e\u003ctd style\u003d\"white-space:nowrap\"\u003eintOrObsComplete\u003ca name\u003d\"state-change-reason-intOrObsComplete\"\u003e \u003c/a\u003e\u003c/td\u003e\u003ctd\u003eintervention or observation complete\u003c/td\u003e\u003ctd\u003eintervention or observation complete.\u003c/td\u003e\u003c/tr\u003e\u003ctr\u003e\u003ctd style\u003d\"white-space:nowrap\"\u003enonCompliance\u003ca name\u003d\"state-change-reason-nonCompliance\"\u003e \u003c/a\u003e\u003c/td\u003e\u003ctd\u003enon-compliance\u003c/td\u003e\u003ctd\u003enon-compliance.\u003c/td\u003e\u003c/tr\u003e\u003ctr\u003e\u003ctd style\u003d\"white-space:nowrap\"\u003epreReg\u003ca name\u003d\"state-change-reason-preReg\"\u003e \u003c/a\u003e\u003c/td\u003e\u003ctd\u003epre-registered or slot reserved\u003c/td\u003e\u003ctd\u003epre-registered or slot reserved.\u003c/td\u003e\u003c/tr\u003e\u003ctr\u003e\u003ctd style\u003d\"white-space:nowrap\"\u003erefuseConsent\u003ca name\u003d\"state-change-reason-refuseConsent\"\u003e \u003c/a\u003e\u003c/td\u003e\u003ctd\u003erefuse consent\u003c/td\u003e\u003ctd\u003erefuse consent.\u003c/td\u003e\u003c/tr\u003e\u003ctr\u003e\u003ctd style\u003d\"white-space:nowrap\"\u003escreenFailure\u003ca name\u003d\"state-change-reason-screenFailure\"\u003e \u003c/a\u003e\u003c/td\u003e\u003ctd\u003escreen failure\u003c/td\u003e\u003ctd\u003escreen failure.\u003c/td\u003e\u003c/tr\u003e\u003ctr\u003e\u003ctd style\u003d\"white-space:nowrap\"\u003estudyClosed\u003ca name\u003d\"state-change-reason-studyClosed\"\u003e \u003c/a\u003e\u003c/td\u003e\u003ctd\u003estudy permanently closed to accrual\u003c/td\u003e\u003ctd\u003estudy permanently closed to accrual.\u003c/td\u003e\u003c/tr\u003e\u003ctr\u003e\u003ctd style\u003d\"white-space:nowrap\"\u003estudyTerminated\u003ca name\u003d\"state-change-reason-studyTerminated\"\u003e \u003c/a\u003e\u003c/td\u003e\u003ctd\u003estudy terminated\u003c/td\u003e\u003ctd\u003estudy terminated.\u003c/td\u003e\u003c/tr\u003e\u003ctr\u003e\u003ctd style\u003d\"white-space:nowrap\"\u003esubjectRefusal\u003ca name\u003d\"state-change-reason-subjectRefusal\"\u003e \u003c/a\u003e\u003c/td\u003e\u003ctd\u003esubject refusal\u003c/td\u003e\u003ctd\u003esubject refusal.\u003c/td\u003e\u003c/tr\u003e\u003ctr\u003e\u003ctd style\u003d\"white-space:nowrap\"\u003eunwillingOrUnable\u003ca name\u003d\"state-change-reason-unwillingOrUnable\"\u003e \u003c/a\u003e\u003c/td\u003e\u003ctd\u003eunwilling or unable to participate\u003c/td\u003e\u003ctd\u003eunwilling or unable to participate.\u003c/td\u003e\u003c/tr\u003e\u003ctr\u003e\u003ctd style\u003d\"white-space:nowrap\"\u003ewithdrawnConsent\u003ca name\u003d\"state-change-reason-withdrawnConsent\"\u003e \u003c/a\u003e\u003c/td\u003e\u003ctd\u003ewithdrawn consent\u003c/td\u003e\u003ctd\u003ewithdrawn consent.\u003c/td\u003e\u003c/tr\u003e\u003c/table\u003e\u003c/div\u003e"
  },
  "extension": [
    {
      "url": "http://hl7.org/fhir/StructureDefinition/structuredefinition-wg",
      "valueCode": "brr"
    },
    {
      "url": "http://hl7.org/fhir/StructureDefinition/structuredefinition-standards-status",
      "valueCode": "draft"
    },
    {
      "url": "http://hl7.org/fhir/StructureDefinition/structuredefinition-fmm",
      "valueInteger": 1
    }
  ],
  "url": "http://terminology.hl7.org/CodeSystem/state-change-reason",
  "identifier": [
    {
      "system": "urn:ietf:rfc:3986",
      "value": "urn:oid:2.16.840.1.113883.4.642.1.0"
    }
  ],
  "version": "4.2.0",
  "name": "StateChangeReason",
  "title": "StateChangeReason",
  "status": "draft",
  "experimental": false,
  "date": "2020-02-29T07:59:43+00:00",
  "publisher": "HL7 (FHIR Project)",
  "contact": [
    {
      "telecom": [
        {
          "system": "url",
          "value": "http://hl7.org/fhir"
        },
        {
          "system": "email",
          "value": "fhir@lists.hl7.org"
        }
      ]
    }
  ],
  "description": "Indicates why the state of the subject changed.",
  "caseSensitive": true,
  "valueSet": "http://hl7.org/fhir/ValueSet/state-change-reason",
  "content": "complete",
  "concept": [
    {
      "code": "adverseEvent",
      "display": "adverse event",
      "definition": "adverse event."
    },
    {
      "code": "death",
      "display": "death (adverse event)",
      "definition": "death (adverse event)."
    },
    {
      "code": "notEligible",
      "display": "did not meet eligibility criteria",
      "definition": "did not meet eligibility criteria."
    },
    {
      "code": "eligibleButNo",
      "display": "eligible but unwilling or unable to participate",
      "definition": "eligible but unwilling or unable to participate."
    },
    {
      "code": "enrolled",
      "display": "enrolled or registered",
      "definition": "enrolled or registered."
    },
    {
      "code": "exclusion",
      "display": "exclusion",
      "definition": "exclusion."
    },
    {
      "code": "followUpComplete",
      "display": "follow-up complete",
      "definition": "follow-up complete."
    },
    {
      "code": "inclusion",
      "display": "inclusion",
      "definition": "inclusion."
    },
    {
      "code": "informedConsentSigned",
      "display": "Informed consent signed",
      "definition": "Informed consent signed."
    },
    {
      "code": "intOrObsComplete",
      "display": "intervention or observation complete",
      "definition": "intervention or observation complete."
    },
    {
      "code": "nonCompliance",
      "display": "non-compliance",
      "definition": "non-compliance."
    },
    {
      "code": "preReg",
      "display": "pre-registered or slot reserved",
      "definition": "pre-registered or slot reserved."
    },
    {
      "code": "refuseConsent",
      "display": "refuse consent",
      "definition": "refuse consent."
    },
    {
      "code": "screenFailure",
      "display": "screen failure",
      "definition": "screen failure."
    },
    {
      "code": "studyClosed",
      "display": "study permanently closed to accrual",
      "definition": "study permanently closed to accrual."
    },
    {
      "code": "studyTerminated",
      "display": "study terminated",
      "definition": "study terminated."
    },
    {
      "code": "subjectRefusal",
      "display": "subject refusal",
      "definition": "subject refusal."
    },
    {
      "code": "unwillingOrUnable",
      "display": "unwilling or unable to participate",
      "definition": "unwilling or unable to participate."
    },
    {
      "code": "withdrawnConsent",
      "display": "withdrawn consent",
      "definition": "withdrawn consent."
    }
  ]
}