{
  "resourceType": "CodeSystem",
  "id": "code-search-support",
  "meta": {
    "lastUpdated": "2020-02-29T07:59:43.660+00:00"
  },
  "text": {
    "status": "generated",
    "div": "\u003cdiv xmlns\u003d\"http://www.w3.org/1999/xhtml\"\u003e\u003ch2\u003eCodeSearchSupport\u003c/h2\u003e\u003cdiv\u003e\u003cp\u003eThe degree to which the server supports the code search parameter on ValueSet, if it is supported.\u003c/p\u003e\n\u003c/div\u003e\u003cp\u003eThis code system http://hl7.org/fhir/code-search-support defines the following codes:\u003c/p\u003e\u003ctable class\u003d\"codes\"\u003e\u003ctr\u003e\u003ctd style\u003d\"white-space:nowrap\"\u003e\u003cb\u003eCode\u003c/b\u003e\u003c/td\u003e\u003ctd\u003e\u003cb\u003eDisplay\u003c/b\u003e\u003c/td\u003e\u003ctd\u003e\u003cb\u003eDefinition\u003c/b\u003e\u003c/td\u003e\u003c/tr\u003e\u003ctr\u003e\u003ctd style\u003d\"white-space:nowrap\"\u003eexplicit\u003ca name\u003d\"code-search-support-explicit\"\u003e \u003c/a\u003e\u003c/td\u003e\u003ctd\u003eExplicit Codes\u003c/td\u003e\u003ctd\u003eThe search for code on ValueSet only includes codes explicitly detailed on includes or expansions.\u003c/td\u003e\u003c/tr\u003e\u003ctr\u003e\u003ctd style\u003d\"white-space:nowrap\"\u003eall\u003ca name\u003d\"code-search-support-all\"\u003e \u003c/a\u003e\u003c/td\u003e\u003ctd\u003eImplicit Codes\u003c/td\u003e\u003ctd\u003eThe search for code on ValueSet only includes all codes based on the expansion of the value set.\u003c/td\u003e\u003c/tr\u003e\u003c/table\u003e\u003c/div\u003e"
  },
  "extension": [
    {
      "url": "http://hl7.org/fhir/StructureDefinition/structuredefinition-wg",
      "valueCode": "vocab"
    },
    {
      "url": "http://hl7.org/fhir/StructureDefinition/structuredefinition-standards-status",
      "valueCode": "trial-use"
    },
    {
      "url": "http://hl7.org/fhir/StructureDefinition/structuredefinition-fmm",
      "valueInteger": 0
    }
  ],
  "url": "http://hl7.org/fhir/code-search-support",
  "identifier": [
    {
      "system": "urn:ietf:rfc:3986",
      "value": "urn:oid:2.16.840.1.113883.4.642.1.861"
    }
  ],
  "version": "4.2.0",
  "name": "CodeSearchSupport",
  "title": "CodeSearchSupport",
  "status": "draft",
  "experimental": false,
  "date": "2020-02-29T07:59:43+00:00",
  "publisher": "HL7 (FHIR Project)",
  "contact": [
    {
      "telecom": [
        {
          "system": "url",
          "value": "http://hl7.org/fhir"
        },
        {
          "system": "email",
          "value": "fhir@lists.hl7.org"
        }
      ]
    }
  ],
  "description": "The degree to which the server supports the code search parameter on ValueSet, if it is supported.",
  "caseSensitive": true,
  "valueSet": "http://hl7.org/fhir/ValueSet/code-search-support",
  "content": "complete",
  "concept": [
    {
      "code": "explicit",
      "display": "Explicit Codes",
      "definition": "The search for code on ValueSet only includes codes explicitly detailed on includes or expansions."
    },
    {
      "code": "all",
      "display": "Implicit Codes",
      "definition": "The search for code on ValueSet only includes all codes based on the expansion of the value set."
    }
  ]
}