{
  "resourceType": "CodeSystem",
  "id": "specimen-status",
  "meta": {
    "lastUpdated": "2020-02-29T07:59:43.660+00:00"
  },
  "text": {
    "status": "generated",
    "div": "\u003cdiv xmlns\u003d\"http://www.w3.org/1999/xhtml\"\u003e\u003ch2\u003eSpecimenStatus\u003c/h2\u003e\u003cdiv\u003e\u003cp\u003eCodes providing the status/availability of a specimen.\u003c/p\u003e\n\u003c/div\u003e\u003cp\u003eThis code system http://hl7.org/fhir/specimen-status defines the following codes:\u003c/p\u003e\u003ctable class\u003d\"codes\"\u003e\u003ctr\u003e\u003ctd style\u003d\"white-space:nowrap\"\u003e\u003cb\u003eCode\u003c/b\u003e\u003c/td\u003e\u003ctd\u003e\u003cb\u003eDisplay\u003c/b\u003e\u003c/td\u003e\u003ctd\u003e\u003cb\u003eDefinition\u003c/b\u003e\u003c/td\u003e\u003c/tr\u003e\u003ctr\u003e\u003ctd style\u003d\"white-space:nowrap\"\u003eavailable\u003ca name\u003d\"specimen-status-available\"\u003e \u003c/a\u003e\u003c/td\u003e\u003ctd\u003eAvailable\u003c/td\u003e\u003ctd\u003eThe physical specimen is present and in good condition.\u003c/td\u003e\u003c/tr\u003e\u003ctr\u003e\u003ctd style\u003d\"white-space:nowrap\"\u003eunavailable\u003ca name\u003d\"specimen-status-unavailable\"\u003e \u003c/a\u003e\u003c/td\u003e\u003ctd\u003eUnavailable\u003c/td\u003e\u003ctd\u003eThere is no physical specimen because it is either lost, destroyed or consumed.\u003c/td\u003e\u003c/tr\u003e\u003ctr\u003e\u003ctd style\u003d\"white-space:nowrap\"\u003eunsatisfactory\u003ca name\u003d\"specimen-status-unsatisfactory\"\u003e \u003c/a\u003e\u003c/td\u003e\u003ctd\u003eUnsatisfactory\u003c/td\u003e\u003ctd\u003eThe specimen cannot be used because of a quality issue such as a broken container, contamination, or too old.\u003c/td\u003e\u003c/tr\u003e\u003ctr\u003e\u003ctd style\u003d\"white-space:nowrap\"\u003eentered-in-error\u003ca name\u003d\"specimen-status-entered-in-error\"\u003e \u003c/a\u003e\u003c/td\u003e\u003ctd\u003eEntered in Error\u003c/td\u003e\u003ctd\u003eThe specimen was entered in error and therefore nullified.\u003c/td\u003e\u003c/tr\u003e\u003c/table\u003e\u003c/div\u003e"
  },
  "extension": [
    {
      "url": "http://hl7.org/fhir/StructureDefinition/structuredefinition-wg",
      "valueCode": "oo"
    },
    {
      "url": "http://hl7.org/fhir/StructureDefinition/structuredefinition-standards-status",
      "valueCode": "trial-use"
    },
    {
      "url": "http://hl7.org/fhir/StructureDefinition/structuredefinition-fmm",
      "valueInteger": 2
    }
  ],
  "url": "http://hl7.org/fhir/specimen-status",
  "identifier": [
    {
      "system": "urn:ietf:rfc:3986",
      "value": "urn:oid:2.16.840.1.113883.4.642.1.472"
    }
  ],
  "version": "4.2.0",
  "name": "SpecimenStatus",
  "title": "SpecimenStatus",
  "status": "draft",
  "experimental": false,
  "date": "2020-02-29T07:59:43+00:00",
  "publisher": "HL7 (FHIR Project)",
  "contact": [
    {
      "telecom": [
        {
          "system": "url",
          "value": "http://hl7.org/fhir"
        },
        {
          "system": "email",
          "value": "fhir@lists.hl7.org"
        }
      ]
    }
  ],
  "description": "Codes providing the status/availability of a specimen.",
  "caseSensitive": true,
  "valueSet": "http://hl7.org/fhir/ValueSet/specimen-status",
  "content": "complete",
  "concept": [
    {
      "code": "available",
      "display": "Available",
      "definition": "The physical specimen is present and in good condition."
    },
    {
      "code": "unavailable",
      "display": "Unavailable",
      "definition": "There is no physical specimen because it is either lost, destroyed or consumed."
    },
    {
      "code": "unsatisfactory",
      "display": "Unsatisfactory",
      "definition": "The specimen cannot be used because of a quality issue such as a broken container, contamination, or too old."
    },
    {
      "code": "entered-in-error",
      "display": "Entered in Error",
      "definition": "The specimen was entered in error and therefore nullified."
    }
  ]
}