{
  "resourceType": "CodeSystem",
  "id": "research-study-objective-type",
  "meta": {
    "lastUpdated": "2020-02-29T07:59:43.660+00:00"
  },
  "text": {
    "status": "generated",
    "div": "\u003cdiv xmlns\u003d\"http://www.w3.org/1999/xhtml\"\u003e\u003ch2\u003eResearchStudyObjectiveType\u003c/h2\u003e\u003cdiv\u003e\u003cp\u003eCodes for the kind of study objective.\u003c/p\u003e\n\u003c/div\u003e\u003cp\u003eThis code system http://terminology.hl7.org/CodeSystem/research-study-objective-type defines the following codes:\u003c/p\u003e\u003ctable class\u003d\"codes\"\u003e\u003ctr\u003e\u003ctd style\u003d\"white-space:nowrap\"\u003e\u003cb\u003eCode\u003c/b\u003e\u003c/td\u003e\u003ctd\u003e\u003cb\u003eDisplay\u003c/b\u003e\u003c/td\u003e\u003ctd\u003e\u003cb\u003eDefinition\u003c/b\u003e\u003c/td\u003e\u003c/tr\u003e\u003ctr\u003e\u003ctd style\u003d\"white-space:nowrap\"\u003eprimary\u003ca name\u003d\"research-study-objective-type-primary\"\u003e \u003c/a\u003e\u003c/td\u003e\u003ctd\u003ePrimary\u003c/td\u003e\u003ctd\u003eThe main question to be answered, and the one that drives any statistical planning for the study—e.g., calculation of the sample size to provide the appropriate power for statistical testing.\u003c/td\u003e\u003c/tr\u003e\u003ctr\u003e\u003ctd style\u003d\"white-space:nowrap\"\u003esecondary\u003ca name\u003d\"research-study-objective-type-secondary\"\u003e \u003c/a\u003e\u003c/td\u003e\u003ctd\u003eSecondary\u003c/td\u003e\u003ctd\u003eQuestion to be answered in the study that is of lesser importance than the primary objective.\u003c/td\u003e\u003c/tr\u003e\u003ctr\u003e\u003ctd style\u003d\"white-space:nowrap\"\u003eexploratory\u003ca name\u003d\"research-study-objective-type-exploratory\"\u003e \u003c/a\u003e\u003c/td\u003e\u003ctd\u003eExploratory\u003c/td\u003e\u003ctd\u003eExploratory questions to be answered in the study.\u003c/td\u003e\u003c/tr\u003e\u003c/table\u003e\u003c/div\u003e"
  },
  "extension": [
    {
      "url": "http://hl7.org/fhir/StructureDefinition/structuredefinition-wg",
      "valueCode": "brr"
    }
  ],
  "url": "http://terminology.hl7.org/CodeSystem/research-study-objective-type",
  "identifier": [
    {
      "system": "urn:ietf:rfc:3986",
      "value": "urn:oid:2.16.840.1.113883.4.642.1.1248"
    }
  ],
  "version": "4.2.0",
  "name": "ResearchStudyObjectiveType",
  "title": "ResearchStudyObjectiveType",
  "status": "draft",
  "experimental": false,
  "date": "2020-02-29T07:59:43+00:00",
  "publisher": "HL7 (FHIR Project)",
  "contact": [
    {
      "telecom": [
        {
          "system": "url",
          "value": "http://hl7.org/fhir"
        },
        {
          "system": "email",
          "value": "fhir@lists.hl7.org"
        }
      ]
    }
  ],
  "description": "Codes for the kind of study objective.",
  "caseSensitive": true,
  "valueSet": "http://hl7.org/fhir/ValueSet/research-study-objective-type",
  "content": "complete",
  "concept": [
    {
      "code": "primary",
      "display": "Primary",
      "definition": "The main question to be answered, and the one that drives any statistical planning for the study—e.g., calculation of the sample size to provide the appropriate power for statistical testing."
    },
    {
      "code": "secondary",
      "display": "Secondary",
      "definition": "Question to be answered in the study that is of lesser importance than the primary objective."
    },
    {
      "code": "exploratory",
      "display": "Exploratory",
      "definition": "Exploratory questions to be answered in the study."
    }
  ]
}