{
  "resourceType": "CodeSystem",
  "id": "concept-map-relationship",
  "meta": {
    "lastUpdated": "2020-02-29T07:59:43.660+00:00"
  },
  "text": {
    "status": "generated",
    "div": "\u003cdiv xmlns\u003d\"http://www.w3.org/1999/xhtml\"\u003e\u003ch2\u003eConceptMapRelationship\u003c/h2\u003e\u003cdiv\u003e\u003cp\u003eThe relationship between concepts.\u003c/p\u003e\n\u003c/div\u003e\u003cp\u003eThis code system http://hl7.org/fhir/concept-map-relationship defines the following codes:\u003c/p\u003e\u003ctable class\u003d\"codes\"\u003e\u003ctr\u003e\u003ctd\u003e\u003cb\u003eLvl\u003c/b\u003e\u003c/td\u003e\u003ctd style\u003d\"white-space:nowrap\"\u003e\u003cb\u003eCode\u003c/b\u003e\u003c/td\u003e\u003ctd\u003e\u003cb\u003eDisplay\u003c/b\u003e\u003c/td\u003e\u003ctd\u003e\u003cb\u003eDefinition\u003c/b\u003e\u003c/td\u003e\u003c/tr\u003e\u003ctr\u003e\u003ctd\u003e1\u003c/td\u003e\u003ctd style\u003d\"white-space:nowrap\"\u003erelated-to\u003ca name\u003d\"concept-map-relationship-related-to\"\u003e \u003c/a\u003e\u003c/td\u003e\u003ctd\u003eRelated To\u003c/td\u003e\u003ctd\u003eThe concepts are related to each other, but the exact relationship is not known.\u003c/td\u003e\u003c/tr\u003e\u003ctr\u003e\u003ctd\u003e2\u003c/td\u003e\u003ctd style\u003d\"white-space:nowrap\"\u003e  equivalent\u003ca name\u003d\"concept-map-relationship-equivalent\"\u003e \u003c/a\u003e\u003c/td\u003e\u003ctd\u003eEquivalent\u003c/td\u003e\u003ctd\u003eThe definitions of the concepts mean the same thing.\u003c/td\u003e\u003c/tr\u003e\u003ctr\u003e\u003ctd\u003e2\u003c/td\u003e\u003ctd style\u003d\"white-space:nowrap\"\u003e  broader\u003ca name\u003d\"concept-map-relationship-broader\"\u003e \u003c/a\u003e\u003c/td\u003e\u003ctd\u003eBroader\u003c/td\u003e\u003ctd\u003eThe target concept is broader in meaning than the source concept.\u003c/td\u003e\u003c/tr\u003e\u003ctr\u003e\u003ctd\u003e2\u003c/td\u003e\u003ctd style\u003d\"white-space:nowrap\"\u003e  narrower\u003ca name\u003d\"concept-map-relationship-narrower\"\u003e \u003c/a\u003e\u003c/td\u003e\u003ctd\u003eNarrower\u003c/td\u003e\u003ctd\u003eThe target concept is narrower in meaning than the source concept.\u003c/td\u003e\u003c/tr\u003e\u003ctr\u003e\u003ctd\u003e1\u003c/td\u003e\u003ctd style\u003d\"white-space:nowrap\"\u003enot-related-to\u003ca name\u003d\"concept-map-relationship-not-related-to\"\u003e \u003c/a\u003e\u003c/td\u003e\u003ctd\u003eNot Related To\u003c/td\u003e\u003ctd\u003eThis is an explicit assertion that the target concept is not related to the source concept.\u003c/td\u003e\u003c/tr\u003e\u003c/table\u003e\u003c/div\u003e"
  },
  "extension": [
    {
      "url": "http://hl7.org/fhir/StructureDefinition/structuredefinition-wg",
      "valueCode": "fhir"
    },
    {
      "url": "http://hl7.org/fhir/StructureDefinition/structuredefinition-standards-status",
      "valueCode": "trial-use"
    },
    {
      "url": "http://hl7.org/fhir/StructureDefinition/structuredefinition-fmm",
      "valueInteger": 3
    }
  ],
  "url": "http://hl7.org/fhir/concept-map-relationship",
  "identifier": [
    {
      "system": "urn:ietf:rfc:3986",
      "value": "urn:oid:2.16.840.1.113883.4.642.1.1409"
    }
  ],
  "version": "4.2.0",
  "name": "ConceptMapRelationship",
  "title": "ConceptMapRelationship",
  "status": "draft",
  "experimental": false,
  "date": "2020-02-29T07:59:43+00:00",
  "description": "The relationship between concepts.",
  "caseSensitive": true,
  "valueSet": "http://hl7.org/fhir/ValueSet/concept-map-relationship",
  "content": "complete",
  "concept": [
    {
      "code": "related-to",
      "display": "Related To",
      "definition": "The concepts are related to each other, but the exact relationship is not known.",
      "concept": [
        {
          "code": "equivalent",
          "display": "Equivalent",
          "definition": "The definitions of the concepts mean the same thing."
        },
        {
          "code": "broader",
          "display": "Broader",
          "definition": "The target concept is broader in meaning than the source concept."
        },
        {
          "code": "narrower",
          "display": "Narrower",
          "definition": "The target concept is narrower in meaning than the source concept."
        }
      ]
    },
    {
      "code": "not-related-to",
      "display": "Not Related To",
      "definition": "This is an explicit assertion that the target concept is not related to the source concept."
    }
  ]
}