{
  "resourceType": "CodeSystem",
  "id": "sort-direction",
  "meta": {
    "lastUpdated": "2020-02-29T07:59:43.660+00:00"
  },
  "text": {
    "status": "generated",
    "div": "\u003cdiv xmlns\u003d\"http://www.w3.org/1999/xhtml\"\u003e\u003ch2\u003eSortDirection\u003c/h2\u003e\u003cdiv\u003e\u003cp\u003eThe possible sort directions, ascending or descending.\u003c/p\u003e\n\u003c/div\u003e\u003cp\u003eThis code system http://hl7.org/fhir/sort-direction defines the following codes:\u003c/p\u003e\u003ctable class\u003d\"codes\"\u003e\u003ctr\u003e\u003ctd style\u003d\"white-space:nowrap\"\u003e\u003cb\u003eCode\u003c/b\u003e\u003c/td\u003e\u003ctd\u003e\u003cb\u003eDisplay\u003c/b\u003e\u003c/td\u003e\u003ctd\u003e\u003cb\u003eDefinition\u003c/b\u003e\u003c/td\u003e\u003c/tr\u003e\u003ctr\u003e\u003ctd style\u003d\"white-space:nowrap\"\u003eascending\u003ca name\u003d\"sort-direction-ascending\"\u003e \u003c/a\u003e\u003c/td\u003e\u003ctd\u003eAscending\u003c/td\u003e\u003ctd\u003eSort by the value ascending, so that lower values appear first.\u003c/td\u003e\u003c/tr\u003e\u003ctr\u003e\u003ctd style\u003d\"white-space:nowrap\"\u003edescending\u003ca name\u003d\"sort-direction-descending\"\u003e \u003c/a\u003e\u003c/td\u003e\u003ctd\u003eDescending\u003c/td\u003e\u003ctd\u003eSort by the value descending, so that lower values appear last.\u003c/td\u003e\u003c/tr\u003e\u003c/table\u003e\u003c/div\u003e"
  },
  "extension": [
    {
      "url": "http://hl7.org/fhir/StructureDefinition/structuredefinition-wg",
      "valueCode": "fhir"
    },
    {
      "url": "http://hl7.org/fhir/StructureDefinition/structuredefinition-standards-status",
      "valueCode": "trial-use"
    },
    {
      "url": "http://hl7.org/fhir/StructureDefinition/structuredefinition-fmm",
      "valueInteger": 5
    }
  ],
  "url": "http://hl7.org/fhir/sort-direction",
  "identifier": [
    {
      "system": "urn:ietf:rfc:3986",
      "value": "urn:oid:2.16.840.1.113883.4.642.1.980"
    }
  ],
  "version": "4.2.0",
  "name": "SortDirection",
  "title": "SortDirection",
  "status": "draft",
  "experimental": false,
  "date": "2020-02-29T07:59:43+00:00",
  "publisher": "HL7 (FHIR Project)",
  "contact": [
    {
      "telecom": [
        {
          "system": "url",
          "value": "http://hl7.org/fhir"
        },
        {
          "system": "email",
          "value": "fhir@lists.hl7.org"
        }
      ]
    }
  ],
  "description": "The possible sort directions, ascending or descending.",
  "caseSensitive": true,
  "valueSet": "http://hl7.org/fhir/ValueSet/sort-direction",
  "content": "complete",
  "concept": [
    {
      "code": "ascending",
      "display": "Ascending",
      "definition": "Sort by the value ascending, so that lower values appear first."
    },
    {
      "code": "descending",
      "display": "Descending",
      "definition": "Sort by the value descending, so that lower values appear last."
    }
  ]
}