{
  "resourceType": "CodeSystem",
  "id": "message-transport",
  "meta": {
    "lastUpdated": "2020-02-29T07:59:43.660+00:00"
  },
  "text": {
    "status": "generated",
    "div": "\u003cdiv xmlns\u003d\"http://www.w3.org/1999/xhtml\"\u003e\u003ch2\u003eMessageTransport\u003c/h2\u003e\u003cdiv\u003e\u003cp\u003eThe protocol used for message transport.\u003c/p\u003e\n\u003c/div\u003e\u003cp\u003eThis code system http://terminology.hl7.org/CodeSystem/message-transport defines the following codes:\u003c/p\u003e\u003ctable class\u003d\"codes\"\u003e\u003ctr\u003e\u003ctd style\u003d\"white-space:nowrap\"\u003e\u003cb\u003eCode\u003c/b\u003e\u003c/td\u003e\u003ctd\u003e\u003cb\u003eDisplay\u003c/b\u003e\u003c/td\u003e\u003ctd\u003e\u003cb\u003eDefinition\u003c/b\u003e\u003c/td\u003e\u003c/tr\u003e\u003ctr\u003e\u003ctd style\u003d\"white-space:nowrap\"\u003ehttp\u003ca name\u003d\"message-transport-http\"\u003e \u003c/a\u003e\u003c/td\u003e\u003ctd\u003eHTTP\u003c/td\u003e\u003ctd\u003eThe application sends or receives messages using HTTP POST (may be over http: or https:).\u003c/td\u003e\u003c/tr\u003e\u003ctr\u003e\u003ctd style\u003d\"white-space:nowrap\"\u003eftp\u003ca name\u003d\"message-transport-ftp\"\u003e \u003c/a\u003e\u003c/td\u003e\u003ctd\u003eFTP\u003c/td\u003e\u003ctd\u003eThe application sends or receives messages using File Transfer Protocol.\u003c/td\u003e\u003c/tr\u003e\u003ctr\u003e\u003ctd style\u003d\"white-space:nowrap\"\u003emllp\u003ca name\u003d\"message-transport-mllp\"\u003e \u003c/a\u003e\u003c/td\u003e\u003ctd\u003eMLLP\u003c/td\u003e\u003ctd\u003eThe application sends or receives messages using HL7\u0027s Minimal Lower Level Protocol.\u003c/td\u003e\u003c/tr\u003e\u003c/table\u003e\u003c/div\u003e"
  },
  "extension": [
    {
      "url": "http://hl7.org/fhir/StructureDefinition/structuredefinition-wg",
      "valueCode": "fhir"
    },
    {
      "url": "http://hl7.org/fhir/StructureDefinition/structuredefinition-standards-status",
      "valueCode": "normative"
    },
    {
      "url": "http://hl7.org/fhir/StructureDefinition/structuredefinition-normative-version",
      "valueCode": "4.0.0"
    },
    {
      "url": "http://hl7.org/fhir/StructureDefinition/structuredefinition-fmm",
      "valueInteger": 5
    }
  ],
  "url": "http://terminology.hl7.org/CodeSystem/message-transport",
  "identifier": [
    {
      "system": "urn:ietf:rfc:3986",
      "value": "urn:oid:2.16.840.1.113883.4.642.1.1080"
    }
  ],
  "version": "4.2.0",
  "name": "MessageTransport",
  "title": "MessageTransport",
  "status": "active",
  "experimental": false,
  "date": "2020-02-29T07:59:43+00:00",
  "publisher": "HL7 (FHIR Project)",
  "contact": [
    {
      "telecom": [
        {
          "system": "url",
          "value": "http://hl7.org/fhir"
        },
        {
          "system": "email",
          "value": "fhir@lists.hl7.org"
        }
      ]
    }
  ],
  "description": "The protocol used for message transport.",
  "caseSensitive": true,
  "valueSet": "http://hl7.org/fhir/ValueSet/message-transport",
  "content": "complete",
  "concept": [
    {
      "code": "http",
      "display": "HTTP",
      "definition": "The application sends or receives messages using HTTP POST (may be over http: or https:)."
    },
    {
      "code": "ftp",
      "display": "FTP",
      "definition": "The application sends or receives messages using File Transfer Protocol."
    },
    {
      "code": "mllp",
      "display": "MLLP",
      "definition": "The application sends or receives messages using HL7\u0027s Minimal Lower Level Protocol."
    }
  ]
}