{
  "resourceType": "CodeSystem",
  "id": "contract-security-control",
  "meta": {
    "lastUpdated": "2020-02-29T07:59:43.660+00:00",
    "profile": [
      "http://hl7.org/fhir/StructureDefinition/shareablecodesystem"
    ]
  },
  "text": {
    "status": "generated",
    "div": "\u003cdiv xmlns\u003d\"http://www.w3.org/1999/xhtml\"\u003eEach definition includes usage notes explaining\n            the precedence order in contract lifecycle - i.e., while only some stages are required,\n            the order in which they may occur is deterministic; and a map to comparable FHIR and v.3\n            status codes. It follows guidance about use of status codes in FHIR at\n            http://build.fhir.org/sc.html.\u003chr/\u003e\u003ch2\u003eContract Resource Security Control codes\u003c/h2\u003e\u003cdiv\u003e\u003cp\u003eThis value set contract specific codes for security control.\u003c/p\u003e\n\u003c/div\u003e\u003cp\u003e\u003cb\u003eCopyright Statement:\u003c/b\u003e HL7 International.\u003c/p\u003e\u003cp\u003eThis code system http://hl7.org/fhir/contract-security-control defines the following codes:\u003c/p\u003e\u003ctable class\u003d\"codes\"\u003e\u003ctr\u003e\u003ctd style\u003d\"white-space:nowrap\"\u003e\u003cb\u003eCode\u003c/b\u003e\u003c/td\u003e\u003ctd\u003e\u003cb\u003eDisplay\u003c/b\u003e\u003c/td\u003e\u003ctd\u003e\u003cb\u003eDefinition\u003c/b\u003e\u003c/td\u003e\u003c/tr\u003e\u003ctr\u003e\u003ctd style\u003d\"white-space:nowrap\"\u003epolicy\u003ca name\u003d\"contract-security-control-policy\"\u003e \u003c/a\u003e\u003c/td\u003e\u003ctd\u003ePolicy\u003c/td\u003e\u003ctd\u003eTo be completed\u003c/td\u003e\u003c/tr\u003e\u003c/table\u003e\u003c/div\u003e"
  },
  "extension": [
    {
      "url": "http://hl7.org/fhir/StructureDefinition/structuredefinition-wg",
      "valueCode": "fm"
    },
    {
      "url": "http://hl7.org/fhir/StructureDefinition/structuredefinition-standards-status",
      "valueCode": "draft"
    },
    {
      "url": "http://hl7.org/fhir/StructureDefinition/structuredefinition-fmm",
      "valueInteger": 1
    }
  ],
  "url": "http://hl7.org/fhir/contract-security-control",
  "identifier": [
    {
      "system": "urn:ietf:rfc:3986",
      "value": "urn:oid:2.16.840.1.113883.4.642.1.1223"
    }
  ],
  "version": "4.2.0",
  "name": "ContractResourceSecurityControlCodes",
  "title": "Contract Resource Security Control codes",
  "status": "draft",
  "experimental": false,
  "publisher": "Financial Management",
  "contact": [
    {
      "name": "FHIR project team",
      "telecom": [
        {
          "system": "url",
          "value": "http://hl7.org/fhir"
        }
      ]
    },
    {
      "telecom": [
        {
          "system": "url",
          "value": "http://hl7.org/fhir"
        }
      ]
    }
  ],
  "description": "This value set contract specific codes for security control.",
  "copyright": "HL7 International.",
  "caseSensitive": true,
  "valueSet": "http://hl7.org/fhir/ValueSet/contract-security-control",
  "content": "complete",
  "concept": [
    {
      "code": "policy",
      "display": "Policy",
      "definition": "To be completed"
    }
  ]
}