{
  "resourceType": "CodeSystem",
  "id": "adverse-event-category",
  "meta": {
    "lastUpdated": "2020-02-29T07:59:43.660+00:00"
  },
  "text": {
    "status": "generated",
    "div": "\u003cdiv xmlns\u003d\"http://www.w3.org/1999/xhtml\"\u003e\u003ch2\u003eAdverseEventCategory\u003c/h2\u003e\u003cdiv\u003e\u003cp\u003eOverall categorization of the event, e.g. product-related or situational.\u003c/p\u003e\n\u003c/div\u003e\u003cp\u003eThis code system http://terminology.hl7.org/CodeSystem/adverse-event-category defines the following codes:\u003c/p\u003e\u003ctable class\u003d\"codes\"\u003e\u003ctr\u003e\u003ctd style\u003d\"white-space:nowrap\"\u003e\u003cb\u003eCode\u003c/b\u003e\u003c/td\u003e\u003ctd\u003e\u003cb\u003eDisplay\u003c/b\u003e\u003c/td\u003e\u003ctd\u003e\u003cb\u003eDefinition\u003c/b\u003e\u003c/td\u003e\u003c/tr\u003e\u003ctr\u003e\u003ctd style\u003d\"white-space:nowrap\"\u003ewrong-patient\u003ca name\u003d\"adverse-event-category-wrong-patient\"\u003e \u003c/a\u003e\u003c/td\u003e\u003ctd\u003eWrong Patient\u003c/td\u003e\u003ctd\u003eThe adverse event pertains to an event involving the wrong patient, who was not the intended subject.\u003c/td\u003e\u003c/tr\u003e\u003ctr\u003e\u003ctd style\u003d\"white-space:nowrap\"\u003eprocedure-mishap\u003ca name\u003d\"adverse-event-category-procedure-mishap\"\u003e \u003c/a\u003e\u003c/td\u003e\u003ctd\u003eProcedure Mishap\u003c/td\u003e\u003ctd\u003eThe adverse event pertains to a procedure mishap.\u003c/td\u003e\u003c/tr\u003e\u003ctr\u003e\u003ctd style\u003d\"white-space:nowrap\"\u003emedication-mishap\u003ca name\u003d\"adverse-event-category-medication-mishap\"\u003e \u003c/a\u003e\u003c/td\u003e\u003ctd\u003eMedication Mishap\u003c/td\u003e\u003ctd\u003eThe adverse event pertains to a medication mishap, such as wrong dose, route, rate, or duration of administration.\u003c/td\u003e\u003c/tr\u003e\u003ctr\u003e\u003ctd style\u003d\"white-space:nowrap\"\u003edevice\u003ca name\u003d\"adverse-event-category-device\"\u003e \u003c/a\u003e\u003c/td\u003e\u003ctd\u003eDevice\u003c/td\u003e\u003ctd\u003eThe adverse event pertains to a device.\u003c/td\u003e\u003c/tr\u003e\u003ctr\u003e\u003ctd style\u003d\"white-space:nowrap\"\u003eunsafe-physical-environment\u003ca name\u003d\"adverse-event-category-unsafe-physical-environment\"\u003e \u003c/a\u003e\u003c/td\u003e\u003ctd\u003eUnsafe Physical Environment\u003c/td\u003e\u003ctd\u003eThe adverse event pertains to an unsafe physical environment.\u003c/td\u003e\u003c/tr\u003e\u003ctr\u003e\u003ctd style\u003d\"white-space:nowrap\"\u003ehospital-aquired-infection\u003ca name\u003d\"adverse-event-category-hospital-aquired-infection\"\u003e \u003c/a\u003e\u003c/td\u003e\u003ctd\u003eHospital Acquired Infection\u003c/td\u003e\u003ctd\u003eThe adverse event pertains to a hospital acquired infection.\u003c/td\u003e\u003c/tr\u003e\u003ctr\u003e\u003ctd style\u003d\"white-space:nowrap\"\u003ewrong-body-site\u003ca name\u003d\"adverse-event-category-wrong-body-site\"\u003e \u003c/a\u003e\u003c/td\u003e\u003ctd\u003eWrong Body Site\u003c/td\u003e\u003ctd\u003eThe adverse event pertains to the wrong body site.\u003c/td\u003e\u003c/tr\u003e\u003c/table\u003e\u003c/div\u003e"
  },
  "extension": [
    {
      "url": "http://hl7.org/fhir/StructureDefinition/structuredefinition-wg",
      "valueCode": "pc"
    },
    {
      "url": "http://hl7.org/fhir/StructureDefinition/structuredefinition-standards-status",
      "valueCode": "draft"
    },
    {
      "url": "http://hl7.org/fhir/StructureDefinition/structuredefinition-fmm",
      "valueInteger": 1
    }
  ],
  "url": "http://terminology.hl7.org/CodeSystem/adverse-event-category",
  "identifier": [
    {
      "system": "urn:ietf:rfc:3986",
      "value": "urn:oid:2.16.840.1.113883.4.642.1.1251"
    }
  ],
  "version": "4.2.0",
  "name": "AdverseEventCategory",
  "title": "AdverseEventCategory",
  "status": "draft",
  "experimental": false,
  "date": "2020-02-29T07:59:43+00:00",
  "publisher": "HL7 (FHIR Project)",
  "contact": [
    {
      "telecom": [
        {
          "system": "url",
          "value": "http://hl7.org/fhir"
        },
        {
          "system": "email",
          "value": "fhir@lists.hl7.org"
        }
      ]
    }
  ],
  "description": "Overall categorization of the event, e.g. product-related or situational.",
  "caseSensitive": true,
  "valueSet": "http://hl7.org/fhir/ValueSet/adverse-event-category",
  "content": "complete",
  "concept": [
    {
      "code": "wrong-patient",
      "display": "Wrong Patient",
      "definition": "The adverse event pertains to an event involving the wrong patient, who was not the intended subject."
    },
    {
      "code": "procedure-mishap",
      "display": "Procedure Mishap",
      "definition": "The adverse event pertains to a procedure mishap."
    },
    {
      "code": "medication-mishap",
      "display": "Medication Mishap",
      "definition": "The adverse event pertains to a medication mishap, such as wrong dose, route, rate, or duration of administration."
    },
    {
      "code": "device",
      "display": "Device",
      "definition": "The adverse event pertains to a device."
    },
    {
      "code": "unsafe-physical-environment",
      "display": "Unsafe Physical Environment",
      "definition": "The adverse event pertains to an unsafe physical environment."
    },
    {
      "code": "hospital-aquired-infection",
      "display": "Hospital Acquired Infection",
      "definition": "The adverse event pertains to a hospital acquired infection."
    },
    {
      "code": "wrong-body-site",
      "display": "Wrong Body Site",
      "definition": "The adverse event pertains to the wrong body site."
    }
  ]
}