{
  "resourceType": "CodeSystem",
  "id": "name-assembly-order",
  "meta": {
    "lastUpdated": "2020-02-29T07:59:43.660+00:00"
  },
  "text": {
    "status": "generated",
    "div": "\u003cdiv xmlns\u003d\"http://www.w3.org/1999/xhtml\"\u003e\u003ch2\u003eHumanNameAssemblyOrder\u003c/h2\u003e\u003cdiv\u003e\u003cp\u003eA code that represents the preferred display order of the components of a human name.\u003c/p\u003e\n\u003c/div\u003e\u003cp\u003eThis code system http://terminology.hl7.org/CodeSystem/name-assembly-order defines the following codes:\u003c/p\u003e\u003ctable class\u003d\"codes\"\u003e\u003ctr\u003e\u003ctd style\u003d\"white-space:nowrap\"\u003e\u003cb\u003eCode\u003c/b\u003e\u003c/td\u003e\u003ctd\u003e\u003cb\u003eDisplay\u003c/b\u003e\u003c/td\u003e\u003ctd\u003e\u003cb\u003eDefinition\u003c/b\u003e\u003c/td\u003e\u003c/tr\u003e\u003ctr\u003e\u003ctd style\u003d\"white-space:nowrap\"\u003eNL1\u003ca name\u003d\"name-assembly-order-NL1\"\u003e \u003c/a\u003e\u003c/td\u003e\u003ctd\u003eOwn Name\u003c/td\u003e\u003ctd/\u003e\u003c/tr\u003e\u003ctr\u003e\u003ctd style\u003d\"white-space:nowrap\"\u003eNL2\u003ca name\u003d\"name-assembly-order-NL2\"\u003e \u003c/a\u003e\u003c/td\u003e\u003ctd\u003ePartner Name\u003c/td\u003e\u003ctd/\u003e\u003c/tr\u003e\u003ctr\u003e\u003ctd style\u003d\"white-space:nowrap\"\u003eNL3\u003ca name\u003d\"name-assembly-order-NL3\"\u003e \u003c/a\u003e\u003c/td\u003e\u003ctd\u003ePartner Name followed by Maiden Name\u003c/td\u003e\u003ctd/\u003e\u003c/tr\u003e\u003ctr\u003e\u003ctd style\u003d\"white-space:nowrap\"\u003eNL4\u003ca name\u003d\"name-assembly-order-NL4\"\u003e \u003c/a\u003e\u003c/td\u003e\u003ctd\u003eOwn Name followed by Partner Name\u003c/td\u003e\u003ctd/\u003e\u003c/tr\u003e\u003c/table\u003e\u003c/div\u003e"
  },
  "url": "http://terminology.hl7.org/CodeSystem/name-assembly-order",
  "identifier": [
    {
      "system": "urn:ietf:rfc:3986",
      "value": "urn:oid:2.16.840.1.113883.4.642.1.1266"
    }
  ],
  "version": "4.2.0",
  "name": "HumanNameAssemblyOrder",
  "title": "HumanNameAssemblyOrder",
  "status": "draft",
  "experimental": false,
  "date": "2020-02-29T07:59:43+00:00",
  "publisher": "HL7 (FHIR Project)",
  "contact": [
    {
      "telecom": [
        {
          "system": "url",
          "value": "http://hl7.org/fhir"
        },
        {
          "system": "email",
          "value": "fhir@lists.hl7.org"
        }
      ]
    }
  ],
  "description": "A code that represents the preferred display order of the components of a human name.",
  "caseSensitive": true,
  "content": "complete",
  "concept": [
    {
      "code": "NL1",
      "display": "Own Name"
    },
    {
      "code": "NL2",
      "display": "Partner Name"
    },
    {
      "code": "NL3",
      "display": "Partner Name followed by Maiden Name"
    },
    {
      "code": "NL4",
      "display": "Own Name followed by Partner Name"
    }
  ]
}