{
  "resourceType": "CodeSystem",
  "id": "episodeofcare-type",
  "meta": {
    "lastUpdated": "2020-02-29T07:59:43.660+00:00",
    "profile": [
      "http://hl7.org/fhir/StructureDefinition/shareablecodesystem"
    ]
  },
  "text": {
    "status": "generated",
    "div": "\u003cdiv xmlns\u003d\"http://www.w3.org/1999/xhtml\"\u003e\u003ch2\u003eEpisode of care type\u003c/h2\u003e\u003cdiv\u003e\u003cp\u003eThis example value set defines a set of codes that can be used to express the usage type of an EpisodeOfCare record.\u003c/p\u003e\n\u003c/div\u003e\u003cp\u003eThis code system http://terminology.hl7.org/CodeSystem/episodeofcare-type defines the following codes:\u003c/p\u003e\u003ctable class\u003d\"codes\"\u003e\u003ctr\u003e\u003ctd style\u003d\"white-space:nowrap\"\u003e\u003cb\u003eCode\u003c/b\u003e\u003c/td\u003e\u003ctd\u003e\u003cb\u003eDisplay\u003c/b\u003e\u003c/td\u003e\u003ctd\u003e\u003cb\u003eDefinition\u003c/b\u003e\u003c/td\u003e\u003c/tr\u003e\u003ctr\u003e\u003ctd style\u003d\"white-space:nowrap\"\u003ehacc\u003ca name\u003d\"episodeofcare-type-hacc\"\u003e \u003c/a\u003e\u003c/td\u003e\u003ctd\u003eHome and Community Care\u003c/td\u003e\u003ctd/\u003e\u003c/tr\u003e\u003ctr\u003e\u003ctd style\u003d\"white-space:nowrap\"\u003epac\u003ca name\u003d\"episodeofcare-type-pac\"\u003e \u003c/a\u003e\u003c/td\u003e\u003ctd\u003ePost Acute Care\u003c/td\u003e\u003ctd/\u003e\u003c/tr\u003e\u003ctr\u003e\u003ctd style\u003d\"white-space:nowrap\"\u003ediab\u003ca name\u003d\"episodeofcare-type-diab\"\u003e \u003c/a\u003e\u003c/td\u003e\u003ctd\u003ePost coordinated diabetes program\u003c/td\u003e\u003ctd/\u003e\u003c/tr\u003e\u003ctr\u003e\u003ctd style\u003d\"white-space:nowrap\"\u003eda\u003ca name\u003d\"episodeofcare-type-da\"\u003e \u003c/a\u003e\u003c/td\u003e\u003ctd\u003eDrug and alcohol rehabilitation\u003c/td\u003e\u003ctd/\u003e\u003c/tr\u003e\u003ctr\u003e\u003ctd style\u003d\"white-space:nowrap\"\u003ecacp\u003ca name\u003d\"episodeofcare-type-cacp\"\u003e \u003c/a\u003e\u003c/td\u003e\u003ctd\u003eCommunity-based aged care\u003c/td\u003e\u003ctd/\u003e\u003c/tr\u003e\u003c/table\u003e\u003c/div\u003e"
  },
  "extension": [
    {
      "url": "http://hl7.org/fhir/StructureDefinition/structuredefinition-wg",
      "valueCode": "pa"
    },
    {
      "url": "http://hl7.org/fhir/StructureDefinition/structuredefinition-standards-status",
      "valueCode": "draft"
    },
    {
      "url": "http://hl7.org/fhir/StructureDefinition/structuredefinition-fmm",
      "valueInteger": 1
    }
  ],
  "url": "http://terminology.hl7.org/CodeSystem/episodeofcare-type",
  "identifier": [
    {
      "system": "urn:ietf:rfc:3986",
      "value": "urn:oid:2.16.840.1.113883.4.642.1.1189"
    }
  ],
  "version": "4.2.0",
  "name": "EpisodeOfCareType",
  "title": "Episode of care type",
  "status": "draft",
  "experimental": false,
  "publisher": "FHIR Project team",
  "contact": [
    {
      "telecom": [
        {
          "system": "url",
          "value": "http://hl7.org/fhir"
        }
      ]
    }
  ],
  "description": "This example value set defines a set of codes that can be used to express the usage type of an EpisodeOfCare record.",
  "caseSensitive": true,
  "valueSet": "http://hl7.org/fhir/ValueSet/episodeofcare-type",
  "content": "complete",
  "concept": [
    {
      "code": "hacc",
      "display": "Home and Community Care"
    },
    {
      "code": "pac",
      "display": "Post Acute Care"
    },
    {
      "code": "diab",
      "display": "Post coordinated diabetes program"
    },
    {
      "code": "da",
      "display": "Drug and alcohol rehabilitation"
    },
    {
      "code": "cacp",
      "display": "Community-based aged care"
    }
  ]
}