{
  "resourceType": "CodeSystem",
  "id": "evidence-quality",
  "meta": {
    "lastUpdated": "2020-02-29T07:59:43.660+00:00"
  },
  "text": {
    "status": "generated",
    "div": "\u003cdiv xmlns\u003d\"http://www.w3.org/1999/xhtml\"\u003e\u003ch2\u003eQualityOfEvidenceRating\u003c/h2\u003e\u003cdiv\u003e\u003cp\u003eA rating system that describes the quality of evidence such as the GRADE, DynaMed, or Oxford CEBM systems.\u003c/p\u003e\n\u003c/div\u003e\u003cp\u003eThis code system http://terminology.hl7.org/CodeSystem/evidence-quality defines the following codes:\u003c/p\u003e\u003ctable class\u003d\"codes\"\u003e\u003ctr\u003e\u003ctd style\u003d\"white-space:nowrap\"\u003e\u003cb\u003eCode\u003c/b\u003e\u003c/td\u003e\u003ctd\u003e\u003cb\u003eDisplay\u003c/b\u003e\u003c/td\u003e\u003ctd\u003e\u003cb\u003eDefinition\u003c/b\u003e\u003c/td\u003e\u003c/tr\u003e\u003ctr\u003e\u003ctd style\u003d\"white-space:nowrap\"\u003ehigh\u003ca name\u003d\"evidence-quality-high\"\u003e \u003c/a\u003e\u003c/td\u003e\u003ctd\u003eHigh quality\u003c/td\u003e\u003ctd\u003eHigh quality evidence.\u003c/td\u003e\u003c/tr\u003e\u003ctr\u003e\u003ctd style\u003d\"white-space:nowrap\"\u003emoderate\u003ca name\u003d\"evidence-quality-moderate\"\u003e \u003c/a\u003e\u003c/td\u003e\u003ctd\u003eModerate quality\u003c/td\u003e\u003ctd\u003eModerate quality evidence.\u003c/td\u003e\u003c/tr\u003e\u003ctr\u003e\u003ctd style\u003d\"white-space:nowrap\"\u003elow\u003ca name\u003d\"evidence-quality-low\"\u003e \u003c/a\u003e\u003c/td\u003e\u003ctd\u003eLow quality\u003c/td\u003e\u003ctd\u003eLow quality evidence.\u003c/td\u003e\u003c/tr\u003e\u003ctr\u003e\u003ctd style\u003d\"white-space:nowrap\"\u003every-low\u003ca name\u003d\"evidence-quality-very-low\"\u003e \u003c/a\u003e\u003c/td\u003e\u003ctd\u003eVery low quality\u003c/td\u003e\u003ctd\u003eVery low quality evidence.\u003c/td\u003e\u003c/tr\u003e\u003c/table\u003e\u003c/div\u003e"
  },
  "url": "http://terminology.hl7.org/CodeSystem/evidence-quality",
  "identifier": [
    {
      "system": "urn:ietf:rfc:3986",
      "value": "urn:oid:2.16.840.1.113883.4.642.1.1267"
    }
  ],
  "version": "4.2.0",
  "name": "QualityOfEvidenceRating",
  "title": "QualityOfEvidenceRating",
  "status": "draft",
  "experimental": false,
  "date": "2020-02-29T07:59:43+00:00",
  "publisher": "HL7 (FHIR Project)",
  "contact": [
    {
      "telecom": [
        {
          "system": "url",
          "value": "http://hl7.org/fhir"
        },
        {
          "system": "email",
          "value": "fhir@lists.hl7.org"
        }
      ]
    }
  ],
  "description": "A rating system that describes the quality of evidence such as the GRADE, DynaMed, or Oxford CEBM systems.",
  "caseSensitive": true,
  "valueSet": "http://hl7.org/fhir/ValueSet/evidence-quality",
  "content": "complete",
  "concept": [
    {
      "code": "high",
      "display": "High quality",
      "definition": "High quality evidence."
    },
    {
      "code": "moderate",
      "display": "Moderate quality",
      "definition": "Moderate quality evidence."
    },
    {
      "code": "low",
      "display": "Low quality",
      "definition": "Low quality evidence."
    },
    {
      "code": "very-low",
      "display": "Very low quality",
      "definition": "Very low quality evidence."
    }
  ]
}