{
  "resourceType": "CodeSystem",
  "id": "medicationknowledge-characteristic",
  "meta": {
    "lastUpdated": "2020-02-29T07:59:43.660+00:00",
    "profile": [
      "http://hl7.org/fhir/StructureDefinition/shareablecodesystem"
    ]
  },
  "text": {
    "status": "generated",
    "div": "\u003cdiv xmlns\u003d\"http://www.w3.org/1999/xhtml\"\u003e\u003ch2\u003eMedication knowledge  characteristic  codes\u003c/h2\u003e\u003cdiv\u003e\u003cp\u003eMedicationKnowledge Characteristic Codes\u003c/p\u003e\n\u003c/div\u003e\u003cp\u003eThis code system http://terminology.hl7.org/CodeSystem/medicationknowledge-characteristic defines the following codes:\u003c/p\u003e\u003ctable class\u003d\"codes\"\u003e\u003ctr\u003e\u003ctd style\u003d\"white-space:nowrap\"\u003e\u003cb\u003eCode\u003c/b\u003e\u003c/td\u003e\u003ctd\u003e\u003cb\u003eDisplay\u003c/b\u003e\u003c/td\u003e\u003ctd\u003e\u003cb\u003eDefinition\u003c/b\u003e\u003c/td\u003e\u003c/tr\u003e\u003ctr\u003e\u003ctd style\u003d\"white-space:nowrap\"\u003eimprintcd\u003ca name\u003d\"medicationknowledge-characteristic-imprintcd\"\u003e \u003c/a\u003e\u003c/td\u003e\u003ctd\u003eImprint Code\u003c/td\u003e\u003ctd\u003eIdentyifying marks on product\u003c/td\u003e\u003c/tr\u003e\u003ctr\u003e\u003ctd style\u003d\"white-space:nowrap\"\u003esize\u003ca name\u003d\"medicationknowledge-characteristic-size\"\u003e \u003c/a\u003e\u003c/td\u003e\u003ctd\u003eSize\u003c/td\u003e\u003ctd\u003eDescription of size of the product\u003c/td\u003e\u003c/tr\u003e\u003ctr\u003e\u003ctd style\u003d\"white-space:nowrap\"\u003eshape\u003ca name\u003d\"medicationknowledge-characteristic-shape\"\u003e \u003c/a\u003e\u003c/td\u003e\u003ctd\u003eShape\u003c/td\u003e\u003ctd\u003eDescription of the shape of the product\u003c/td\u003e\u003c/tr\u003e\u003ctr\u003e\u003ctd style\u003d\"white-space:nowrap\"\u003ecolor\u003ca name\u003d\"medicationknowledge-characteristic-color\"\u003e \u003c/a\u003e\u003c/td\u003e\u003ctd\u003eColor\u003c/td\u003e\u003ctd\u003eDescription of the color of the product\u003c/td\u003e\u003c/tr\u003e\u003ctr\u003e\u003ctd style\u003d\"white-space:nowrap\"\u003ecoating\u003ca name\u003d\"medicationknowledge-characteristic-coating\"\u003e \u003c/a\u003e\u003c/td\u003e\u003ctd\u003eCoating\u003c/td\u003e\u003ctd\u003eDescription of the coating of the product\u003c/td\u003e\u003c/tr\u003e\u003ctr\u003e\u003ctd style\u003d\"white-space:nowrap\"\u003escoring\u003ca name\u003d\"medicationknowledge-characteristic-scoring\"\u003e \u003c/a\u003e\u003c/td\u003e\u003ctd\u003eScoring\u003c/td\u003e\u003ctd\u003eDescription of the scoring of the product\u003c/td\u003e\u003c/tr\u003e\u003ctr\u003e\u003ctd style\u003d\"white-space:nowrap\"\u003elogo\u003ca name\u003d\"medicationknowledge-characteristic-logo\"\u003e \u003c/a\u003e\u003c/td\u003e\u003ctd\u003eLogo\u003c/td\u003e\u003ctd\u003eDescription of the Logo of the product\u003c/td\u003e\u003c/tr\u003e\u003ctr\u003e\u003ctd style\u003d\"white-space:nowrap\"\u003eimage\u003ca name\u003d\"medicationknowledge-characteristic-image\"\u003e \u003c/a\u003e\u003c/td\u003e\u003ctd\u003eImage\u003c/td\u003e\u003ctd\u003eDescription of the Image of the product\u003c/td\u003e\u003c/tr\u003e\u003c/table\u003e\u003c/div\u003e"
  },
  "extension": [
    {
      "url": "http://hl7.org/fhir/StructureDefinition/structuredefinition-wg",
      "valueCode": "phx"
    },
    {
      "url": "http://hl7.org/fhir/StructureDefinition/structuredefinition-standards-status",
      "valueCode": "draft"
    },
    {
      "url": "http://hl7.org/fhir/StructureDefinition/structuredefinition-fmm",
      "valueInteger": 1
    }
  ],
  "url": "http://terminology.hl7.org/CodeSystem/medicationknowledge-characteristic",
  "identifier": [
    {
      "system": "urn:ietf:rfc:3986",
      "value": "urn:oid:2.16.840.1.113883.4.642.1.1338"
    }
  ],
  "version": "4.2.0",
  "name": "medicationKnowledge Characteristic Codes",
  "title": "Medication knowledge  characteristic  codes",
  "status": "draft",
  "experimental": false,
  "publisher": "FHIR Project team",
  "contact": [
    {
      "telecom": [
        {
          "system": "url",
          "value": "http://hl7.org/fhir"
        }
      ]
    }
  ],
  "description": "MedicationKnowledge Characteristic Codes",
  "caseSensitive": true,
  "valueSet": "http://hl7.org/fhir/ValueSet/medicationknowledge-characteristic",
  "content": "complete",
  "concept": [
    {
      "code": "imprintcd",
      "display": "Imprint Code",
      "definition": "Identyifying marks on product"
    },
    {
      "code": "size",
      "display": "Size",
      "definition": "Description of size of the product"
    },
    {
      "code": "shape",
      "display": "Shape",
      "definition": "Description of the shape of the product"
    },
    {
      "code": "color",
      "display": "Color",
      "definition": "Description of the color of the product"
    },
    {
      "code": "coating",
      "display": "Coating",
      "definition": "Description of the coating of the product"
    },
    {
      "code": "scoring",
      "display": "Scoring",
      "definition": "Description of the scoring of the product"
    },
    {
      "code": "logo",
      "display": "Logo",
      "definition": "Description of the Logo of the product"
    },
    {
      "code": "image",
      "display": "Image",
      "definition": "Description of the Image of the product"
    }
  ]
}