{
  "resourceType": "CodeSystem",
  "id": "communication-category",
  "meta": {
    "lastUpdated": "2020-02-29T07:59:43.660+00:00"
  },
  "text": {
    "status": "generated",
    "div": "\u003cdiv xmlns\u003d\"http://www.w3.org/1999/xhtml\"\u003e\u003ch2\u003eCommunicationCategory\u003c/h2\u003e\u003cdiv\u003e\u003cp\u003eCodes for general categories of communications such as alerts, instructions, etc.\u003c/p\u003e\n\u003c/div\u003e\u003cp\u003eThis code system http://terminology.hl7.org/CodeSystem/communication-category defines the following codes:\u003c/p\u003e\u003ctable class\u003d\"codes\"\u003e\u003ctr\u003e\u003ctd style\u003d\"white-space:nowrap\"\u003e\u003cb\u003eCode\u003c/b\u003e\u003c/td\u003e\u003ctd\u003e\u003cb\u003eDisplay\u003c/b\u003e\u003c/td\u003e\u003ctd\u003e\u003cb\u003eDefinition\u003c/b\u003e\u003c/td\u003e\u003c/tr\u003e\u003ctr\u003e\u003ctd style\u003d\"white-space:nowrap\"\u003ealert\u003ca name\u003d\"communication-category-alert\"\u003e \u003c/a\u003e\u003c/td\u003e\u003ctd\u003eAlert\u003c/td\u003e\u003ctd\u003eThe communication conveys an alert.\u003c/td\u003e\u003c/tr\u003e\u003ctr\u003e\u003ctd style\u003d\"white-space:nowrap\"\u003enotification\u003ca name\u003d\"communication-category-notification\"\u003e \u003c/a\u003e\u003c/td\u003e\u003ctd\u003eNotification\u003c/td\u003e\u003ctd\u003eThe communication conveys a notification.\u003c/td\u003e\u003c/tr\u003e\u003ctr\u003e\u003ctd style\u003d\"white-space:nowrap\"\u003ereminder\u003ca name\u003d\"communication-category-reminder\"\u003e \u003c/a\u003e\u003c/td\u003e\u003ctd\u003eReminder\u003c/td\u003e\u003ctd\u003eThe communication conveys a reminder.\u003c/td\u003e\u003c/tr\u003e\u003ctr\u003e\u003ctd style\u003d\"white-space:nowrap\"\u003einstruction\u003ca name\u003d\"communication-category-instruction\"\u003e \u003c/a\u003e\u003c/td\u003e\u003ctd\u003eInstruction\u003c/td\u003e\u003ctd\u003eThe communication conveys an instruction.\u003c/td\u003e\u003c/tr\u003e\u003c/table\u003e\u003c/div\u003e"
  },
  "extension": [
    {
      "url": "http://hl7.org/fhir/StructureDefinition/structuredefinition-wg",
      "valueCode": "pc"
    },
    {
      "url": "http://hl7.org/fhir/StructureDefinition/structuredefinition-standards-status",
      "valueCode": "draft"
    },
    {
      "url": "http://hl7.org/fhir/StructureDefinition/structuredefinition-fmm",
      "valueInteger": 1
    }
  ],
  "url": "http://terminology.hl7.org/CodeSystem/communication-category",
  "identifier": [
    {
      "system": "urn:ietf:rfc:3986",
      "value": "urn:oid:2.16.840.1.113883.4.642.1.1076"
    }
  ],
  "version": "4.2.0",
  "name": "CommunicationCategory",
  "title": "CommunicationCategory",
  "status": "draft",
  "experimental": false,
  "date": "2020-02-29T07:59:43+00:00",
  "publisher": "HL7 (FHIR Project)",
  "contact": [
    {
      "telecom": [
        {
          "system": "url",
          "value": "http://hl7.org/fhir"
        },
        {
          "system": "email",
          "value": "fhir@lists.hl7.org"
        }
      ]
    }
  ],
  "description": "Codes for general categories of communications such as alerts, instructions, etc.",
  "caseSensitive": true,
  "valueSet": "http://hl7.org/fhir/ValueSet/communication-category",
  "content": "complete",
  "concept": [
    {
      "code": "alert",
      "display": "Alert",
      "definition": "The communication conveys an alert."
    },
    {
      "code": "notification",
      "display": "Notification",
      "definition": "The communication conveys a notification."
    },
    {
      "code": "reminder",
      "display": "Reminder",
      "definition": "The communication conveys a reminder."
    },
    {
      "code": "instruction",
      "display": "Instruction",
      "definition": "The communication conveys an instruction."
    }
  ]
}