{
  "resourceType": "CodeSystem",
  "id": "recommendation-strength",
  "meta": {
    "lastUpdated": "2020-02-29T07:59:43.660+00:00"
  },
  "text": {
    "status": "generated",
    "div": "\u003cdiv xmlns\u003d\"http://www.w3.org/1999/xhtml\"\u003e\u003ch2\u003eStrengthOfRecommendationRating\u003c/h2\u003e\u003cdiv\u003e\u003cp\u003eA rating system that describes the strength of the recommendation, such as the GRADE, DynaMed, or HGPS systems.\u003c/p\u003e\n\u003c/div\u003e\u003cp\u003eThis code system http://terminology.hl7.org/CodeSystem/recommendation-strength defines the following codes:\u003c/p\u003e\u003ctable class\u003d\"codes\"\u003e\u003ctr\u003e\u003ctd style\u003d\"white-space:nowrap\"\u003e\u003cb\u003eCode\u003c/b\u003e\u003c/td\u003e\u003ctd\u003e\u003cb\u003eDisplay\u003c/b\u003e\u003c/td\u003e\u003ctd\u003e\u003cb\u003eDefinition\u003c/b\u003e\u003c/td\u003e\u003c/tr\u003e\u003ctr\u003e\u003ctd style\u003d\"white-space:nowrap\"\u003estrong\u003ca name\u003d\"recommendation-strength-strong\"\u003e \u003c/a\u003e\u003c/td\u003e\u003ctd\u003eStrong\u003c/td\u003e\u003ctd\u003eStrong recommendation.\u003c/td\u003e\u003c/tr\u003e\u003ctr\u003e\u003ctd style\u003d\"white-space:nowrap\"\u003eweak\u003ca name\u003d\"recommendation-strength-weak\"\u003e \u003c/a\u003e\u003c/td\u003e\u003ctd\u003eWeak\u003c/td\u003e\u003ctd\u003eWeak recommendation.\u003c/td\u003e\u003c/tr\u003e\u003c/table\u003e\u003c/div\u003e"
  },
  "url": "http://terminology.hl7.org/CodeSystem/recommendation-strength",
  "identifier": [
    {
      "system": "urn:ietf:rfc:3986",
      "value": "urn:oid:2.16.840.1.113883.4.642.1.1268"
    }
  ],
  "version": "4.2.0",
  "name": "StrengthOfRecommendationRating",
  "title": "StrengthOfRecommendationRating",
  "status": "draft",
  "experimental": false,
  "date": "2020-02-29T07:59:43+00:00",
  "publisher": "HL7 (FHIR Project)",
  "contact": [
    {
      "telecom": [
        {
          "system": "url",
          "value": "http://hl7.org/fhir"
        },
        {
          "system": "email",
          "value": "fhir@lists.hl7.org"
        }
      ]
    }
  ],
  "description": "A rating system that describes the strength of the recommendation, such as the GRADE, DynaMed, or HGPS systems.",
  "caseSensitive": true,
  "valueSet": "http://hl7.org/fhir/ValueSet/recommendation-strength",
  "content": "complete",
  "concept": [
    {
      "code": "strong",
      "display": "Strong",
      "definition": "Strong recommendation."
    },
    {
      "code": "weak",
      "display": "Weak",
      "definition": "Weak recommendation."
    }
  ]
}