{
  "resourceType": "CodeSystem",
  "id": "verificationresult-can-push-updates",
  "meta": {
    "lastUpdated": "2020-02-29T07:59:43.660+00:00",
    "profile": [
      "http://hl7.org/fhir/StructureDefinition/shareablecodesystem"
    ]
  },
  "text": {
    "status": "generated",
    "div": "\u003cdiv xmlns\u003d\"http://www.w3.org/1999/xhtml\"\u003e\u003ch2\u003eCan-push-updates\u003c/h2\u003e\u003cdiv\u003e\u003cp\u003eAbility of the primary source to push updates/alerts\u003c/p\u003e\n\u003c/div\u003e\u003cp\u003eThis code system http://terminology.hl7.org/CodeSystem/can-push-updates defines the following codes:\u003c/p\u003e\u003ctable class\u003d\"codes\"\u003e\u003ctr\u003e\u003ctd style\u003d\"white-space:nowrap\"\u003e\u003cb\u003eCode\u003c/b\u003e\u003c/td\u003e\u003ctd\u003e\u003cb\u003eDisplay\u003c/b\u003e\u003c/td\u003e\u003ctd\u003e\u003cb\u003eDefinition\u003c/b\u003e\u003c/td\u003e\u003c/tr\u003e\u003ctr\u003e\u003ctd style\u003d\"white-space:nowrap\"\u003eyes\u003ca name\u003d\"verificationresult-can-push-updates-yes\"\u003e \u003c/a\u003e\u003c/td\u003e\u003ctd\u003eYes\u003c/td\u003e\u003ctd/\u003e\u003c/tr\u003e\u003ctr\u003e\u003ctd style\u003d\"white-space:nowrap\"\u003eno\u003ca name\u003d\"verificationresult-can-push-updates-no\"\u003e \u003c/a\u003e\u003c/td\u003e\u003ctd\u003eNo\u003c/td\u003e\u003ctd/\u003e\u003c/tr\u003e\u003ctr\u003e\u003ctd style\u003d\"white-space:nowrap\"\u003eundetermined\u003ca name\u003d\"verificationresult-can-push-updates-undetermined\"\u003e \u003c/a\u003e\u003c/td\u003e\u003ctd\u003eUndetermined\u003c/td\u003e\u003ctd/\u003e\u003c/tr\u003e\u003c/table\u003e\u003c/div\u003e"
  },
  "extension": [
    {
      "url": "http://hl7.org/fhir/StructureDefinition/structuredefinition-wg",
      "valueCode": "pa"
    }
  ],
  "url": "http://terminology.hl7.org/CodeSystem/can-push-updates",
  "identifier": [
    {
      "system": "urn:ietf:rfc:3986",
      "value": "urn:oid:2.16.840.1.113883.4.642.1.897"
    }
  ],
  "version": "4.2.0",
  "name": "can-push-updates",
  "title": "Can-push-updates",
  "status": "draft",
  "experimental": false,
  "date": "2018-06-05T14:06:02+00:00",
  "publisher": "HL7 (FHIR Project)",
  "contact": [
    {
      "telecom": [
        {
          "system": "url",
          "value": "http://hl7.org/fhir"
        },
        {
          "system": "email",
          "value": "fhir@lists.hl7.org"
        }
      ]
    },
    {
      "telecom": [
        {
          "system": "url",
          "value": "http://hl7.org/fhir"
        },
        {
          "system": "email",
          "value": "fhir@lists.hl7.org"
        }
      ]
    }
  ],
  "description": "Ability of the primary source to push updates/alerts",
  "caseSensitive": true,
  "valueSet": "http://hl7.org/fhir/ValueSet/verificationresult-can-push-updates",
  "content": "complete",
  "concept": [
    {
      "code": "yes",
      "display": "Yes"
    },
    {
      "code": "no",
      "display": "No"
    },
    {
      "code": "undetermined",
      "display": "Undetermined"
    }
  ]
}