{
  "resourceType": "CodeSystem",
  "id": "medicationdispense-performer-function",
  "meta": {
    "lastUpdated": "2020-02-29T07:59:43.660+00:00",
    "profile": [
      "http://hl7.org/fhir/StructureDefinition/shareablecodesystem"
    ]
  },
  "text": {
    "status": "generated",
    "div": "\u003cdiv xmlns\u003d\"http://www.w3.org/1999/xhtml\"\u003e\u003ch2\u003eMedication dispense  performer  function  codes\u003c/h2\u003e\u003cdiv\u003e\u003cp\u003eMedicationDispense Performer Function Codes\u003c/p\u003e\n\u003c/div\u003e\u003cp\u003eThis code system http://terminology.hl7.org/CodeSystem/medicationdispense-performer-function defines the following codes:\u003c/p\u003e\u003ctable class\u003d\"codes\"\u003e\u003ctr\u003e\u003ctd style\u003d\"white-space:nowrap\"\u003e\u003cb\u003eCode\u003c/b\u003e\u003c/td\u003e\u003ctd\u003e\u003cb\u003eDisplay\u003c/b\u003e\u003c/td\u003e\u003ctd\u003e\u003cb\u003eDefinition\u003c/b\u003e\u003c/td\u003e\u003c/tr\u003e\u003ctr\u003e\u003ctd style\u003d\"white-space:nowrap\"\u003edataenterer\u003ca name\u003d\"medicationdispense-performer-function-dataenterer\"\u003e \u003c/a\u003e\u003c/td\u003e\u003ctd\u003eData Enterer\u003c/td\u003e\u003ctd\u003eRecorded the details of the request\u003c/td\u003e\u003c/tr\u003e\u003ctr\u003e\u003ctd style\u003d\"white-space:nowrap\"\u003epackager\u003ca name\u003d\"medicationdispense-performer-function-packager\"\u003e \u003c/a\u003e\u003c/td\u003e\u003ctd\u003ePackager\u003c/td\u003e\u003ctd\u003ePrepared the medication.\u003c/td\u003e\u003c/tr\u003e\u003ctr\u003e\u003ctd style\u003d\"white-space:nowrap\"\u003echecker\u003ca name\u003d\"medicationdispense-performer-function-checker\"\u003e \u003c/a\u003e\u003c/td\u003e\u003ctd\u003eChecker\u003c/td\u003e\u003ctd\u003ePerformed initial quality assurance on the prepared medication\u003c/td\u003e\u003c/tr\u003e\u003ctr\u003e\u003ctd style\u003d\"white-space:nowrap\"\u003efinalchecker\u003ca name\u003d\"medicationdispense-performer-function-finalchecker\"\u003e \u003c/a\u003e\u003c/td\u003e\u003ctd\u003eFinal Checker\u003c/td\u003e\u003ctd\u003ePerformed the final quality assurance on the prepared medication against the request. Typically, this is a pharmacist function.\u003c/td\u003e\u003c/tr\u003e\u003ctr\u003e\u003ctd style\u003d\"white-space:nowrap\"\u003ecounsellor\u003ca name\u003d\"medicationdispense-performer-function-counsellor\"\u003e \u003c/a\u003e\u003c/td\u003e\u003ctd\u003eCounsellor\u003c/td\u003e\u003ctd\u003eProvided the drug information to the patient at the time of dispensing.\u003c/td\u003e\u003c/tr\u003e\u003c/table\u003e\u003c/div\u003e"
  },
  "extension": [
    {
      "url": "http://hl7.org/fhir/StructureDefinition/structuredefinition-wg",
      "valueCode": "phx"
    },
    {
      "url": "http://hl7.org/fhir/StructureDefinition/structuredefinition-standards-status",
      "valueCode": "draft"
    },
    {
      "url": "http://hl7.org/fhir/StructureDefinition/structuredefinition-fmm",
      "valueInteger": 1
    }
  ],
  "url": "http://terminology.hl7.org/CodeSystem/medicationdispense-performer-function",
  "identifier": [
    {
      "system": "urn:ietf:rfc:3986",
      "value": "urn:oid:2.16.840.1.113883.4.642.1.1319"
    }
  ],
  "version": "4.2.0",
  "name": "MedicationDispense Performer Function Codes",
  "title": "Medication dispense  performer  function  codes",
  "status": "draft",
  "experimental": false,
  "publisher": "FHIR Project team",
  "contact": [
    {
      "telecom": [
        {
          "system": "url",
          "value": "http://hl7.org/fhir"
        }
      ]
    }
  ],
  "description": "MedicationDispense Performer Function Codes",
  "caseSensitive": true,
  "valueSet": "http://hl7.org/fhir/ValueSet/medicationdispense-performer-function",
  "content": "complete",
  "concept": [
    {
      "code": "dataenterer",
      "display": "Data Enterer",
      "definition": "Recorded the details of the request"
    },
    {
      "code": "packager",
      "display": "Packager",
      "definition": "Prepared the medication."
    },
    {
      "code": "checker",
      "display": "Checker",
      "definition": "Performed initial quality assurance on the prepared medication"
    },
    {
      "code": "finalchecker",
      "display": "Final Checker",
      "definition": "Performed the final quality assurance on the prepared medication against the request. Typically, this is a pharmacist function."
    },
    {
      "code": "counsellor",
      "display": "Counsellor",
      "definition": "Provided the drug information to the patient at the time of dispensing."
    }
  ]
}