{
  "resourceType": "CodeSystem",
  "id": "identity-assuranceLevel",
  "meta": {
    "lastUpdated": "2020-02-29T07:59:43.660+00:00"
  },
  "text": {
    "status": "generated",
    "div": "\u003cdiv xmlns\u003d\"http://www.w3.org/1999/xhtml\"\u003e\u003ch2\u003eIdentityAssuranceLevel\u003c/h2\u003e\u003cdiv\u003e\u003cp\u003eThe level of confidence that this link represents the same actual person, based on NIST Authentication Levels.\u003c/p\u003e\n\u003c/div\u003e\u003cp\u003eThis code system http://hl7.org/fhir/identity-assuranceLevel defines the following codes:\u003c/p\u003e\u003ctable class\u003d\"codes\"\u003e\u003ctr\u003e\u003ctd style\u003d\"white-space:nowrap\"\u003e\u003cb\u003eCode\u003c/b\u003e\u003c/td\u003e\u003ctd\u003e\u003cb\u003eDisplay\u003c/b\u003e\u003c/td\u003e\u003ctd\u003e\u003cb\u003eDefinition\u003c/b\u003e\u003c/td\u003e\u003c/tr\u003e\u003ctr\u003e\u003ctd style\u003d\"white-space:nowrap\"\u003elevel1\u003ca name\u003d\"identity-assuranceLevel-level1\"\u003e \u003c/a\u003e\u003c/td\u003e\u003ctd\u003eLevel 1\u003c/td\u003e\u003ctd\u003eLittle or no confidence in the asserted identity\u0027s accuracy.\u003c/td\u003e\u003c/tr\u003e\u003ctr\u003e\u003ctd style\u003d\"white-space:nowrap\"\u003elevel2\u003ca name\u003d\"identity-assuranceLevel-level2\"\u003e \u003c/a\u003e\u003c/td\u003e\u003ctd\u003eLevel 2\u003c/td\u003e\u003ctd\u003eSome confidence in the asserted identity\u0027s accuracy.\u003c/td\u003e\u003c/tr\u003e\u003ctr\u003e\u003ctd style\u003d\"white-space:nowrap\"\u003elevel3\u003ca name\u003d\"identity-assuranceLevel-level3\"\u003e \u003c/a\u003e\u003c/td\u003e\u003ctd\u003eLevel 3\u003c/td\u003e\u003ctd\u003eHigh confidence in the asserted identity\u0027s accuracy.\u003c/td\u003e\u003c/tr\u003e\u003ctr\u003e\u003ctd style\u003d\"white-space:nowrap\"\u003elevel4\u003ca name\u003d\"identity-assuranceLevel-level4\"\u003e \u003c/a\u003e\u003c/td\u003e\u003ctd\u003eLevel 4\u003c/td\u003e\u003ctd\u003eVery high confidence in the asserted identity\u0027s accuracy.\u003c/td\u003e\u003c/tr\u003e\u003c/table\u003e\u003c/div\u003e"
  },
  "extension": [
    {
      "url": "http://hl7.org/fhir/StructureDefinition/structuredefinition-wg",
      "valueCode": "pa"
    },
    {
      "url": "http://hl7.org/fhir/StructureDefinition/structuredefinition-standards-status",
      "valueCode": "trial-use"
    },
    {
      "url": "http://hl7.org/fhir/StructureDefinition/structuredefinition-fmm",
      "valueInteger": 2
    }
  ],
  "url": "http://hl7.org/fhir/identity-assuranceLevel",
  "identifier": [
    {
      "system": "urn:ietf:rfc:3986",
      "value": "urn:oid:2.16.840.1.113883.4.642.1.657"
    }
  ],
  "version": "4.2.0",
  "name": "IdentityAssuranceLevel",
  "title": "IdentityAssuranceLevel",
  "status": "draft",
  "experimental": false,
  "date": "2020-02-29T07:59:43+00:00",
  "publisher": "HL7 (FHIR Project)",
  "contact": [
    {
      "telecom": [
        {
          "system": "url",
          "value": "http://hl7.org/fhir"
        },
        {
          "system": "email",
          "value": "fhir@lists.hl7.org"
        }
      ]
    }
  ],
  "description": "The level of confidence that this link represents the same actual person, based on NIST Authentication Levels.",
  "caseSensitive": true,
  "valueSet": "http://hl7.org/fhir/ValueSet/identity-assuranceLevel",
  "content": "complete",
  "concept": [
    {
      "code": "level1",
      "display": "Level 1",
      "definition": "Little or no confidence in the asserted identity\u0027s accuracy."
    },
    {
      "code": "level2",
      "display": "Level 2",
      "definition": "Some confidence in the asserted identity\u0027s accuracy."
    },
    {
      "code": "level3",
      "display": "Level 3",
      "definition": "High confidence in the asserted identity\u0027s accuracy."
    },
    {
      "code": "level4",
      "display": "Level 4",
      "definition": "Very high confidence in the asserted identity\u0027s accuracy."
    }
  ]
}