{
  "resourceType": "CodeSystem",
  "id": "vision-base-codes",
  "meta": {
    "lastUpdated": "2020-02-29T07:59:43.660+00:00"
  },
  "text": {
    "status": "generated",
    "div": "\u003cdiv xmlns\u003d\"http://www.w3.org/1999/xhtml\"\u003e\u003ch2\u003eVisionBase\u003c/h2\u003e\u003cdiv\u003e\u003cp\u003eA coded concept listing the base codes.\u003c/p\u003e\n\u003c/div\u003e\u003cp\u003eThis code system http://hl7.org/fhir/vision-base-codes defines the following codes:\u003c/p\u003e\u003ctable class\u003d\"codes\"\u003e\u003ctr\u003e\u003ctd style\u003d\"white-space:nowrap\"\u003e\u003cb\u003eCode\u003c/b\u003e\u003c/td\u003e\u003ctd\u003e\u003cb\u003eDisplay\u003c/b\u003e\u003c/td\u003e\u003ctd\u003e\u003cb\u003eDefinition\u003c/b\u003e\u003c/td\u003e\u003c/tr\u003e\u003ctr\u003e\u003ctd style\u003d\"white-space:nowrap\"\u003eup\u003ca name\u003d\"vision-base-codes-up\"\u003e \u003c/a\u003e\u003c/td\u003e\u003ctd\u003eUp\u003c/td\u003e\u003ctd\u003etop.\u003c/td\u003e\u003c/tr\u003e\u003ctr\u003e\u003ctd style\u003d\"white-space:nowrap\"\u003edown\u003ca name\u003d\"vision-base-codes-down\"\u003e \u003c/a\u003e\u003c/td\u003e\u003ctd\u003eDown\u003c/td\u003e\u003ctd\u003ebottom.\u003c/td\u003e\u003c/tr\u003e\u003ctr\u003e\u003ctd style\u003d\"white-space:nowrap\"\u003ein\u003ca name\u003d\"vision-base-codes-in\"\u003e \u003c/a\u003e\u003c/td\u003e\u003ctd\u003eIn\u003c/td\u003e\u003ctd\u003einner edge.\u003c/td\u003e\u003c/tr\u003e\u003ctr\u003e\u003ctd style\u003d\"white-space:nowrap\"\u003eout\u003ca name\u003d\"vision-base-codes-out\"\u003e \u003c/a\u003e\u003c/td\u003e\u003ctd\u003eOut\u003c/td\u003e\u003ctd\u003eouter edge.\u003c/td\u003e\u003c/tr\u003e\u003c/table\u003e\u003c/div\u003e"
  },
  "extension": [
    {
      "url": "http://hl7.org/fhir/StructureDefinition/structuredefinition-wg",
      "valueCode": "fm"
    },
    {
      "url": "http://hl7.org/fhir/StructureDefinition/structuredefinition-standards-status",
      "valueCode": "trial-use"
    },
    {
      "url": "http://hl7.org/fhir/StructureDefinition/structuredefinition-fmm",
      "valueInteger": 2
    }
  ],
  "url": "http://hl7.org/fhir/vision-base-codes",
  "identifier": [
    {
      "system": "urn:ietf:rfc:3986",
      "value": "urn:oid:2.16.840.1.113883.4.642.1.663"
    }
  ],
  "version": "4.2.0",
  "name": "VisionBase",
  "title": "VisionBase",
  "status": "draft",
  "experimental": false,
  "date": "2020-02-29T07:59:43+00:00",
  "publisher": "HL7 (FHIR Project)",
  "contact": [
    {
      "telecom": [
        {
          "system": "url",
          "value": "http://hl7.org/fhir"
        },
        {
          "system": "email",
          "value": "fhir@lists.hl7.org"
        }
      ]
    }
  ],
  "description": "A coded concept listing the base codes.",
  "caseSensitive": true,
  "valueSet": "http://hl7.org/fhir/ValueSet/vision-base-codes",
  "content": "complete",
  "concept": [
    {
      "code": "up",
      "display": "Up",
      "definition": "top."
    },
    {
      "code": "down",
      "display": "Down",
      "definition": "bottom."
    },
    {
      "code": "in",
      "display": "In",
      "definition": "inner edge."
    },
    {
      "code": "out",
      "display": "Out",
      "definition": "outer edge."
    }
  ]
}