{
  "resourceType": "CodeSystem",
  "id": "supplydelivery-type",
  "meta": {
    "lastUpdated": "2020-02-29T07:59:43.660+00:00",
    "profile": [
      "http://hl7.org/fhir/StructureDefinition/shareablecodesystem"
    ]
  },
  "text": {
    "status": "generated",
    "div": "\u003cdiv xmlns\u003d\"http://www.w3.org/1999/xhtml\"\u003e\u003ch2\u003eSupply Item Type\u003c/h2\u003e\u003cdiv\u003e\u003cp\u003eThis value sets refers to a specific supply item.\u003c/p\u003e\n\u003c/div\u003e\u003cp\u003eThis code system http://terminology.hl7.org/CodeSystem/supply-item-type defines the following codes:\u003c/p\u003e\u003ctable class\u003d\"codes\"\u003e\u003ctr\u003e\u003ctd style\u003d\"white-space:nowrap\"\u003e\u003cb\u003eCode\u003c/b\u003e\u003c/td\u003e\u003ctd\u003e\u003cb\u003eDisplay\u003c/b\u003e\u003c/td\u003e\u003ctd\u003e\u003cb\u003eDefinition\u003c/b\u003e\u003c/td\u003e\u003c/tr\u003e\u003ctr\u003e\u003ctd style\u003d\"white-space:nowrap\"\u003emedication\u003ca name\u003d\"supplydelivery-type-medication\"\u003e \u003c/a\u003e\u003c/td\u003e\u003ctd\u003eMedication\u003c/td\u003e\u003ctd\u003eSupply is a kind of medication.\u003c/td\u003e\u003c/tr\u003e\u003ctr\u003e\u003ctd style\u003d\"white-space:nowrap\"\u003edevice\u003ca name\u003d\"supplydelivery-type-device\"\u003e \u003c/a\u003e\u003c/td\u003e\u003ctd\u003eDevice\u003c/td\u003e\u003ctd\u003eWhat is supplied (or requested) is a device.\u003c/td\u003e\u003c/tr\u003e\u003c/table\u003e\u003c/div\u003e"
  },
  "extension": [
    {
      "url": "http://hl7.org/fhir/StructureDefinition/structuredefinition-wg",
      "valueCode": "oo"
    },
    {
      "url": "http://hl7.org/fhir/StructureDefinition/structuredefinition-standards-status",
      "valueCode": "trial-use"
    },
    {
      "url": "http://hl7.org/fhir/StructureDefinition/structuredefinition-fmm",
      "valueInteger": 1
    }
  ],
  "url": "http://terminology.hl7.org/CodeSystem/supply-item-type",
  "identifier": [
    {
      "system": "urn:ietf:rfc:3986",
      "value": "urn:oid:2.16.840.1.113883.4.642.1.1194"
    }
  ],
  "version": "4.2.0",
  "name": "SupplyItemType",
  "title": "Supply Item Type",
  "status": "draft",
  "experimental": false,
  "publisher": "FHIR Project team",
  "contact": [
    {
      "telecom": [
        {
          "system": "url",
          "value": "http://hl7.org/fhir"
        }
      ]
    }
  ],
  "description": "This value sets refers to a specific supply item.",
  "caseSensitive": true,
  "valueSet": "http://hl7.org/fhir/ValueSet/supplydelivery-type",
  "content": "complete",
  "concept": [
    {
      "code": "medication",
      "display": "Medication",
      "definition": "Supply is a kind of medication."
    },
    {
      "code": "device",
      "display": "Device",
      "definition": "What is supplied (or requested) is a device."
    }
  ]
}