{
  "resourceType": "CodeSystem",
  "id": "note-type",
  "meta": {
    "lastUpdated": "2020-02-29T07:59:43.660+00:00"
  },
  "text": {
    "status": "generated",
    "div": "\u003cdiv xmlns\u003d\"http://www.w3.org/1999/xhtml\"\u003e\u003ch2\u003eNoteType\u003c/h2\u003e\u003cdiv\u003e\u003cp\u003eThe presentation types of notes.\u003c/p\u003e\n\u003c/div\u003e\u003cp\u003eThis code system http://hl7.org/fhir/note-type defines the following codes:\u003c/p\u003e\u003ctable class\u003d\"codes\"\u003e\u003ctr\u003e\u003ctd style\u003d\"white-space:nowrap\"\u003e\u003cb\u003eCode\u003c/b\u003e\u003c/td\u003e\u003ctd\u003e\u003cb\u003eDisplay\u003c/b\u003e\u003c/td\u003e\u003ctd\u003e\u003cb\u003eDefinition\u003c/b\u003e\u003c/td\u003e\u003c/tr\u003e\u003ctr\u003e\u003ctd style\u003d\"white-space:nowrap\"\u003edisplay\u003ca name\u003d\"note-type-display\"\u003e \u003c/a\u003e\u003c/td\u003e\u003ctd\u003eDisplay\u003c/td\u003e\u003ctd\u003eDisplay the note.\u003c/td\u003e\u003c/tr\u003e\u003ctr\u003e\u003ctd style\u003d\"white-space:nowrap\"\u003eprint\u003ca name\u003d\"note-type-print\"\u003e \u003c/a\u003e\u003c/td\u003e\u003ctd\u003ePrint (Form)\u003c/td\u003e\u003ctd\u003ePrint the note on the form.\u003c/td\u003e\u003c/tr\u003e\u003ctr\u003e\u003ctd style\u003d\"white-space:nowrap\"\u003eprintoper\u003ca name\u003d\"note-type-printoper\"\u003e \u003c/a\u003e\u003c/td\u003e\u003ctd\u003ePrint (Operator)\u003c/td\u003e\u003ctd\u003ePrint the note for the operator.\u003c/td\u003e\u003c/tr\u003e\u003c/table\u003e\u003c/div\u003e"
  },
  "extension": [
    {
      "url": "http://hl7.org/fhir/StructureDefinition/structuredefinition-wg",
      "valueCode": "fm"
    },
    {
      "url": "http://hl7.org/fhir/StructureDefinition/structuredefinition-standards-status",
      "valueCode": "trial-use"
    },
    {
      "url": "http://hl7.org/fhir/StructureDefinition/structuredefinition-fmm",
      "valueInteger": 2
    }
  ],
  "url": "http://hl7.org/fhir/note-type",
  "identifier": [
    {
      "system": "urn:ietf:rfc:3986",
      "value": "urn:oid:2.16.840.1.113883.4.642.1.16"
    }
  ],
  "version": "4.2.0",
  "name": "NoteType",
  "title": "NoteType",
  "status": "draft",
  "experimental": false,
  "date": "2020-02-29T07:59:43+00:00",
  "description": "The presentation types of notes.",
  "caseSensitive": true,
  "valueSet": "http://hl7.org/fhir/ValueSet/note-type",
  "content": "complete",
  "concept": [
    {
      "code": "display",
      "display": "Display",
      "definition": "Display the note."
    },
    {
      "code": "print",
      "display": "Print (Form)",
      "definition": "Print the note on the form."
    },
    {
      "code": "printoper",
      "display": "Print (Operator)",
      "definition": "Print the note for the operator."
    }
  ]
}