{
  "resourceType": "CodeSystem",
  "id": "list-status",
  "meta": {
    "lastUpdated": "2020-02-29T07:59:43.660+00:00"
  },
  "text": {
    "status": "generated",
    "div": "\u003cdiv xmlns\u003d\"http://www.w3.org/1999/xhtml\"\u003e\u003ch2\u003eListStatus\u003c/h2\u003e\u003cdiv\u003e\u003cp\u003eThe current state of the list.\u003c/p\u003e\n\u003c/div\u003e\u003cp\u003eThis code system http://hl7.org/fhir/list-status defines the following codes:\u003c/p\u003e\u003ctable class\u003d\"codes\"\u003e\u003ctr\u003e\u003ctd style\u003d\"white-space:nowrap\"\u003e\u003cb\u003eCode\u003c/b\u003e\u003c/td\u003e\u003ctd\u003e\u003cb\u003eDisplay\u003c/b\u003e\u003c/td\u003e\u003ctd\u003e\u003cb\u003eDefinition\u003c/b\u003e\u003c/td\u003e\u003c/tr\u003e\u003ctr\u003e\u003ctd style\u003d\"white-space:nowrap\"\u003ecurrent\u003ca name\u003d\"list-status-current\"\u003e \u003c/a\u003e\u003c/td\u003e\u003ctd\u003eCurrent\u003c/td\u003e\u003ctd\u003eThe list is considered to be an active part of the patient\u0027s record.\u003c/td\u003e\u003c/tr\u003e\u003ctr\u003e\u003ctd style\u003d\"white-space:nowrap\"\u003eretired\u003ca name\u003d\"list-status-retired\"\u003e \u003c/a\u003e\u003c/td\u003e\u003ctd\u003eRetired\u003c/td\u003e\u003ctd\u003eThe list is \u0026quot;old\u0026quot; and should no longer be considered accurate or relevant.\u003c/td\u003e\u003c/tr\u003e\u003ctr\u003e\u003ctd style\u003d\"white-space:nowrap\"\u003eentered-in-error\u003ca name\u003d\"list-status-entered-in-error\"\u003e \u003c/a\u003e\u003c/td\u003e\u003ctd\u003eEntered In Error\u003c/td\u003e\u003ctd\u003eThe list was never accurate.  It is retained for medico-legal purposes only.\u003c/td\u003e\u003c/tr\u003e\u003c/table\u003e\u003c/div\u003e"
  },
  "extension": [
    {
      "url": "http://hl7.org/fhir/StructureDefinition/structuredefinition-wg",
      "valueCode": "fhir"
    },
    {
      "url": "http://hl7.org/fhir/StructureDefinition/structuredefinition-standards-status",
      "valueCode": "trial-use"
    },
    {
      "url": "http://hl7.org/fhir/StructureDefinition/structuredefinition-fmm",
      "valueInteger": 1
    }
  ],
  "url": "http://hl7.org/fhir/list-status",
  "identifier": [
    {
      "system": "urn:ietf:rfc:3986",
      "value": "urn:oid:2.16.840.1.113883.4.642.1.327"
    }
  ],
  "version": "4.2.0",
  "name": "ListStatus",
  "title": "ListStatus",
  "status": "draft",
  "experimental": false,
  "date": "2020-02-29T07:59:43+00:00",
  "publisher": "HL7 (FHIR Project)",
  "contact": [
    {
      "telecom": [
        {
          "system": "url",
          "value": "http://hl7.org/fhir"
        },
        {
          "system": "email",
          "value": "fhir@lists.hl7.org"
        }
      ]
    }
  ],
  "description": "The current state of the list.",
  "caseSensitive": true,
  "valueSet": "http://hl7.org/fhir/ValueSet/list-status",
  "content": "complete",
  "concept": [
    {
      "code": "current",
      "display": "Current",
      "definition": "The list is considered to be an active part of the patient\u0027s record."
    },
    {
      "code": "retired",
      "display": "Retired",
      "definition": "The list is \"old\" and should no longer be considered accurate or relevant."
    },
    {
      "code": "entered-in-error",
      "display": "Entered In Error",
      "definition": "The list was never accurate.  It is retained for medico-legal purposes only."
    }
  ]
}