{
  "resourceType": "Evidence",
  "id": "example-stroke-alteplase-fatalICH",
  "text": {
    "status": "generated",
    "div": "\u003cdiv xmlns\u003d\"http://www.w3.org/1999/xhtml\"\u003e\n      \u003cp\u003e\n        \u0026quot;Risk of fatal ICH with alteplase for stroke\u0026quot; is a univariate risk estimate.\n      \u003c/p\u003e\n\t\u003c/div\u003e"
  },
  "url": "Evidence/example-stroke-alteplase-fatalICH",
  "title": "Risk of fatal ICH with alteplase for stroke",
  "status": "draft",
  "relatedArtifact": [
    {
      "type": "citation",
      "label": "Emberson 2014",
      "display": "Effect of treatment delay, age, and stroke severity on the effects of intravenous thrombolysis with alteplase for acute ischaemic stroke: a meta-analysis of individual patient data from randomised trials.",
      "citation": "Emberson J, Lees KR, Lyden P, Blackwell L, Albers G, Bluhmki E, et al;Stroke Thrombolysis Trialists\u0027 Collaborative Group. Effect of treatment delay, age, and stroke severity on the effects of intravenous thrombolysis with alteplase for acute ischaemic stroke: a meta-analysis of individual patient data from randomised trials. Lancet 2014 Nov 29;384(9958):1929-35 PMID 25106063",
      "url": "https://doi.org/10.1016/S0140-6736(14)60584-5"
    }
  ],
  "description": "2.7% incidence of fatal intracranial hemorrhage within 7 days with alteplase in patients with acute ischemic stroke",
  "referentGroup": {
    "evidenceSource": {
      "reference": "Group/AcuteIschemicStroke",
      "display": "adults with acute ischemic stroke"
    },
    "intendedGroup": {
      "reference": "Group/AcuteIschemicStroke",
      "display": "adults with acute ischemic stroke"
    }
  },
  "variableDefinition": [
    {
      "variableRole": {
        "coding": [
          {
            "system": "http://terminology.hl7.org/CodeSystem/variable-role",
            "code": "measuredVariable",
            "display": "measured variable"
          }
        ]
      },
      "actualDefinition": {
        "reference": "EvidenceVariable/example-fatal-ICH-in-7-days",
        "display": "fatal ICH"
      },
      "intendedDefinition": {
        "reference": "EvidenceVariable/example-fatal-ICH-in-7-days",
        "display": "fatal ICH"
      }
    },
    {
      "variableRole": {
        "coding": [
          {
            "system": "http://terminology.hl7.org/CodeSystem/variable-role",
            "code": "exposure",
            "display": "exposure"
          }
        ]
      },
      "actualDefinition": {
        "reference": "EvidenceVariable/example-alteplase-for-stroke",
        "display": "Alteplase for Stroke"
      },
      "intendedDefinition": {
        "reference": "EvidenceVariable/example-alteplase-for-stroke",
        "display": "Alteplase for Stroke"
      }
    }
  ],
  "synthesisType": {
    "coding": [
      {
        "system": "http://terminology.hl7.org/CodeSystem/synthesis-type",
        "code": "IPD-MA",
        "display": "individual patient data meta-analysis"
      }
    ]
  },
  "studyType": {
    "coding": [
      {
        "system": "http://terminology.hl7.org/CodeSystem/study-type",
        "code": "RCT",
        "display": "randomized trial"
      }
    ]
  },
  "statistic": [
    {
      "statisticType": {
        "coding": [
          {
            "system": "http://terminology.hl7.org/CodeSystem/statistic-type",
            "code": "C44256",
            "display": "Proportion"
          }
        ]
      },
      "quantity": {
        "value": 0.026835741669
      },
      "sampleSize": {
        "numberOfStudies": 9,
        "numberOfParticipants": 3391,
        "numeratorCount": 91
      }
    }
  ]
}