{
  "resourceType": "Immunization",
  "id": "protocol",
  "text": {
    "status": "generated",
    "div": "\u003cdiv xmlns\u003d\"http://www.w3.org/1999/xhtml\"\u003e\u003cp\u003e\u003cb\u003eGenerated Narrative with Details\u003c/b\u003e\u003c/p\u003e\u003cp\u003e\u003cb\u003eid\u003c/b\u003e: protocol\u003c/p\u003e\u003cp\u003e\u003cb\u003eidentifier\u003c/b\u003e: urn:oid:1.3.6.1.4.1.21367.2005.3.7.1234\u003c/p\u003e\u003cp\u003e\u003cb\u003estatus\u003c/b\u003e: completed\u003c/p\u003e\u003cp\u003e\u003cb\u003evaccineCode\u003c/b\u003e: Twinrix (HepA/HepB) \u003cspan\u003e(Details : {http://hl7.org/fhir/sid/cvx code \u0027104\u0027 \u003d \u0027Hep A-Hep B)\u003c/span\u003e\u003c/p\u003e\u003cp\u003e\u003cb\u003epatient\u003c/b\u003e: \u003ca\u003ePatient/example\u003c/a\u003e\u003c/p\u003e\u003cp\u003e\u003cb\u003eencounter\u003c/b\u003e: \u003ca\u003eEncounter/example\u003c/a\u003e\u003c/p\u003e\u003cp\u003e\u003cb\u003eoccurrence\u003c/b\u003e: 2018-06-18\u003c/p\u003e\u003cp\u003e\u003cb\u003eprimarySource\u003c/b\u003e: true\u003c/p\u003e\u003cp\u003e\u003cb\u003elocation\u003c/b\u003e: \u003ca\u003eLocation/1\u003c/a\u003e\u003c/p\u003e\u003cp\u003e\u003cb\u003emanufacturer\u003c/b\u003e: \u003ca\u003eOrganization/hl7\u003c/a\u003e\u003c/p\u003e\u003cp\u003e\u003cb\u003elotNumber\u003c/b\u003e: PT123F\u003c/p\u003e\u003cp\u003e\u003cb\u003eexpirationDate\u003c/b\u003e: 2018-12-15\u003c/p\u003e\u003cp\u003e\u003cb\u003esite\u003c/b\u003e: left arm \u003cspan\u003e(Details : {http://terminology.hl7.org/CodeSystem/v3-ActSite code \u0027LA\u0027 \u003d \u0027left arm\u0027, given as \u0027left arm\u0027})\u003c/span\u003e\u003c/p\u003e\u003cp\u003e\u003cb\u003eroute\u003c/b\u003e: Injection, intramuscular \u003cspan\u003e(Details : {http://terminology.hl7.org/CodeSystem/v3-RouteOfAdministration code \u0027IM\u0027 \u003d \u0027Injection, intramuscular\u0027, given as \u0027Injection, intramuscular\u0027})\u003c/span\u003e\u003c/p\u003e\u003cp\u003e\u003cb\u003edoseQuantity\u003c/b\u003e: 5 mg\u003cspan\u003e (Details: UCUM code mg \u003d \u0027mg\u0027)\u003c/span\u003e\u003c/p\u003e\u003cblockquote\u003e\u003cp\u003e\u003cb\u003eperformer\u003c/b\u003e\u003c/p\u003e\u003cp\u003e\u003cb\u003efunction\u003c/b\u003e: Ordering Provider \u003cspan\u003e(Details : {http://terminology.hl7.org/CodeSystem/v2-0443 code \u0027OP\u0027 \u003d \u0027Ordering Provider)\u003c/span\u003e\u003c/p\u003e\u003cp\u003e\u003cb\u003eactor\u003c/b\u003e: \u003ca\u003ePractitioner/example\u003c/a\u003e\u003c/p\u003e\u003c/blockquote\u003e\u003cblockquote\u003e\u003cp\u003e\u003cb\u003eperformer\u003c/b\u003e\u003c/p\u003e\u003cp\u003e\u003cb\u003efunction\u003c/b\u003e: Administering Provider \u003cspan\u003e(Details : {http://terminology.hl7.org/CodeSystem/v2-0443 code \u0027AP\u0027 \u003d \u0027Administering Provider)\u003c/span\u003e\u003c/p\u003e\u003cp\u003e\u003cb\u003eactor\u003c/b\u003e: \u003ca\u003ePractitioner/example\u003c/a\u003e\u003c/p\u003e\u003c/blockquote\u003e\u003cp\u003e\u003cb\u003eisSubpotent\u003c/b\u003e: false\u003c/p\u003e\u003cp\u003e\u003cb\u003eprogramEligibility\u003c/b\u003e: Not Eligible \u003cspan\u003e(Details : {http://terminology.hl7.org/CodeSystem/immunization-program-eligibility code \u0027ineligible\u0027 \u003d \u0027Not Eligible)\u003c/span\u003e\u003c/p\u003e\u003cp\u003e\u003cb\u003efundingSource\u003c/b\u003e: Private \u003cspan\u003e(Details : {http://terminology.hl7.org/CodeSystem/immunization-funding-source code \u0027private\u0027 \u003d \u0027Private)\u003c/span\u003e\u003c/p\u003e\u003cblockquote\u003e\u003cp\u003e\u003cb\u003eprotocolApplied\u003c/b\u003e\u003c/p\u003e\u003cp\u003e\u003cb\u003eseries\u003c/b\u003e: 2-dose\u003c/p\u003e\u003cp\u003e\u003cb\u003etargetDisease\u003c/b\u003e: Viral hepatitis, type A \u003cspan\u003e(Details : {SNOMED CT code \u002740468003\u0027 \u003d \u0027Viral hepatitis, type A)\u003c/span\u003e\u003c/p\u003e\u003cp\u003e\u003cb\u003edoseNumber\u003c/b\u003e: 1\u003c/p\u003e\u003c/blockquote\u003e\u003cblockquote\u003e\u003cp\u003e\u003cb\u003eprotocolApplied\u003c/b\u003e\u003c/p\u003e\u003cp\u003e\u003cb\u003eseries\u003c/b\u003e: 3-dose\u003c/p\u003e\u003cp\u003e\u003cb\u003etargetDisease\u003c/b\u003e: Type B viral hepatitis \u003cspan\u003e(Details : {SNOMED CT code \u002766071002\u0027 \u003d \u0027Type B viral hepatitis)\u003c/span\u003e\u003c/p\u003e\u003cp\u003e\u003cb\u003edoseNumber\u003c/b\u003e: 2\u003c/p\u003e\u003cp\u003e\u003cb\u003eseriesDoses\u003c/b\u003e: 3\u003c/p\u003e\u003c/blockquote\u003e\u003c/div\u003e"
  },
  "identifier": [
    {
      "system": "urn:ietf:rfc:3986",
      "value": "urn:oid:1.3.6.1.4.1.21367.2005.3.7.1234"
    }
  ],
  "status": "completed",
  "vaccineCode": {
    "coding": [
      {
        "system": "http://hl7.org/fhir/sid/cvx",
        "code": "104"
      }
    ],
    "text": "Twinrix (HepA/HepB)"
  },
  "patient": {
    "reference": "Patient/example"
  },
  "encounter": {
    "reference": "Encounter/example"
  },
  "occurrenceDateTime": "2018-06-18",
  "primarySource": true,
  "location": {
    "reference": "Location/1"
  },
  "manufacturer": {
    "reference": "Organization/hl7"
  },
  "lotNumber": "PT123F",
  "expirationDate": "2018-12-15",
  "site": {
    "coding": [
      {
        "system": "http://terminology.hl7.org/CodeSystem/v3-ActSite",
        "code": "LA",
        "display": "left arm"
      }
    ]
  },
  "route": {
    "coding": [
      {
        "system": "http://terminology.hl7.org/CodeSystem/v3-RouteOfAdministration",
        "code": "IM",
        "display": "Injection, intramuscular"
      }
    ]
  },
  "doseQuantity": {
    "value": 5,
    "system": "http://unitsofmeasure.org",
    "code": "mg"
  },
  "performer": [
    {
      "function": {
        "coding": [
          {
            "system": "http://terminology.hl7.org/CodeSystem/v2-0443",
            "code": "OP"
          }
        ]
      },
      "actor": {
        "reference": "Practitioner/example"
      }
    },
    {
      "function": {
        "coding": [
          {
            "system": "http://terminology.hl7.org/CodeSystem/v2-0443",
            "code": "AP"
          }
        ]
      },
      "actor": {
        "reference": "Practitioner/example"
      }
    }
  ],
  "isSubpotent": false,
  "programEligibility": [
    {
      "coding": [
        {
          "system": "http://terminology.hl7.org/CodeSystem/immunization-program-eligibility",
          "code": "ineligible"
        }
      ]
    }
  ],
  "fundingSource": {
    "coding": [
      {
        "system": "http://terminology.hl7.org/CodeSystem/immunization-funding-source",
        "code": "private"
      }
    ]
  },
  "protocolApplied": [
    {
      "series": "2-dose",
      "targetDisease": [
        {
          "coding": [
            {
              "system": "http://snomed.info/sct",
              "code": "40468003"
            }
          ]
        }
      ],
      "doseNumber": "1"
    },
    {
      "series": "3-dose",
      "targetDisease": [
        {
          "coding": [
            {
              "system": "http://snomed.info/sct",
              "code": "66071002"
            }
          ]
        }
      ],
      "doseNumber": "2",
      "seriesDoses": "3"
    }
  ],
  "meta": {
    "tag": [
      {
        "system": "http://terminology.hl7.org/CodeSystem/v3-ActReason",
        "code": "HTEST",
        "display": "test health data"
      }
    ]
  }
}