{
  "resourceType": "Questionnaire",
  "id": "qs1",
  "contained": [
    {
      "resourceType": "ValueSet",
      "id": "vs2",
      "name": "Type options for Ingredient.specifiedSubstance.code[x]",
      "status": "active",
      "description": "Type options for Ingredient.specifiedSubstance.code[x]",
      "expansion": {
        "identifier": "urn:uuid:b620f05f-3e97-492d-ae99-e36fc917bc8b",
        "timestamp": "2020-02-29T08:02:20+00:00",
        "contains": [
          {
            "system": "http://hl7.org/fhir/data-types",
            "code": "CodeableConcept",
            "display": "CodeableConcept"
          },
          {
            "system": "http://hl7.org/fhir/resource-types",
            "code": "SubstanceDefinition",
            "display": "SubstanceDefinition"
          },
          {
            "system": "http://hl7.org/fhir/resource-types",
            "code": "Substance",
            "display": "Substance"
          }
        ]
      }
    },
    {
      "resourceType": "ValueSet",
      "id": "vs3",
      "name": "Type options for Ingredient.specifiedSubstance.strength.referenceStrength.substance[x]",
      "status": "active",
      "description": "Type options for Ingredient.specifiedSubstance.strength.referenceStrength.substance[x]",
      "expansion": {
        "identifier": "urn:uuid:fb0ad091-f1aa-496c-967d-6f57a8ce142a",
        "timestamp": "2020-02-29T08:02:20+00:00",
        "contains": [
          {
            "system": "http://hl7.org/fhir/data-types",
            "code": "CodeableConcept",
            "display": "CodeableConcept"
          },
          {
            "system": "http://hl7.org/fhir/resource-types",
            "code": "SubstanceDefinition",
            "display": "SubstanceDefinition"
          },
          {
            "system": "http://hl7.org/fhir/resource-types",
            "code": "Substance",
            "display": "Substance"
          }
        ]
      }
    },
    {
      "resourceType": "ValueSet",
      "id": "vs4",
      "name": "Type options for Ingredient.substance.code[x]",
      "status": "active",
      "description": "Type options for Ingredient.substance.code[x]",
      "expansion": {
        "identifier": "urn:uuid:0475b707-8de9-481b-9de0-c300f910787c",
        "timestamp": "2020-02-29T08:02:20+00:00",
        "contains": [
          {
            "system": "http://hl7.org/fhir/data-types",
            "code": "CodeableConcept",
            "display": "CodeableConcept"
          },
          {
            "system": "http://hl7.org/fhir/resource-types",
            "code": "SubstanceDefinition",
            "display": "SubstanceDefinition"
          },
          {
            "system": "http://hl7.org/fhir/resource-types",
            "code": "Substance",
            "display": "Substance"
          }
        ]
      }
    }
  ],
  "identifier": [
    {
      "system": "urn:ietf:rfc:3986"
    }
  ],
  "version": "4.2.0",
  "status": "draft",
  "date": "2020-02-29T07:59:43+00:00",
  "publisher": "Health Level Seven International (Biomedical Research and Regulation)",
  "item": [
    {
      "linkId": "Ingredient",
      "text": "An ingredient of a manufactured item or pharmaceutical product",
      "type": "group",
      "required": false,
      "repeats": true,
      "item": [
        {
          "extension": [
            {
              "url": "http://hl7.org/fhir/StructureDefinition/questionnaire-itemControl",
              "valueCodeableConcept": {
                "coding": [
                  {
                    "system": "http://hl7.org/fhir/questionnaire-item-control",
                    "code": "flyover",
                    "display": "Fly-over"
                  }
                ]
              }
            }
          ],
          "text": "An ingredient of a manufactured item or pharmaceutical product.",
          "type": "display"
        },
        {
          "extension": [
            {
              "url": "http://hl7.org/fhir/StructureDefinition/questionnaire-maxOccurs",
              "valueInteger": 1
            },
            {
              "url": "http://hl7.org/fhir/StructureDefinition/questionnaire-fhirType",
              "valueString": "string"
            }
          ],
          "linkId": "Ingredient.id",
          "type": "group",
          "required": false,
          "repeats": true,
          "item": [
            {
              "extension": [
                {
                  "url": "http://hl7.org/fhir/StructureDefinition/questionnaire-itemControl",
                  "valueCodeableConcept": {
                    "coding": [
                      {
                        "system": "http://hl7.org/fhir/questionnaire-item-control",
                        "code": "flyover",
                        "display": "Fly-over"
                      }
                    ]
                  }
                }
              ],
              "text": "The logical id of the resource, as used in the URL for the resource. Once assigned, this value never changes. The only time that a resource does not have an id is when it is being submitted to the server using a create operation.",
              "type": "display"
            },
            {
              "linkId": "Ingredient.id.value",
              "text": "Logical id of this artifact",
              "type": "string",
              "required": false,
              "repeats": false
            }
          ]
        },
        {
          "extension": [
            {
              "url": "http://hl7.org/fhir/StructureDefinition/questionnaire-maxOccurs",
              "valueInteger": 1
            }
          ],
          "linkId": "Ingredient.meta",
          "text": "Metadata about the resource",
          "type": "group",
          "required": false,
          "repeats": true,
          "item": [
            {
              "extension": [
                {
                  "url": "http://hl7.org/fhir/StructureDefinition/questionnaire-itemControl",
                  "valueCodeableConcept": {
                    "coding": [
                      {
                        "system": "http://hl7.org/fhir/questionnaire-item-control",
                        "code": "flyover",
                        "display": "Fly-over"
                      }
                    ]
                  }
                }
              ],
              "text": "The metadata about the resource. This is content that is maintained by the infrastructure. Changes to the content might not always be associated with version changes to the resource.",
              "type": "display"
            }
          ]
        },
        {
          "extension": [
            {
              "url": "http://hl7.org/fhir/StructureDefinition/questionnaire-maxOccurs",
              "valueInteger": 1
            },
            {
              "url": "http://hl7.org/fhir/StructureDefinition/questionnaire-fhirType",
              "valueString": "uri"
            }
          ],
          "linkId": "Ingredient.implicitRules",
          "type": "group",
          "required": false,
          "repeats": true,
          "item": [
            {
              "extension": [
                {
                  "url": "http://hl7.org/fhir/StructureDefinition/questionnaire-itemControl",
                  "valueCodeableConcept": {
                    "coding": [
                      {
                        "system": "http://hl7.org/fhir/questionnaire-item-control",
                        "code": "flyover",
                        "display": "Fly-over"
                      }
                    ]
                  }
                }
              ],
              "text": "A reference to a set of rules that were followed when the resource was constructed, and which must be understood when processing the content. Often, this is a reference to an implementation guide that defines the special rules along with other profiles etc. Asserting this rule set restricts the content to be only understood by a limited set of trading partners. This inherently limits the usefulness of the data in the long term. However, the existing health eco-system is highly fractured, and not yet ready to define, collect, and exchange data in a generally computable sense. Wherever possible, implementers and/or specification writers should avoid using this element. Often, when used, the URL is a reference to an implementation guide that defines these special rules as part of it\u0027s narrative along with other profiles, value sets, etc.",
              "type": "display"
            },
            {
              "linkId": "Ingredient.implicitRules.value",
              "text": "A set of rules under which this content was created",
              "type": "string",
              "required": false,
              "repeats": false
            }
          ]
        },
        {
          "extension": [
            {
              "url": "http://hl7.org/fhir/StructureDefinition/questionnaire-maxOccurs",
              "valueInteger": 1
            },
            {
              "url": "http://hl7.org/fhir/StructureDefinition/questionnaire-fhirType",
              "valueString": "code"
            }
          ],
          "linkId": "Ingredient.language",
          "type": "group",
          "required": false,
          "repeats": true,
          "item": [
            {
              "extension": [
                {
                  "url": "http://hl7.org/fhir/StructureDefinition/questionnaire-itemControl",
                  "valueCodeableConcept": {
                    "coding": [
                      {
                        "system": "http://hl7.org/fhir/questionnaire-item-control",
                        "code": "flyover",
                        "display": "Fly-over"
                      }
                    ]
                  }
                }
              ],
              "text": "The base language in which the resource is written. Language is provided to support indexing and accessibility (typically, services such as text to speech use the language tag). The html language tag in the narrative applies  to the narrative. The language tag on the resource may be used to specify the language of other presentations generated from the data in the resource. Not all the content has to be in the base language. The Resource.language should not be assumed to apply to the narrative automatically. If a language is specified, it should it also be specified on the div element in the html (see rules in HTML5 for information about the relationship between xml:lang and the html lang attribute).",
              "type": "display"
            },
            {
              "linkId": "Ingredient.language.value",
              "text": "language",
              "type": "choice",
              "required": false,
              "repeats": false
            }
          ]
        },
        {
          "extension": [
            {
              "url": "http://hl7.org/fhir/StructureDefinition/questionnaire-maxOccurs",
              "valueInteger": 1
            }
          ],
          "linkId": "Ingredient.text",
          "text": "Text summary of the resource, for human interpretation",
          "type": "group",
          "required": false,
          "repeats": true,
          "item": [
            {
              "extension": [
                {
                  "url": "http://hl7.org/fhir/StructureDefinition/questionnaire-itemControl",
                  "valueCodeableConcept": {
                    "coding": [
                      {
                        "system": "http://hl7.org/fhir/questionnaire-item-control",
                        "code": "flyover",
                        "display": "Fly-over"
                      }
                    ]
                  }
                }
              ],
              "text": "A human-readable narrative that contains a summary of the resource and can be used to represent the content of the resource to a human. The narrative need not encode all the structured data, but is required to contain sufficient detail to make it \"clinically safe\" for a human to just read the narrative. Resource definitions may define what content should be represented in the narrative to ensure clinical safety. Contained resources do not have narrative. Resources that are not contained SHOULD have a narrative. In some cases, a resource may only have text with little or no additional discrete data (as long as all minOccurs\u003d1 elements are satisfied).  This may be necessary for data from legacy systems where information is captured as a \"text blob\" or where text is additionally entered raw or narrated and encoded information is added later.",
              "type": "display"
            }
          ]
        },
        {
          "linkId": "Ingredient.contained",
          "text": "Contained, inline Resources",
          "type": "group",
          "required": false,
          "repeats": true,
          "item": [
            {
              "extension": [
                {
                  "url": "http://hl7.org/fhir/StructureDefinition/questionnaire-itemControl",
                  "valueCodeableConcept": {
                    "coding": [
                      {
                        "system": "http://hl7.org/fhir/questionnaire-item-control",
                        "code": "flyover",
                        "display": "Fly-over"
                      }
                    ]
                  }
                }
              ],
              "text": "These resources do not have an independent existence apart from the resource that contains them - they cannot be identified independently, and nor can they have their own independent transaction scope. This should never be done when the content can be identified properly, as once identification is lost, it is extremely difficult (and context dependent) to restore it again. Contained resources may have profiles and tags In their meta elements, but SHALL NOT have security labels.",
              "type": "display"
            }
          ]
        },
        {
          "linkId": "Ingredient.extension",
          "text": "Additional content defined by implementations",
          "type": "group",
          "required": false,
          "repeats": true,
          "item": [
            {
              "extension": [
                {
                  "url": "http://hl7.org/fhir/StructureDefinition/questionnaire-itemControl",
                  "valueCodeableConcept": {
                    "coding": [
                      {
                        "system": "http://hl7.org/fhir/questionnaire-item-control",
                        "code": "flyover",
                        "display": "Fly-over"
                      }
                    ]
                  }
                }
              ],
              "text": "May be used to represent additional information that is not part of the basic definition of the resource. To make the use of extensions safe and manageable, there is a strict set of governance  applied to the definition and use of extensions. Though any implementer can define an extension, there is a set of requirements that SHALL be met as part of the definition of the extension. There can be no stigma associated with the use of extensions by any application, project, or standard - regardless of the institution or jurisdiction that uses or defines the extensions.  The use of extensions is what allows the FHIR specification to retain a core level of simplicity for everyone.",
              "type": "display"
            }
          ]
        },
        {
          "linkId": "Ingredient.modifierExtension",
          "text": "Extensions that cannot be ignored",
          "type": "group",
          "required": false,
          "repeats": true,
          "item": [
            {
              "extension": [
                {
                  "url": "http://hl7.org/fhir/StructureDefinition/questionnaire-itemControl",
                  "valueCodeableConcept": {
                    "coding": [
                      {
                        "system": "http://hl7.org/fhir/questionnaire-item-control",
                        "code": "flyover",
                        "display": "Fly-over"
                      }
                    ]
                  }
                }
              ],
              "text": "May be used to represent additional information that is not part of the basic definition of the resource and that modifies the understanding of the element that contains it and/or the understanding of the containing element\u0027s descendants. Usually modifier elements provide negation or qualification. To make the use of extensions safe and manageable, there is a strict set of governance applied to the definition and use of extensions. Though any implementer is allowed to define an extension, there is a set of requirements that SHALL be met as part of the definition of the extension. Applications processing a resource are required to check for modifier extensions.\n\nModifier extensions SHALL NOT change the meaning of any elements on Resource or DomainResource (including cannot change the meaning of modifierExtension itself). There can be no stigma associated with the use of extensions by any application, project, or standard - regardless of the institution or jurisdiction that uses or defines the extensions.  The use of extensions is what allows the FHIR specification to retain a core level of simplicity for everyone.",
              "type": "display"
            }
          ]
        },
        {
          "extension": [
            {
              "url": "http://hl7.org/fhir/StructureDefinition/questionnaire-maxOccurs",
              "valueInteger": 1
            },
            {
              "url": "http://hl7.org/fhir/StructureDefinition/questionnaire-fhirType",
              "valueString": "Identifier"
            }
          ],
          "linkId": "Ingredient.identifier",
          "text": "An identifier or code by which the ingredient can be referenced",
          "type": "group",
          "required": false,
          "repeats": true,
          "item": [
            {
              "extension": [
                {
                  "url": "http://hl7.org/fhir/StructureDefinition/questionnaire-itemControl",
                  "valueCodeableConcept": {
                    "coding": [
                      {
                        "system": "http://hl7.org/fhir/questionnaire-item-control",
                        "code": "flyover",
                        "display": "Fly-over"
                      }
                    ]
                  }
                }
              ],
              "text": "The identifier(s) of this Ingredient that are assigned by business processes and/or used to refer to it when a direct URL reference to the resource itself is not appropriate.",
              "type": "display"
            },
            {
              "linkId": "Ingredient.identifier.label",
              "text": "label:",
              "type": "string",
              "required": false,
              "repeats": false
            },
            {
              "linkId": "Ingredient.identifier.system",
              "text": "system:",
              "type": "string",
              "required": false,
              "repeats": false
            },
            {
              "linkId": "Ingredient.identifier.value",
              "text": "value:",
              "type": "string",
              "required": false,
              "repeats": false
            }
          ]
        },
        {
          "extension": [
            {
              "url": "http://hl7.org/fhir/StructureDefinition/questionnaire-minOccurs",
              "valueInteger": 1
            },
            {
              "url": "http://hl7.org/fhir/StructureDefinition/questionnaire-maxOccurs",
              "valueInteger": 1
            },
            {
              "url": "http://hl7.org/fhir/StructureDefinition/questionnaire-fhirType",
              "valueString": "CodeableConcept"
            }
          ],
          "linkId": "Ingredient.role",
          "text": "Ingredient role e.g. Active ingredient, excipient",
          "type": "group",
          "required": true,
          "repeats": true,
          "item": [
            {
              "extension": [
                {
                  "url": "http://hl7.org/fhir/StructureDefinition/questionnaire-itemControl",
                  "valueCodeableConcept": {
                    "coding": [
                      {
                        "system": "http://hl7.org/fhir/questionnaire-item-control",
                        "code": "flyover",
                        "display": "Fly-over"
                      }
                    ]
                  }
                }
              ],
              "text": "Ingredient role e.g. Active ingredient, excipient.",
              "type": "display"
            },
            {
              "linkId": "Ingredient.role.coding",
              "text": "code:",
              "type": "open-choice",
              "required": false,
              "repeats": false
            },
            {
              "linkId": "Ingredient.role.text",
              "text": "text:",
              "type": "string",
              "required": false,
              "repeats": false
            }
          ]
        },
        {
          "extension": [
            {
              "url": "http://hl7.org/fhir/StructureDefinition/questionnaire-maxOccurs",
              "valueInteger": 1
            },
            {
              "url": "http://hl7.org/fhir/StructureDefinition/questionnaire-fhirType",
              "valueString": "boolean"
            }
          ],
          "linkId": "Ingredient.allergenicIndicator",
          "type": "group",
          "required": false,
          "repeats": true,
          "item": [
            {
              "extension": [
                {
                  "url": "http://hl7.org/fhir/StructureDefinition/questionnaire-itemControl",
                  "valueCodeableConcept": {
                    "coding": [
                      {
                        "system": "http://hl7.org/fhir/questionnaire-item-control",
                        "code": "flyover",
                        "display": "Fly-over"
                      }
                    ]
                  }
                }
              ],
              "text": "If the ingredient is a known or suspected allergen.",
              "type": "display"
            },
            {
              "linkId": "Ingredient.allergenicIndicator.value",
              "text": "If the ingredient is a known or suspected allergen",
              "type": "boolean",
              "required": false,
              "repeats": false
            }
          ]
        },
        {
          "extension": [
            {
              "url": "http://hl7.org/fhir/StructureDefinition/questionnaire-fhirType",
              "valueString": "Reference"
            }
          ],
          "linkId": "Ingredient.manufacturer",
          "type": "group",
          "required": false,
          "repeats": true,
          "item": [
            {
              "extension": [
                {
                  "url": "http://hl7.org/fhir/StructureDefinition/questionnaire-itemControl",
                  "valueCodeableConcept": {
                    "coding": [
                      {
                        "system": "http://hl7.org/fhir/questionnaire-item-control",
                        "code": "flyover",
                        "display": "Fly-over"
                      }
                    ]
                  }
                }
              ],
              "text": "The organization that manufactures this ingredient.",
              "type": "display"
            },
            {
              "extension": [
                {
                  "url": "http://hl7.org/fhir/StructureDefinition/questionnaire-allowedResource",
                  "valueCode": "Organization"
                },
                {
                  "url": "http://hl7.org/fhir/StructureDefinition/questionnaire-referenceFilter",
                  "valueString": "subject\u003d$subj\u0026patient\u003d$subj\u0026encounter\u003d$encounter"
                }
              ],
              "linkId": "Ingredient.manufacturer.value",
              "text": "The organization that manufactures this ingredient",
              "type": "reference",
              "required": false,
              "repeats": false
            }
          ]
        },
        {
          "linkId": "Ingredient.specifiedSubstance",
          "text": "A specified substance that comprises this ingredient",
          "type": "group",
          "required": false,
          "repeats": true,
          "item": [
            {
              "extension": [
                {
                  "url": "http://hl7.org/fhir/StructureDefinition/questionnaire-itemControl",
                  "valueCodeableConcept": {
                    "coding": [
                      {
                        "system": "http://hl7.org/fhir/questionnaire-item-control",
                        "code": "flyover",
                        "display": "Fly-over"
                      }
                    ]
                  }
                }
              ],
              "text": "A specified substance that comprises this ingredient.",
              "type": "display"
            },
            {
              "extension": [
                {
                  "url": "http://hl7.org/fhir/StructureDefinition/questionnaire-maxOccurs",
                  "valueInteger": 1
                },
                {
                  "url": "http://hl7.org/fhir/StructureDefinition/questionnaire-fhirType",
                  "valueString": "string"
                }
              ],
              "linkId": "Ingredient.specifiedSubstance.id",
              "type": "group",
              "required": false,
              "repeats": true,
              "item": [
                {
                  "extension": [
                    {
                      "url": "http://hl7.org/fhir/StructureDefinition/questionnaire-itemControl",
                      "valueCodeableConcept": {
                        "coding": [
                          {
                            "system": "http://hl7.org/fhir/questionnaire-item-control",
                            "code": "flyover",
                            "display": "Fly-over"
                          }
                        ]
                      }
                    }
                  ],
                  "text": "Unique id for the element within a resource (for internal references). This may be any string value that does not contain spaces.",
                  "type": "display"
                },
                {
                  "linkId": "Ingredient.specifiedSubstance.id.value",
                  "text": "Unique id for inter-element referencing",
                  "type": "string",
                  "required": false,
                  "repeats": false
                }
              ]
            },
            {
              "linkId": "Ingredient.specifiedSubstance.extension",
              "text": "Additional content defined by implementations",
              "type": "group",
              "required": false,
              "repeats": true,
              "item": [
                {
                  "extension": [
                    {
                      "url": "http://hl7.org/fhir/StructureDefinition/questionnaire-itemControl",
                      "valueCodeableConcept": {
                        "coding": [
                          {
                            "system": "http://hl7.org/fhir/questionnaire-item-control",
                            "code": "flyover",
                            "display": "Fly-over"
                          }
                        ]
                      }
                    }
                  ],
                  "text": "May be used to represent additional information that is not part of the basic definition of the element. To make the use of extensions safe and manageable, there is a strict set of governance  applied to the definition and use of extensions. Though any implementer can define an extension, there is a set of requirements that SHALL be met as part of the definition of the extension. There can be no stigma associated with the use of extensions by any application, project, or standard - regardless of the institution or jurisdiction that uses or defines the extensions.  The use of extensions is what allows the FHIR specification to retain a core level of simplicity for everyone.",
                  "type": "display"
                }
              ]
            },
            {
              "linkId": "Ingredient.specifiedSubstance.modifierExtension",
              "text": "Extensions that cannot be ignored even if unrecognized",
              "type": "group",
              "required": false,
              "repeats": true,
              "item": [
                {
                  "extension": [
                    {
                      "url": "http://hl7.org/fhir/StructureDefinition/questionnaire-itemControl",
                      "valueCodeableConcept": {
                        "coding": [
                          {
                            "system": "http://hl7.org/fhir/questionnaire-item-control",
                            "code": "flyover",
                            "display": "Fly-over"
                          }
                        ]
                      }
                    }
                  ],
                  "text": "May be used to represent additional information that is not part of the basic definition of the element and that modifies the understanding of the element in which it is contained and/or the understanding of the containing element\u0027s descendants. Usually modifier elements provide negation or qualification. To make the use of extensions safe and manageable, there is a strict set of governance applied to the definition and use of extensions. Though any implementer can define an extension, there is a set of requirements that SHALL be met as part of the definition of the extension. Applications processing a resource are required to check for modifier extensions.\n\nModifier extensions SHALL NOT change the meaning of any elements on Resource or DomainResource (including cannot change the meaning of modifierExtension itself). There can be no stigma associated with the use of extensions by any application, project, or standard - regardless of the institution or jurisdiction that uses or defines the extensions.  The use of extensions is what allows the FHIR specification to retain a core level of simplicity for everyone.",
                  "type": "display"
                }
              ]
            },
            {
              "extension": [
                {
                  "url": "http://hl7.org/fhir/StructureDefinition/questionnaire-minOccurs",
                  "valueInteger": 1
                },
                {
                  "url": "http://hl7.org/fhir/StructureDefinition/questionnaire-maxOccurs",
                  "valueInteger": 1
                }
              ],
              "linkId": "Ingredient.specifiedSubstance.code[x]",
              "text": "Substance as a \u0027specified substance\u0027, implying extra substance related characteristics",
              "type": "group",
              "required": true,
              "repeats": true,
              "item": [
                {
                  "extension": [
                    {
                      "url": "http://hl7.org/fhir/StructureDefinition/questionnaire-itemControl",
                      "valueCodeableConcept": {
                        "coding": [
                          {
                            "system": "http://hl7.org/fhir/questionnaire-item-control",
                            "code": "flyover",
                            "display": "Fly-over"
                          }
                        ]
                      }
                    }
                  ],
                  "text": "Substance as a \u0027specified substance\u0027, implying extra substance related characteristics.",
                  "type": "display"
                },
                {
                  "linkId": "Ingredient.specifiedSubstance.code[x]._type",
                  "text": "type",
                  "type": "choice",
                  "required": false,
                  "repeats": false,
                  "answerValueSet": "#vs2",
                  "item": [
                    {
                      "extension": [
                        {
                          "url": "http://hl7.org/fhir/StructureDefinition/questionnaire-fhirType",
                          "valueString": "CodeableConcept"
                        }
                      ],
                      "linkId": "Ingredient.specifiedSubstance.code[x]._null",
                      "type": "group",
                      "item": [
                        {
                          "linkId": "Ingredient.specifiedSubstance.code[x]._null.coding",
                          "text": "code:",
                          "type": "open-choice",
                          "required": false,
                          "repeats": false
                        },
                        {
                          "linkId": "Ingredient.specifiedSubstance.code[x]._null.text",
                          "text": "text:",
                          "type": "string",
                          "required": false,
                          "repeats": false
                        }
                      ]
                    },
                    {
                      "extension": [
                        {
                          "url": "http://hl7.org/fhir/StructureDefinition/questionnaire-fhirType",
                          "valueString": "Reference"
                        }
                      ],
                      "linkId": "Ingredient.specifiedSubstance.code[x]._null",
                      "type": "group",
                      "item": [
                        {
                          "extension": [
                            {
                              "url": "http://hl7.org/fhir/StructureDefinition/questionnaire-allowedResource",
                              "valueCode": "SubstanceDefinition, Substance"
                            },
                            {
                              "url": "http://hl7.org/fhir/StructureDefinition/questionnaire-referenceFilter",
                              "valueString": "subject\u003d$subj\u0026patient\u003d$subj\u0026encounter\u003d$encounter"
                            }
                          ],
                          "linkId": "Ingredient.specifiedSubstance.code[x]._null.value",
                          "type": "reference",
                          "required": false,
                          "repeats": false
                        }
                      ]
                    }
                  ]
                }
              ]
            },
            {
              "extension": [
                {
                  "url": "http://hl7.org/fhir/StructureDefinition/questionnaire-minOccurs",
                  "valueInteger": 1
                },
                {
                  "url": "http://hl7.org/fhir/StructureDefinition/questionnaire-maxOccurs",
                  "valueInteger": 1
                },
                {
                  "url": "http://hl7.org/fhir/StructureDefinition/questionnaire-fhirType",
                  "valueString": "CodeableConcept"
                }
              ],
              "linkId": "Ingredient.specifiedSubstance.group",
              "text": "The group of specified substance, e.g. group 1 to 4",
              "type": "group",
              "required": true,
              "repeats": true,
              "item": [
                {
                  "extension": [
                    {
                      "url": "http://hl7.org/fhir/StructureDefinition/questionnaire-itemControl",
                      "valueCodeableConcept": {
                        "coding": [
                          {
                            "system": "http://hl7.org/fhir/questionnaire-item-control",
                            "code": "flyover",
                            "display": "Fly-over"
                          }
                        ]
                      }
                    }
                  ],
                  "text": "The group of specified substance, e.g. group 1 to 4.",
                  "type": "display"
                },
                {
                  "linkId": "Ingredient.specifiedSubstance.group.coding",
                  "text": "code:",
                  "type": "open-choice",
                  "required": false,
                  "repeats": false
                },
                {
                  "linkId": "Ingredient.specifiedSubstance.group.text",
                  "text": "text:",
                  "type": "string",
                  "required": false,
                  "repeats": false
                }
              ]
            },
            {
              "extension": [
                {
                  "url": "http://hl7.org/fhir/StructureDefinition/questionnaire-maxOccurs",
                  "valueInteger": 1
                },
                {
                  "url": "http://hl7.org/fhir/StructureDefinition/questionnaire-fhirType",
                  "valueString": "CodeableConcept"
                }
              ],
              "linkId": "Ingredient.specifiedSubstance.confidentiality",
              "text": "Confidentiality level of the specified substance as the ingredient",
              "type": "group",
              "required": false,
              "repeats": true,
              "item": [
                {
                  "extension": [
                    {
                      "url": "http://hl7.org/fhir/StructureDefinition/questionnaire-itemControl",
                      "valueCodeableConcept": {
                        "coding": [
                          {
                            "system": "http://hl7.org/fhir/questionnaire-item-control",
                            "code": "flyover",
                            "display": "Fly-over"
                          }
                        ]
                      }
                    }
                  ],
                  "text": "Confidentiality level of the specified substance as the ingredient.",
                  "type": "display"
                },
                {
                  "linkId": "Ingredient.specifiedSubstance.confidentiality.coding",
                  "text": "code:",
                  "type": "open-choice",
                  "required": false,
                  "repeats": false
                },
                {
                  "linkId": "Ingredient.specifiedSubstance.confidentiality.text",
                  "text": "text:",
                  "type": "string",
                  "required": false,
                  "repeats": false
                }
              ]
            },
            {
              "linkId": "Ingredient.specifiedSubstance.strength",
              "text": "Quantity of the substance or specified substance present in the manufactured item or pharmaceutical product",
              "type": "group",
              "required": false,
              "repeats": true,
              "item": [
                {
                  "extension": [
                    {
                      "url": "http://hl7.org/fhir/StructureDefinition/questionnaire-itemControl",
                      "valueCodeableConcept": {
                        "coding": [
                          {
                            "system": "http://hl7.org/fhir/questionnaire-item-control",
                            "code": "flyover",
                            "display": "Fly-over"
                          }
                        ]
                      }
                    }
                  ],
                  "text": "Quantity of the substance or specified substance present in the manufactured item or pharmaceutical product.",
                  "type": "display"
                },
                {
                  "extension": [
                    {
                      "url": "http://hl7.org/fhir/StructureDefinition/questionnaire-maxOccurs",
                      "valueInteger": 1
                    },
                    {
                      "url": "http://hl7.org/fhir/StructureDefinition/questionnaire-fhirType",
                      "valueString": "string"
                    }
                  ],
                  "linkId": "Ingredient.specifiedSubstance.strength.id",
                  "type": "group",
                  "required": false,
                  "repeats": true,
                  "item": [
                    {
                      "extension": [
                        {
                          "url": "http://hl7.org/fhir/StructureDefinition/questionnaire-itemControl",
                          "valueCodeableConcept": {
                            "coding": [
                              {
                                "system": "http://hl7.org/fhir/questionnaire-item-control",
                                "code": "flyover",
                                "display": "Fly-over"
                              }
                            ]
                          }
                        }
                      ],
                      "text": "Unique id for the element within a resource (for internal references). This may be any string value that does not contain spaces.",
                      "type": "display"
                    },
                    {
                      "linkId": "Ingredient.specifiedSubstance.strength.id.value",
                      "text": "Unique id for inter-element referencing",
                      "type": "string",
                      "required": false,
                      "repeats": false
                    }
                  ]
                },
                {
                  "linkId": "Ingredient.specifiedSubstance.strength.extension",
                  "text": "Additional content defined by implementations",
                  "type": "group",
                  "required": false,
                  "repeats": true,
                  "item": [
                    {
                      "extension": [
                        {
                          "url": "http://hl7.org/fhir/StructureDefinition/questionnaire-itemControl",
                          "valueCodeableConcept": {
                            "coding": [
                              {
                                "system": "http://hl7.org/fhir/questionnaire-item-control",
                                "code": "flyover",
                                "display": "Fly-over"
                              }
                            ]
                          }
                        }
                      ],
                      "text": "May be used to represent additional information that is not part of the basic definition of the element. To make the use of extensions safe and manageable, there is a strict set of governance  applied to the definition and use of extensions. Though any implementer can define an extension, there is a set of requirements that SHALL be met as part of the definition of the extension. There can be no stigma associated with the use of extensions by any application, project, or standard - regardless of the institution or jurisdiction that uses or defines the extensions.  The use of extensions is what allows the FHIR specification to retain a core level of simplicity for everyone.",
                      "type": "display"
                    }
                  ]
                },
                {
                  "linkId": "Ingredient.specifiedSubstance.strength.modifierExtension",
                  "text": "Extensions that cannot be ignored even if unrecognized",
                  "type": "group",
                  "required": false,
                  "repeats": true,
                  "item": [
                    {
                      "extension": [
                        {
                          "url": "http://hl7.org/fhir/StructureDefinition/questionnaire-itemControl",
                          "valueCodeableConcept": {
                            "coding": [
                              {
                                "system": "http://hl7.org/fhir/questionnaire-item-control",
                                "code": "flyover",
                                "display": "Fly-over"
                              }
                            ]
                          }
                        }
                      ],
                      "text": "May be used to represent additional information that is not part of the basic definition of the element and that modifies the understanding of the element in which it is contained and/or the understanding of the containing element\u0027s descendants. Usually modifier elements provide negation or qualification. To make the use of extensions safe and manageable, there is a strict set of governance applied to the definition and use of extensions. Though any implementer can define an extension, there is a set of requirements that SHALL be met as part of the definition of the extension. Applications processing a resource are required to check for modifier extensions.\n\nModifier extensions SHALL NOT change the meaning of any elements on Resource or DomainResource (including cannot change the meaning of modifierExtension itself). There can be no stigma associated with the use of extensions by any application, project, or standard - regardless of the institution or jurisdiction that uses or defines the extensions.  The use of extensions is what allows the FHIR specification to retain a core level of simplicity for everyone.",
                      "type": "display"
                    }
                  ]
                },
                {
                  "extension": [
                    {
                      "url": "http://hl7.org/fhir/StructureDefinition/questionnaire-maxOccurs",
                      "valueInteger": 1
                    },
                    {
                      "url": "http://hl7.org/fhir/StructureDefinition/questionnaire-fhirType",
                      "valueString": "Ratio"
                    }
                  ],
                  "linkId": "Ingredient.specifiedSubstance.strength.presentation",
                  "text": "The quantity of substance in the unit of presentation, or in the volume (or mass) of the single pharmaceutical product or manufactured item",
                  "type": "group",
                  "required": false,
                  "repeats": true,
                  "item": [
                    {
                      "extension": [
                        {
                          "url": "http://hl7.org/fhir/StructureDefinition/questionnaire-itemControl",
                          "valueCodeableConcept": {
                            "coding": [
                              {
                                "system": "http://hl7.org/fhir/questionnaire-item-control",
                                "code": "flyover",
                                "display": "Fly-over"
                              }
                            ]
                          }
                        }
                      ],
                      "text": "The quantity of substance in the unit of presentation, or in the volume (or mass) of the single pharmaceutical product or manufactured item.",
                      "type": "display"
                    },
                    {
                      "linkId": "Ingredient.specifiedSubstance.strength.presentation.numerator",
                      "text": "numerator:",
                      "type": "decimal",
                      "required": false,
                      "repeats": false
                    },
                    {
                      "linkId": "Ingredient.specifiedSubstance.strength.presentation.denominator",
                      "text": "denominator:",
                      "type": "decimal",
                      "required": false,
                      "repeats": false
                    },
                    {
                      "linkId": "Ingredient.specifiedSubstance.strength.presentation.units",
                      "text": "units:",
                      "type": "string",
                      "required": false,
                      "repeats": false
                    }
                  ]
                },
                {
                  "extension": [
                    {
                      "url": "http://hl7.org/fhir/StructureDefinition/questionnaire-maxOccurs",
                      "valueInteger": 1
                    },
                    {
                      "url": "http://hl7.org/fhir/StructureDefinition/questionnaire-fhirType",
                      "valueString": "Ratio"
                    }
                  ],
                  "linkId": "Ingredient.specifiedSubstance.strength.presentationHighLimit",
                  "text": "An upper limit for the quantity of substance in the unit of presentation. For use when there is a range of strengths, this is the high limit, with the presentation attribute becoming the lower limit",
                  "type": "group",
                  "required": false,
                  "repeats": true,
                  "item": [
                    {
                      "extension": [
                        {
                          "url": "http://hl7.org/fhir/StructureDefinition/questionnaire-itemControl",
                          "valueCodeableConcept": {
                            "coding": [
                              {
                                "system": "http://hl7.org/fhir/questionnaire-item-control",
                                "code": "flyover",
                                "display": "Fly-over"
                              }
                            ]
                          }
                        }
                      ],
                      "text": "An upper limit for the quantity of substance in the unit of presentation. For use when there is a range of strengths, this is the high limit, with the presentation attribute becoming the lower limit.",
                      "type": "display"
                    },
                    {
                      "linkId": "Ingredient.specifiedSubstance.strength.presentationHighLimit.numerator",
                      "text": "numerator:",
                      "type": "decimal",
                      "required": false,
                      "repeats": false
                    },
                    {
                      "linkId": "Ingredient.specifiedSubstance.strength.presentationHighLimit.denominator",
                      "text": "denominator:",
                      "type": "decimal",
                      "required": false,
                      "repeats": false
                    },
                    {
                      "linkId": "Ingredient.specifiedSubstance.strength.presentationHighLimit.units",
                      "text": "units:",
                      "type": "string",
                      "required": false,
                      "repeats": false
                    }
                  ]
                },
                {
                  "extension": [
                    {
                      "url": "http://hl7.org/fhir/StructureDefinition/questionnaire-maxOccurs",
                      "valueInteger": 1
                    },
                    {
                      "url": "http://hl7.org/fhir/StructureDefinition/questionnaire-fhirType",
                      "valueString": "Ratio"
                    }
                  ],
                  "linkId": "Ingredient.specifiedSubstance.strength.concentration",
                  "text": "The strength per unitary volume (or mass)",
                  "type": "group",
                  "required": false,
                  "repeats": true,
                  "item": [
                    {
                      "extension": [
                        {
                          "url": "http://hl7.org/fhir/StructureDefinition/questionnaire-itemControl",
                          "valueCodeableConcept": {
                            "coding": [
                              {
                                "system": "http://hl7.org/fhir/questionnaire-item-control",
                                "code": "flyover",
                                "display": "Fly-over"
                              }
                            ]
                          }
                        }
                      ],
                      "text": "The strength per unitary volume (or mass).",
                      "type": "display"
                    },
                    {
                      "linkId": "Ingredient.specifiedSubstance.strength.concentration.numerator",
                      "text": "numerator:",
                      "type": "decimal",
                      "required": false,
                      "repeats": false
                    },
                    {
                      "linkId": "Ingredient.specifiedSubstance.strength.concentration.denominator",
                      "text": "denominator:",
                      "type": "decimal",
                      "required": false,
                      "repeats": false
                    },
                    {
                      "linkId": "Ingredient.specifiedSubstance.strength.concentration.units",
                      "text": "units:",
                      "type": "string",
                      "required": false,
                      "repeats": false
                    }
                  ]
                },
                {
                  "extension": [
                    {
                      "url": "http://hl7.org/fhir/StructureDefinition/questionnaire-maxOccurs",
                      "valueInteger": 1
                    },
                    {
                      "url": "http://hl7.org/fhir/StructureDefinition/questionnaire-fhirType",
                      "valueString": "Ratio"
                    }
                  ],
                  "linkId": "Ingredient.specifiedSubstance.strength.concentrationHighLimit",
                  "text": "An upper limit for the strength per unitary volume (or mass), for when there is a range. The concentration attribute then becomes the lower limit",
                  "type": "group",
                  "required": false,
                  "repeats": true,
                  "item": [
                    {
                      "extension": [
                        {
                          "url": "http://hl7.org/fhir/StructureDefinition/questionnaire-itemControl",
                          "valueCodeableConcept": {
                            "coding": [
                              {
                                "system": "http://hl7.org/fhir/questionnaire-item-control",
                                "code": "flyover",
                                "display": "Fly-over"
                              }
                            ]
                          }
                        }
                      ],
                      "text": "An upper limit for the strength per unitary volume (or mass), for when there is a range. The concentration attribute then becomes the lower limit.",
                      "type": "display"
                    },
                    {
                      "linkId": "Ingredient.specifiedSubstance.strength.concentrationHighLimit.numerator",
                      "text": "numerator:",
                      "type": "decimal",
                      "required": false,
                      "repeats": false
                    },
                    {
                      "linkId": "Ingredient.specifiedSubstance.strength.concentrationHighLimit.denominator",
                      "text": "denominator:",
                      "type": "decimal",
                      "required": false,
                      "repeats": false
                    },
                    {
                      "linkId": "Ingredient.specifiedSubstance.strength.concentrationHighLimit.units",
                      "text": "units:",
                      "type": "string",
                      "required": false,
                      "repeats": false
                    }
                  ]
                },
                {
                  "extension": [
                    {
                      "url": "http://hl7.org/fhir/StructureDefinition/questionnaire-maxOccurs",
                      "valueInteger": 1
                    },
                    {
                      "url": "http://hl7.org/fhir/StructureDefinition/questionnaire-fhirType",
                      "valueString": "string"
                    }
                  ],
                  "linkId": "Ingredient.specifiedSubstance.strength.measurementPoint",
                  "type": "group",
                  "required": false,
                  "repeats": true,
                  "item": [
                    {
                      "extension": [
                        {
                          "url": "http://hl7.org/fhir/StructureDefinition/questionnaire-itemControl",
                          "valueCodeableConcept": {
                            "coding": [
                              {
                                "system": "http://hl7.org/fhir/questionnaire-item-control",
                                "code": "flyover",
                                "display": "Fly-over"
                              }
                            ]
                          }
                        }
                      ],
                      "text": "For when strength is measured at a particular point or distance.",
                      "type": "display"
                    },
                    {
                      "linkId": "Ingredient.specifiedSubstance.strength.measurementPoint.value",
                      "text": "For when strength is measured at a particular point or distance",
                      "type": "string",
                      "required": false,
                      "repeats": false
                    }
                  ]
                },
                {
                  "extension": [
                    {
                      "url": "http://hl7.org/fhir/StructureDefinition/questionnaire-fhirType",
                      "valueString": "CodeableConcept"
                    }
                  ],
                  "linkId": "Ingredient.specifiedSubstance.strength.country",
                  "text": "The country or countries for which the strength range applies",
                  "type": "group",
                  "required": false,
                  "repeats": true,
                  "item": [
                    {
                      "extension": [
                        {
                          "url": "http://hl7.org/fhir/StructureDefinition/questionnaire-itemControl",
                          "valueCodeableConcept": {
                            "coding": [
                              {
                                "system": "http://hl7.org/fhir/questionnaire-item-control",
                                "code": "flyover",
                                "display": "Fly-over"
                              }
                            ]
                          }
                        }
                      ],
                      "text": "The country or countries for which the strength range applies.",
                      "type": "display"
                    },
                    {
                      "linkId": "Ingredient.specifiedSubstance.strength.country.coding",
                      "text": "code:",
                      "type": "open-choice",
                      "required": false,
                      "repeats": false
                    },
                    {
                      "linkId": "Ingredient.specifiedSubstance.strength.country.text",
                      "text": "text:",
                      "type": "string",
                      "required": false,
                      "repeats": false
                    }
                  ]
                },
                {
                  "linkId": "Ingredient.specifiedSubstance.strength.referenceStrength",
                  "text": "Strength expressed in terms of a reference substance",
                  "type": "group",
                  "required": false,
                  "repeats": true,
                  "item": [
                    {
                      "extension": [
                        {
                          "url": "http://hl7.org/fhir/StructureDefinition/questionnaire-itemControl",
                          "valueCodeableConcept": {
                            "coding": [
                              {
                                "system": "http://hl7.org/fhir/questionnaire-item-control",
                                "code": "flyover",
                                "display": "Fly-over"
                              }
                            ]
                          }
                        }
                      ],
                      "text": "Strength expressed in terms of a reference substance.",
                      "type": "display"
                    },
                    {
                      "extension": [
                        {
                          "url": "http://hl7.org/fhir/StructureDefinition/questionnaire-maxOccurs",
                          "valueInteger": 1
                        },
                        {
                          "url": "http://hl7.org/fhir/StructureDefinition/questionnaire-fhirType",
                          "valueString": "string"
                        }
                      ],
                      "linkId": "Ingredient.specifiedSubstance.strength.referenceStrength.id",
                      "type": "group",
                      "required": false,
                      "repeats": true,
                      "item": [
                        {
                          "extension": [
                            {
                              "url": "http://hl7.org/fhir/StructureDefinition/questionnaire-itemControl",
                              "valueCodeableConcept": {
                                "coding": [
                                  {
                                    "system": "http://hl7.org/fhir/questionnaire-item-control",
                                    "code": "flyover",
                                    "display": "Fly-over"
                                  }
                                ]
                              }
                            }
                          ],
                          "text": "Unique id for the element within a resource (for internal references). This may be any string value that does not contain spaces.",
                          "type": "display"
                        },
                        {
                          "linkId": "Ingredient.specifiedSubstance.strength.referenceStrength.id.value",
                          "text": "Unique id for inter-element referencing",
                          "type": "string",
                          "required": false,
                          "repeats": false
                        }
                      ]
                    },
                    {
                      "linkId": "Ingredient.specifiedSubstance.strength.referenceStrength.extension",
                      "text": "Additional content defined by implementations",
                      "type": "group",
                      "required": false,
                      "repeats": true,
                      "item": [
                        {
                          "extension": [
                            {
                              "url": "http://hl7.org/fhir/StructureDefinition/questionnaire-itemControl",
                              "valueCodeableConcept": {
                                "coding": [
                                  {
                                    "system": "http://hl7.org/fhir/questionnaire-item-control",
                                    "code": "flyover",
                                    "display": "Fly-over"
                                  }
                                ]
                              }
                            }
                          ],
                          "text": "May be used to represent additional information that is not part of the basic definition of the element. To make the use of extensions safe and manageable, there is a strict set of governance  applied to the definition and use of extensions. Though any implementer can define an extension, there is a set of requirements that SHALL be met as part of the definition of the extension. There can be no stigma associated with the use of extensions by any application, project, or standard - regardless of the institution or jurisdiction that uses or defines the extensions.  The use of extensions is what allows the FHIR specification to retain a core level of simplicity for everyone.",
                          "type": "display"
                        }
                      ]
                    },
                    {
                      "linkId": "Ingredient.specifiedSubstance.strength.referenceStrength.modifierExtension",
                      "text": "Extensions that cannot be ignored even if unrecognized",
                      "type": "group",
                      "required": false,
                      "repeats": true,
                      "item": [
                        {
                          "extension": [
                            {
                              "url": "http://hl7.org/fhir/StructureDefinition/questionnaire-itemControl",
                              "valueCodeableConcept": {
                                "coding": [
                                  {
                                    "system": "http://hl7.org/fhir/questionnaire-item-control",
                                    "code": "flyover",
                                    "display": "Fly-over"
                                  }
                                ]
                              }
                            }
                          ],
                          "text": "May be used to represent additional information that is not part of the basic definition of the element and that modifies the understanding of the element in which it is contained and/or the understanding of the containing element\u0027s descendants. Usually modifier elements provide negation or qualification. To make the use of extensions safe and manageable, there is a strict set of governance applied to the definition and use of extensions. Though any implementer can define an extension, there is a set of requirements that SHALL be met as part of the definition of the extension. Applications processing a resource are required to check for modifier extensions.\n\nModifier extensions SHALL NOT change the meaning of any elements on Resource or DomainResource (including cannot change the meaning of modifierExtension itself). There can be no stigma associated with the use of extensions by any application, project, or standard - regardless of the institution or jurisdiction that uses or defines the extensions.  The use of extensions is what allows the FHIR specification to retain a core level of simplicity for everyone.",
                          "type": "display"
                        }
                      ]
                    },
                    {
                      "extension": [
                        {
                          "url": "http://hl7.org/fhir/StructureDefinition/questionnaire-maxOccurs",
                          "valueInteger": 1
                        }
                      ],
                      "linkId": "Ingredient.specifiedSubstance.strength.referenceStrength.substance[x]",
                      "text": "Relevant reference substance",
                      "type": "group",
                      "required": false,
                      "repeats": true,
                      "item": [
                        {
                          "extension": [
                            {
                              "url": "http://hl7.org/fhir/StructureDefinition/questionnaire-itemControl",
                              "valueCodeableConcept": {
                                "coding": [
                                  {
                                    "system": "http://hl7.org/fhir/questionnaire-item-control",
                                    "code": "flyover",
                                    "display": "Fly-over"
                                  }
                                ]
                              }
                            }
                          ],
                          "text": "Relevant reference substance.",
                          "type": "display"
                        },
                        {
                          "linkId": "Ingredient.specifiedSubstance.strength.referenceStrength.substance[x]._type",
                          "text": "type",
                          "type": "choice",
                          "required": false,
                          "repeats": false,
                          "answerValueSet": "#vs3",
                          "item": [
                            {
                              "extension": [
                                {
                                  "url": "http://hl7.org/fhir/StructureDefinition/questionnaire-fhirType",
                                  "valueString": "CodeableConcept"
                                }
                              ],
                              "linkId": "Ingredient.specifiedSubstance.strength.referenceStrength.substance[x]._null",
                              "type": "group",
                              "item": [
                                {
                                  "linkId": "Ingredient.specifiedSubstance.strength.referenceStrength.substance[x]._null.coding",
                                  "text": "code:",
                                  "type": "open-choice",
                                  "required": false,
                                  "repeats": false
                                },
                                {
                                  "linkId": "Ingredient.specifiedSubstance.strength.referenceStrength.substance[x]._null.text",
                                  "text": "text:",
                                  "type": "string",
                                  "required": false,
                                  "repeats": false
                                }
                              ]
                            },
                            {
                              "extension": [
                                {
                                  "url": "http://hl7.org/fhir/StructureDefinition/questionnaire-fhirType",
                                  "valueString": "Reference"
                                }
                              ],
                              "linkId": "Ingredient.specifiedSubstance.strength.referenceStrength.substance[x]._null",
                              "type": "group",
                              "item": [
                                {
                                  "extension": [
                                    {
                                      "url": "http://hl7.org/fhir/StructureDefinition/questionnaire-allowedResource",
                                      "valueCode": "SubstanceDefinition, Substance"
                                    },
                                    {
                                      "url": "http://hl7.org/fhir/StructureDefinition/questionnaire-referenceFilter",
                                      "valueString": "subject\u003d$subj\u0026patient\u003d$subj\u0026encounter\u003d$encounter"
                                    }
                                  ],
                                  "linkId": "Ingredient.specifiedSubstance.strength.referenceStrength.substance[x]._null.value",
                                  "type": "reference",
                                  "required": false,
                                  "repeats": false
                                }
                              ]
                            }
                          ]
                        }
                      ]
                    },
                    {
                      "extension": [
                        {
                          "url": "http://hl7.org/fhir/StructureDefinition/questionnaire-minOccurs",
                          "valueInteger": 1
                        },
                        {
                          "url": "http://hl7.org/fhir/StructureDefinition/questionnaire-maxOccurs",
                          "valueInteger": 1
                        },
                        {
                          "url": "http://hl7.org/fhir/StructureDefinition/questionnaire-fhirType",
                          "valueString": "Ratio"
                        }
                      ],
                      "linkId": "Ingredient.specifiedSubstance.strength.referenceStrength.strength",
                      "text": "Strength expressed in terms of a reference substance",
                      "type": "group",
                      "required": true,
                      "repeats": true,
                      "item": [
                        {
                          "extension": [
                            {
                              "url": "http://hl7.org/fhir/StructureDefinition/questionnaire-itemControl",
                              "valueCodeableConcept": {
                                "coding": [
                                  {
                                    "system": "http://hl7.org/fhir/questionnaire-item-control",
                                    "code": "flyover",
                                    "display": "Fly-over"
                                  }
                                ]
                              }
                            }
                          ],
                          "text": "Strength expressed in terms of a reference substance.",
                          "type": "display"
                        },
                        {
                          "linkId": "Ingredient.specifiedSubstance.strength.referenceStrength.strength.numerator",
                          "text": "numerator:",
                          "type": "decimal",
                          "required": false,
                          "repeats": false
                        },
                        {
                          "linkId": "Ingredient.specifiedSubstance.strength.referenceStrength.strength.denominator",
                          "text": "denominator:",
                          "type": "decimal",
                          "required": false,
                          "repeats": false
                        },
                        {
                          "linkId": "Ingredient.specifiedSubstance.strength.referenceStrength.strength.units",
                          "text": "units:",
                          "type": "string",
                          "required": false,
                          "repeats": false
                        }
                      ]
                    },
                    {
                      "extension": [
                        {
                          "url": "http://hl7.org/fhir/StructureDefinition/questionnaire-maxOccurs",
                          "valueInteger": 1
                        },
                        {
                          "url": "http://hl7.org/fhir/StructureDefinition/questionnaire-fhirType",
                          "valueString": "Ratio"
                        }
                      ],
                      "linkId": "Ingredient.specifiedSubstance.strength.referenceStrength.strengthHighLimit",
                      "text": "Strength expressed in terms of a reference substance, upper limit",
                      "type": "group",
                      "required": false,
                      "repeats": true,
                      "item": [
                        {
                          "extension": [
                            {
                              "url": "http://hl7.org/fhir/StructureDefinition/questionnaire-itemControl",
                              "valueCodeableConcept": {
                                "coding": [
                                  {
                                    "system": "http://hl7.org/fhir/questionnaire-item-control",
                                    "code": "flyover",
                                    "display": "Fly-over"
                                  }
                                ]
                              }
                            }
                          ],
                          "text": "Strength expressed in terms of a reference substance, upper limit.",
                          "type": "display"
                        },
                        {
                          "linkId": "Ingredient.specifiedSubstance.strength.referenceStrength.strengthHighLimit.numerator",
                          "text": "numerator:",
                          "type": "decimal",
                          "required": false,
                          "repeats": false
                        },
                        {
                          "linkId": "Ingredient.specifiedSubstance.strength.referenceStrength.strengthHighLimit.denominator",
                          "text": "denominator:",
                          "type": "decimal",
                          "required": false,
                          "repeats": false
                        },
                        {
                          "linkId": "Ingredient.specifiedSubstance.strength.referenceStrength.strengthHighLimit.units",
                          "text": "units:",
                          "type": "string",
                          "required": false,
                          "repeats": false
                        }
                      ]
                    },
                    {
                      "extension": [
                        {
                          "url": "http://hl7.org/fhir/StructureDefinition/questionnaire-maxOccurs",
                          "valueInteger": 1
                        },
                        {
                          "url": "http://hl7.org/fhir/StructureDefinition/questionnaire-fhirType",
                          "valueString": "string"
                        }
                      ],
                      "linkId": "Ingredient.specifiedSubstance.strength.referenceStrength.measurementPoint",
                      "type": "group",
                      "required": false,
                      "repeats": true,
                      "item": [
                        {
                          "extension": [
                            {
                              "url": "http://hl7.org/fhir/StructureDefinition/questionnaire-itemControl",
                              "valueCodeableConcept": {
                                "coding": [
                                  {
                                    "system": "http://hl7.org/fhir/questionnaire-item-control",
                                    "code": "flyover",
                                    "display": "Fly-over"
                                  }
                                ]
                              }
                            }
                          ],
                          "text": "For when strength is measured at a particular point or distance.",
                          "type": "display"
                        },
                        {
                          "linkId": "Ingredient.specifiedSubstance.strength.referenceStrength.measurementPoint.value",
                          "text": "For when strength is measured at a particular point or distance",
                          "type": "string",
                          "required": false,
                          "repeats": false
                        }
                      ]
                    },
                    {
                      "extension": [
                        {
                          "url": "http://hl7.org/fhir/StructureDefinition/questionnaire-fhirType",
                          "valueString": "CodeableConcept"
                        }
                      ],
                      "linkId": "Ingredient.specifiedSubstance.strength.referenceStrength.country",
                      "text": "The country or countries for which the strength range applies",
                      "type": "group",
                      "required": false,
                      "repeats": true,
                      "item": [
                        {
                          "extension": [
                            {
                              "url": "http://hl7.org/fhir/StructureDefinition/questionnaire-itemControl",
                              "valueCodeableConcept": {
                                "coding": [
                                  {
                                    "system": "http://hl7.org/fhir/questionnaire-item-control",
                                    "code": "flyover",
                                    "display": "Fly-over"
                                  }
                                ]
                              }
                            }
                          ],
                          "text": "The country or countries for which the strength range applies.",
                          "type": "display"
                        },
                        {
                          "linkId": "Ingredient.specifiedSubstance.strength.referenceStrength.country.coding",
                          "text": "code:",
                          "type": "open-choice",
                          "required": false,
                          "repeats": false
                        },
                        {
                          "linkId": "Ingredient.specifiedSubstance.strength.referenceStrength.country.text",
                          "text": "text:",
                          "type": "string",
                          "required": false,
                          "repeats": false
                        }
                      ]
                    }
                  ]
                }
              ]
            }
          ]
        },
        {
          "extension": [
            {
              "url": "http://hl7.org/fhir/StructureDefinition/questionnaire-maxOccurs",
              "valueInteger": 1
            }
          ],
          "linkId": "Ingredient.substance",
          "text": "The substance that comprises this ingredient",
          "type": "group",
          "required": false,
          "repeats": false,
          "item": [
            {
              "extension": [
                {
                  "url": "http://hl7.org/fhir/StructureDefinition/questionnaire-itemControl",
                  "valueCodeableConcept": {
                    "coding": [
                      {
                        "system": "http://hl7.org/fhir/questionnaire-item-control",
                        "code": "flyover",
                        "display": "Fly-over"
                      }
                    ]
                  }
                }
              ],
              "text": "The substance that comprises this ingredient.",
              "type": "display"
            },
            {
              "extension": [
                {
                  "url": "http://hl7.org/fhir/StructureDefinition/questionnaire-maxOccurs",
                  "valueInteger": 1
                },
                {
                  "url": "http://hl7.org/fhir/StructureDefinition/questionnaire-fhirType",
                  "valueString": "string"
                }
              ],
              "linkId": "Ingredient.substance.id",
              "type": "group",
              "required": false,
              "repeats": true,
              "item": [
                {
                  "extension": [
                    {
                      "url": "http://hl7.org/fhir/StructureDefinition/questionnaire-itemControl",
                      "valueCodeableConcept": {
                        "coding": [
                          {
                            "system": "http://hl7.org/fhir/questionnaire-item-control",
                            "code": "flyover",
                            "display": "Fly-over"
                          }
                        ]
                      }
                    }
                  ],
                  "text": "Unique id for the element within a resource (for internal references). This may be any string value that does not contain spaces.",
                  "type": "display"
                },
                {
                  "linkId": "Ingredient.substance.id.value",
                  "text": "Unique id for inter-element referencing",
                  "type": "string",
                  "required": false,
                  "repeats": false
                }
              ]
            },
            {
              "linkId": "Ingredient.substance.extension",
              "text": "Additional content defined by implementations",
              "type": "group",
              "required": false,
              "repeats": true,
              "item": [
                {
                  "extension": [
                    {
                      "url": "http://hl7.org/fhir/StructureDefinition/questionnaire-itemControl",
                      "valueCodeableConcept": {
                        "coding": [
                          {
                            "system": "http://hl7.org/fhir/questionnaire-item-control",
                            "code": "flyover",
                            "display": "Fly-over"
                          }
                        ]
                      }
                    }
                  ],
                  "text": "May be used to represent additional information that is not part of the basic definition of the element. To make the use of extensions safe and manageable, there is a strict set of governance  applied to the definition and use of extensions. Though any implementer can define an extension, there is a set of requirements that SHALL be met as part of the definition of the extension. There can be no stigma associated with the use of extensions by any application, project, or standard - regardless of the institution or jurisdiction that uses or defines the extensions.  The use of extensions is what allows the FHIR specification to retain a core level of simplicity for everyone.",
                  "type": "display"
                }
              ]
            },
            {
              "linkId": "Ingredient.substance.modifierExtension",
              "text": "Extensions that cannot be ignored even if unrecognized",
              "type": "group",
              "required": false,
              "repeats": true,
              "item": [
                {
                  "extension": [
                    {
                      "url": "http://hl7.org/fhir/StructureDefinition/questionnaire-itemControl",
                      "valueCodeableConcept": {
                        "coding": [
                          {
                            "system": "http://hl7.org/fhir/questionnaire-item-control",
                            "code": "flyover",
                            "display": "Fly-over"
                          }
                        ]
                      }
                    }
                  ],
                  "text": "May be used to represent additional information that is not part of the basic definition of the element and that modifies the understanding of the element in which it is contained and/or the understanding of the containing element\u0027s descendants. Usually modifier elements provide negation or qualification. To make the use of extensions safe and manageable, there is a strict set of governance applied to the definition and use of extensions. Though any implementer can define an extension, there is a set of requirements that SHALL be met as part of the definition of the extension. Applications processing a resource are required to check for modifier extensions.\n\nModifier extensions SHALL NOT change the meaning of any elements on Resource or DomainResource (including cannot change the meaning of modifierExtension itself). There can be no stigma associated with the use of extensions by any application, project, or standard - regardless of the institution or jurisdiction that uses or defines the extensions.  The use of extensions is what allows the FHIR specification to retain a core level of simplicity for everyone.",
                  "type": "display"
                }
              ]
            },
            {
              "extension": [
                {
                  "url": "http://hl7.org/fhir/StructureDefinition/questionnaire-minOccurs",
                  "valueInteger": 1
                },
                {
                  "url": "http://hl7.org/fhir/StructureDefinition/questionnaire-maxOccurs",
                  "valueInteger": 1
                }
              ],
              "linkId": "Ingredient.substance.code[x]",
              "text": "A code that represents the ingredient substance",
              "type": "group",
              "required": true,
              "repeats": true,
              "item": [
                {
                  "extension": [
                    {
                      "url": "http://hl7.org/fhir/StructureDefinition/questionnaire-itemControl",
                      "valueCodeableConcept": {
                        "coding": [
                          {
                            "system": "http://hl7.org/fhir/questionnaire-item-control",
                            "code": "flyover",
                            "display": "Fly-over"
                          }
                        ]
                      }
                    }
                  ],
                  "text": "A code that represents the ingredient substance.",
                  "type": "display"
                },
                {
                  "linkId": "Ingredient.substance.code[x]._type",
                  "text": "type",
                  "type": "choice",
                  "required": false,
                  "repeats": false,
                  "answerValueSet": "#vs4",
                  "item": [
                    {
                      "extension": [
                        {
                          "url": "http://hl7.org/fhir/StructureDefinition/questionnaire-fhirType",
                          "valueString": "CodeableConcept"
                        }
                      ],
                      "linkId": "Ingredient.substance.code[x]._null",
                      "type": "group",
                      "item": [
                        {
                          "linkId": "Ingredient.substance.code[x]._null.coding",
                          "text": "code:",
                          "type": "open-choice",
                          "required": false,
                          "repeats": false
                        },
                        {
                          "linkId": "Ingredient.substance.code[x]._null.text",
                          "text": "text:",
                          "type": "string",
                          "required": false,
                          "repeats": false
                        }
                      ]
                    },
                    {
                      "extension": [
                        {
                          "url": "http://hl7.org/fhir/StructureDefinition/questionnaire-fhirType",
                          "valueString": "Reference"
                        }
                      ],
                      "linkId": "Ingredient.substance.code[x]._null",
                      "type": "group",
                      "item": [
                        {
                          "extension": [
                            {
                              "url": "http://hl7.org/fhir/StructureDefinition/questionnaire-allowedResource",
                              "valueCode": "SubstanceDefinition, Substance"
                            },
                            {
                              "url": "http://hl7.org/fhir/StructureDefinition/questionnaire-referenceFilter",
                              "valueString": "subject\u003d$subj\u0026patient\u003d$subj\u0026encounter\u003d$encounter"
                            }
                          ],
                          "linkId": "Ingredient.substance.code[x]._null.value",
                          "type": "reference",
                          "required": false,
                          "repeats": false
                        }
                      ]
                    }
                  ]
                }
              ]
            },
            {
              "linkId": "Ingredient.substance.strength",
              "text": "Quantity of the substance or specified substance present in the manufactured item or pharmaceutical product",
              "type": "group",
              "required": false,
              "repeats": true,
              "item": [
                {
                  "extension": [
                    {
                      "url": "http://hl7.org/fhir/StructureDefinition/questionnaire-itemControl",
                      "valueCodeableConcept": {
                        "coding": [
                          {
                            "system": "http://hl7.org/fhir/questionnaire-item-control",
                            "code": "flyover",
                            "display": "Fly-over"
                          }
                        ]
                      }
                    }
                  ],
                  "text": "Quantity of the substance or specified substance present in the manufactured item or pharmaceutical product.",
                  "type": "display"
                }
              ]
            }
          ]
        }
      ]
    }
  ],
  "meta": {
    "tag": [
      {
        "system": "http://terminology.hl7.org/CodeSystem/v3-ActReason",
        "code": "HTEST",
        "display": "test health data"
      }
    ]
  }
}