{
  "resourceType": "MedicationRequest",
  "id": "medrx0335",
  "text": {
    "status": "generated",
    "div": "\u003cdiv xmlns\u003d\"http://www.w3.org/1999/xhtml\"\u003e\u003cp\u003e\u003cb\u003eGenerated Narrative with Details\u003c/b\u003e\u003c/p\u003e\u003cp\u003e\u003cb\u003eid\u003c/b\u003e: medrx0335\u003c/p\u003e\u003cp\u003e\u003cb\u003eidentifier\u003c/b\u003e: 12345689 (OFFICIAL)\u003c/p\u003e\u003cp\u003e\u003cb\u003estatus\u003c/b\u003e: on-hold\u003c/p\u003e\u003cp\u003e\u003cb\u003eintent\u003c/b\u003e: order\u003c/p\u003e\u003cp\u003e\u003cb\u003emedication\u003c/b\u003e: \u003c/p\u003e\u003cp\u003e\u003cb\u003esubject\u003c/b\u003e: \u003ca\u003eDonald Duck\u003c/a\u003e\u003c/p\u003e\u003cp\u003e\u003cb\u003eauthoredOn\u003c/b\u003e: 2015-01-15\u003c/p\u003e\u003cp\u003e\u003cb\u003erequester\u003c/b\u003e: \u003ca\u003ePatrick Pump\u003c/a\u003e\u003c/p\u003e\u003cp\u003e\u003cb\u003edosageInstruction\u003c/b\u003e: \u003c/p\u003e\u003ch3\u003eDispenseRequests\u003c/h3\u003e\u003ctable\u003e\u003ctr\u003e\u003ctd\u003e-\u003c/td\u003e\u003ctd\u003e\u003cb\u003eValidityPeriod\u003c/b\u003e\u003c/td\u003e\u003ctd\u003e\u003cb\u003eNumberOfRepeatsAllowed\u003c/b\u003e\u003c/td\u003e\u003ctd\u003e\u003cb\u003eQuantity\u003c/b\u003e\u003c/td\u003e\u003ctd\u003e\u003cb\u003eExpectedSupplyDuration\u003c/b\u003e\u003c/td\u003e\u003c/tr\u003e\u003ctr\u003e\u003ctd\u003e*\u003c/td\u003e\u003ctd\u003e2015-01-15 --\u0026gt; 2016-01-15\u003c/td\u003e\u003ctd\u003e3\u003c/td\u003e\u003ctd\u003e30 g\u003cspan\u003e (Details: UCUM code g \u003d \u0027g\u0027)\u003c/span\u003e\u003c/td\u003e\u003ctd\u003e10 days\u003cspan\u003e (Details: UCUM code d \u003d \u0027d\u0027)\u003c/span\u003e\u003c/td\u003e\u003c/tr\u003e\u003c/table\u003e\u003ch3\u003eSubstitutions\u003c/h3\u003e\u003ctable\u003e\u003ctr\u003e\u003ctd\u003e-\u003c/td\u003e\u003ctd\u003e\u003cb\u003eAllowed[x]\u003c/b\u003e\u003c/td\u003e\u003ctd\u003e\u003cb\u003eReason\u003c/b\u003e\u003c/td\u003e\u003c/tr\u003e\u003ctr\u003e\u003ctd\u003e*\u003c/td\u003e\u003ctd\u003etrue\u003c/td\u003e\u003ctd\u003eformulary policy \u003cspan\u003e(Details : {http://terminology.hl7.org/CodeSystem/v3-ActReason code \u0027FP\u0027 \u003d \u0027formulary policy\u0027, given as \u0027formulary policy\u0027})\u003c/span\u003e\u003c/td\u003e\u003c/tr\u003e\u003c/table\u003e\u003c/div\u003e"
  },
  "identifier": [
    {
      "use": "official",
      "system": "http://www.bmc.nl/portal/prescriptions",
      "value": "12345689"
    }
  ],
  "status": "on-hold",
  "intent": "order",
  "medication": {
    "concept": {
      "coding": [
        {
          "system": "http://www.nlm.nih.gov/research/umls/rxnorm",
          "code": "884308",
          "display": "Nystatin 100UNT/MG Topical Ointment"
        }
      ]
    }
  },
  "subject": {
    "reference": "Patient/pat1",
    "display": "Donald Duck"
  },
  "authoredOn": "2015-01-15",
  "requester": {
    "reference": "Practitioner/f007",
    "display": "Patrick Pump"
  },
  "dosageInstruction": [
    {
      "sequence": 1,
      "text": "Apply to affected areas at 9am daily",
      "timing": {
        "repeat": {
          "timeOfDay": [
            "09:00:00"
          ]
        }
      },
      "doseAndRate": [
        {
          "type": {
            "coding": [
              {
                "system": "http://terminology.hl7.org/CodeSystem/dose-rate-type",
                "code": "ordered",
                "display": "Ordered"
              }
            ]
          },
          "doseQuantity": {
            "value": 1,
            "unit": "ea",
            "system": "http://unitsofmeasure.org",
            "code": "ea"
          }
        }
      ]
    }
  ],
  "dispenseRequest": {
    "validityPeriod": {
      "start": "2015-01-15",
      "end": "2016-01-15"
    },
    "numberOfRepeatsAllowed": 3,
    "quantity": {
      "value": 30,
      "unit": "g",
      "system": "http://unitsofmeasure.org",
      "code": "g"
    },
    "expectedSupplyDuration": {
      "value": 10,
      "unit": "days",
      "system": "http://unitsofmeasure.org",
      "code": "d"
    }
  },
  "substitution": {
    "allowedBoolean": true,
    "reason": {
      "coding": [
        {
          "system": "http://terminology.hl7.org/CodeSystem/v3-ActReason",
          "code": "FP",
          "display": "formulary policy"
        }
      ]
    }
  },
  "meta": {
    "tag": [
      {
        "system": "http://terminology.hl7.org/CodeSystem/v3-ActReason",
        "code": "HTEST",
        "display": "test health data"
      }
    ]
  }
}