{
  "resourceType": "MedicationAdministration",
  "id": "medadmin0303",
  "text": {
    "status": "generated",
    "div": "\u003cdiv xmlns\u003d\"http://www.w3.org/1999/xhtml\"\u003e\u003cp\u003e\u003cb\u003eGenerated Narrative with Details\u003c/b\u003e\u003c/p\u003e\u003cp\u003e\u003cb\u003eid\u003c/b\u003e: medadmin0303\u003c/p\u003e\u003cp\u003e\u003cb\u003econtained\u003c/b\u003e: \u003c/p\u003e\u003cp\u003e\u003cb\u003estatus\u003c/b\u003e: entered-in-error\u003c/p\u003e\u003cp\u003e\u003cb\u003emedication\u003c/b\u003e: \u003c/p\u003e\u003cp\u003e\u003cb\u003esubject\u003c/b\u003e: \u003ca\u003eDonald Duck\u003c/a\u003e\u003c/p\u003e\u003cp\u003e\u003cb\u003eencounter\u003c/b\u003e: \u003ca\u003eencounter who leads to this prescription\u003c/a\u003e\u003c/p\u003e\u003cp\u003e\u003cb\u003eoccurence\u003c/b\u003e: Jan 15, 2015 4:30:00 AM --\u0026gt; Jan 15, 2015 2:30:00 PM\u003c/p\u003e\u003ch3\u003ePerformers\u003c/h3\u003e\u003ctable\u003e\u003ctr\u003e\u003ctd\u003e-\u003c/td\u003e\u003ctd\u003e\u003cb\u003eActor\u003c/b\u003e\u003c/td\u003e\u003c/tr\u003e\u003ctr\u003e\u003ctd\u003e*\u003c/td\u003e\u003ctd\u003e\u003ca\u003ePatrick Pump\u003c/a\u003e\u003c/td\u003e\u003c/tr\u003e\u003c/table\u003e\u003cp\u003e\u003cb\u003erequest\u003c/b\u003e: \u003ca\u003eMedicationRequest/medrx0319\u003c/a\u003e\u003c/p\u003e\u003ch3\u003eDosages\u003c/h3\u003e\u003ctable\u003e\u003ctr\u003e\u003ctd\u003e-\u003c/td\u003e\u003ctd\u003e\u003cb\u003eText\u003c/b\u003e\u003c/td\u003e\u003ctd\u003e\u003cb\u003eRoute\u003c/b\u003e\u003c/td\u003e\u003ctd\u003e\u003cb\u003eDose\u003c/b\u003e\u003c/td\u003e\u003ctd\u003e\u003cb\u003eRate[x]\u003c/b\u003e\u003c/td\u003e\u003c/tr\u003e\u003ctr\u003e\u003ctd\u003e*\u003c/td\u003e\u003ctd\u003e4.5 grams in D5W 250 ml. IV every 6 hours. Infuse over 30 min at 8L/min \u003c/td\u003e\u003ctd\u003eIntravenous route (qualifier value) \u003cspan\u003e(Details : {SNOMED CT code \u002747625008\u0027 \u003d \u0027Intravenous route\u0027, given as \u0027Intravenous route (qualifier value)\u0027})\u003c/span\u003e\u003c/td\u003e\u003ctd\u003e4.5 g\u003cspan\u003e (Details: UCUM code g \u003d \u0027g\u0027)\u003c/span\u003e\u003c/td\u003e\u003ctd\u003e8 ml\u003cspan\u003e (Details: UCUM code ml \u003d \u0027ml\u0027)\u003c/span\u003e/1 min\u003cspan\u003e (Details: UCUM code min \u003d \u0027min\u0027)\u003c/span\u003e\u003c/td\u003e\u003c/tr\u003e\u003c/table\u003e\u003c/div\u003e"
  },
  "contained": [
    {
      "resourceType": "Medication",
      "id": "med0303",
      "code": {
        "coding": [
          {
            "system": "http://hl7.org/fhir/sid/ndc",
            "code": "0206-8862-02",
            "display": "Zosyn (piperacillin/tazobactam) 4.5gm injection"
          }
        ]
      }
    }
  ],
  "status": "entered-in-error",
  "medication": {
    "reference": {
      "reference": "#med0303"
    }
  },
  "subject": {
    "reference": "Patient/pat1",
    "display": "Donald Duck"
  },
  "encounter": {
    "reference": "Encounter/f001",
    "display": "encounter who leads to this prescription"
  },
  "occurencePeriod": {
    "start": "2015-01-15T04:30:00+01:00",
    "end": "2015-01-15T14:30:00+01:00"
  },
  "performer": [
    {
      "actor": {
        "reference": "Practitioner/f007",
        "display": "Patrick Pump"
      }
    }
  ],
  "request": {
    "reference": "MedicationRequest/medrx0319"
  },
  "dosage": {
    "text": "4.5 grams in D5W 250 ml. IV every 6 hours. Infuse over 30 min at 8L/min ",
    "route": {
      "coding": [
        {
          "system": "http://snomed.info/sct",
          "code": "47625008",
          "display": "Intravenous route (qualifier value)"
        }
      ]
    },
    "dose": {
      "value": 4.5,
      "unit": "g",
      "system": "http://unitsofmeasure.org",
      "code": "g"
    },
    "rateRatio": {
      "numerator": {
        "value": 8,
        "system": "http://unitsofmeasure.org",
        "code": "ml"
      },
      "denominator": {
        "value": 1,
        "system": "http://unitsofmeasure.org",
        "code": "min"
      }
    }
  },
  "meta": {
    "tag": [
      {
        "system": "http://terminology.hl7.org/CodeSystem/v3-ActReason",
        "code": "HTEST",
        "display": "test health data"
      }
    ]
  }
}