{
  "resourceType": "Medication",
  "id": "med0310",
  "text": {
    "status": "generated",
    "div": "\u003cdiv xmlns\u003d\"http://www.w3.org/1999/xhtml\"\u003e\u003cp\u003e\u003cb\u003eGenerated Narrative with Details\u003c/b\u003e\u003c/p\u003e\u003cp\u003e\u003cb\u003eid\u003c/b\u003e: med0310\u003c/p\u003e\u003cp\u003e\u003cb\u003econtained\u003c/b\u003e: \u003c/p\u003e\u003cp\u003e\u003cb\u003ecode\u003c/b\u003e: Oral Form Oxycodone (product) \u003cspan\u003e(Details : {SNOMED CT code \u0027430127000\u0027 \u003d \u0027Oral form oxycodone\u0027, given as \u0027Oral Form Oxycodone (product)\u0027})\u003c/span\u003e\u003c/p\u003e\u003cp\u003e\u003cb\u003edoseForm\u003c/b\u003e: Tablet dose form (qualifier value) \u003cspan\u003e(Details : {SNOMED CT code \u0027385055001\u0027 \u003d \u0027Tablet\u0027, given as \u0027Tablet dose form (qualifier value)\u0027})\u003c/span\u003e\u003c/p\u003e\u003ch3\u003eIngredients\u003c/h3\u003e\u003ctable\u003e\u003ctr\u003e\u003ctd\u003e-\u003c/td\u003e\u003ctd\u003e\u003cb\u003eItem\u003c/b\u003e\u003c/td\u003e\u003ctd\u003e\u003cb\u003eStrength[x]\u003c/b\u003e\u003c/td\u003e\u003c/tr\u003e\u003ctr\u003e\u003ctd\u003e*\u003c/td\u003e\u003ctd/\u003e\u003ctd\u003e5 mg\u003cspan\u003e (Details: UCUM code mg \u003d \u0027mg\u0027)\u003c/span\u003e/1 TAB\u003cspan\u003e (Details: http://terminology.hl7.org/CodeSystem/v3-orderableDrugForm code TAB \u003d \u0027Tablet\u0027)\u003c/span\u003e\u003c/td\u003e\u003c/tr\u003e\u003c/table\u003e\u003c/div\u003e"
  },
  "contained": [
    {
      "resourceType": "Substance",
      "id": "sub03",
      "code": {
        "coding": [
          {
            "system": "http://snomed.info/sct",
            "code": "55452001",
            "display": "Oxycodone (substance)"
          }
        ]
      }
    }
  ],
  "code": {
    "coding": [
      {
        "system": "http://snomed.info/sct",
        "code": "430127000",
        "display": "Oral Form Oxycodone (product)"
      }
    ]
  },
  "doseForm": {
    "coding": [
      {
        "system": "http://snomed.info/sct",
        "code": "385055001",
        "display": "Tablet dose form (qualifier value)"
      }
    ]
  },
  "ingredient": [
    {
      "item": {
        "reference": {
          "reference": "#sub03"
        }
      },
      "strengthRatio": {
        "numerator": {
          "value": 5,
          "system": "http://unitsofmeasure.org",
          "code": "mg"
        },
        "denominator": {
          "value": 1,
          "system": "http://terminology.hl7.org/CodeSystem/v3-orderableDrugForm",
          "code": "TAB"
        }
      }
    }
  ],
  "meta": {
    "tag": [
      {
        "system": "http://terminology.hl7.org/CodeSystem/v3-ActReason",
        "code": "HTEST",
        "display": "test health data"
      }
    ]
  }
}