{
  "resourceType": "MedicationRequest",
  "id": "medrx0333",
  "text": {
    "status": "generated",
    "div": "\u003cdiv xmlns\u003d\"http://www.w3.org/1999/xhtml\"\u003e\u003cp\u003e\u003cb\u003eGenerated Narrative with Details\u003c/b\u003e\u003c/p\u003e\u003cp\u003e\u003cb\u003eid\u003c/b\u003e: medrx0333\u003c/p\u003e\u003cp\u003e\u003cb\u003econtained\u003c/b\u003e: \u003c/p\u003e\u003cp\u003e\u003cb\u003eidentifier\u003c/b\u003e: 12345689 (OFFICIAL)\u003c/p\u003e\u003cp\u003e\u003cb\u003estatus\u003c/b\u003e: active\u003c/p\u003e\u003cp\u003e\u003cb\u003eintent\u003c/b\u003e: order\u003c/p\u003e\u003cp\u003e\u003cb\u003ecategory\u003c/b\u003e: Inpatient \u003cspan\u003e(Details : {http://terminology.hl7.org/CodeSystem/medicationrequest-admin-location code \u0027inpatient\u0027 \u003d \u0027Inpatient\u0027, given as \u0027Inpatient\u0027})\u003c/span\u003e\u003c/p\u003e\u003cp\u003e\u003cb\u003emedication\u003c/b\u003e: \u003c/p\u003e\u003cp\u003e\u003cb\u003esubject\u003c/b\u003e: \u003ca\u003eDonald Duck\u003c/a\u003e\u003c/p\u003e\u003cp\u003e\u003cb\u003eencounter\u003c/b\u003e: \u003ca\u003eencounter who leads to this prescription\u003c/a\u003e\u003c/p\u003e\u003cp\u003e\u003cb\u003esupportingInformation\u003c/b\u003e: \u003ca\u003eProcedure/biopsy\u003c/a\u003e\u003c/p\u003e\u003cp\u003e\u003cb\u003eauthoredOn\u003c/b\u003e: 2015-01-15\u003c/p\u003e\u003cp\u003e\u003cb\u003erequester\u003c/b\u003e: \u003ca\u003ePatrick Pump\u003c/a\u003e\u003c/p\u003e\u003cp\u003e\u003cb\u003ereason\u003c/b\u003e: \u003c/p\u003e\u003cp\u003e\u003cb\u003enote\u003c/b\u003e: Patient told to take with food\u003c/p\u003e\u003cp\u003e\u003cb\u003edosageInstruction\u003c/b\u003e: \u003c/p\u003e\u003ch3\u003eDispenseRequests\u003c/h3\u003e\u003ctable\u003e\u003ctr\u003e\u003ctd\u003e-\u003c/td\u003e\u003ctd\u003e\u003cb\u003eValidityPeriod\u003c/b\u003e\u003c/td\u003e\u003ctd\u003e\u003cb\u003eNumberOfRepeatsAllowed\u003c/b\u003e\u003c/td\u003e\u003ctd\u003e\u003cb\u003eQuantity\u003c/b\u003e\u003c/td\u003e\u003ctd\u003e\u003cb\u003eExpectedSupplyDuration\u003c/b\u003e\u003c/td\u003e\u003c/tr\u003e\u003ctr\u003e\u003ctd\u003e*\u003c/td\u003e\u003ctd\u003e2015-01-15 --\u0026gt; 2016-01-15\u003c/td\u003e\u003ctd\u003e1\u003c/td\u003e\u003ctd\u003e30 TAB\u003cspan\u003e (Details: http://terminology.hl7.org/CodeSystem/v3-orderableDrugForm code TAB \u003d \u0027Tablet\u0027)\u003c/span\u003e\u003c/td\u003e\u003ctd\u003e10 days\u003cspan\u003e (Details: UCUM code d \u003d \u0027d\u0027)\u003c/span\u003e\u003c/td\u003e\u003c/tr\u003e\u003c/table\u003e\u003ch3\u003eSubstitutions\u003c/h3\u003e\u003ctable\u003e\u003ctr\u003e\u003ctd\u003e-\u003c/td\u003e\u003ctd\u003e\u003cb\u003eAllowed[x]\u003c/b\u003e\u003c/td\u003e\u003ctd\u003e\u003cb\u003eReason\u003c/b\u003e\u003c/td\u003e\u003c/tr\u003e\u003ctr\u003e\u003ctd\u003e*\u003c/td\u003e\u003ctd\u003etrue\u003c/td\u003e\u003ctd\u003eformulary policy \u003cspan\u003e(Details : {http://terminology.hl7.org/CodeSystem/v3-ActReason code \u0027FP\u0027 \u003d \u0027formulary policy\u0027, given as \u0027formulary policy\u0027})\u003c/span\u003e\u003c/td\u003e\u003c/tr\u003e\u003c/table\u003e\u003c/div\u003e"
  },
  "contained": [
    {
      "resourceType": "Medication",
      "id": "med0310",
      "code": {
        "coding": [
          {
            "system": "http://snomed.info/sct",
            "code": "430127000",
            "display": "Oral Form Oxycodone (product)"
          }
        ]
      }
    }
  ],
  "identifier": [
    {
      "use": "official",
      "system": "http://www.bmc.nl/portal/prescriptions",
      "value": "12345689"
    }
  ],
  "status": "active",
  "intent": "order",
  "category": [
    {
      "coding": [
        {
          "system": "http://terminology.hl7.org/CodeSystem/medicationrequest-admin-location",
          "code": "inpatient",
          "display": "Inpatient"
        }
      ]
    }
  ],
  "medication": {
    "reference": {
      "reference": "#med0310"
    }
  },
  "subject": {
    "reference": "Patient/pat1",
    "display": "Donald Duck"
  },
  "encounter": {
    "reference": "Encounter/f001",
    "display": "encounter who leads to this prescription"
  },
  "supportingInformation": [
    {
      "reference": "Procedure/biopsy"
    }
  ],
  "authoredOn": "2015-01-15",
  "requester": {
    "reference": "Practitioner/f007",
    "display": "Patrick Pump"
  },
  "reason": [
    {
      "concept": {
        "coding": [
          {
            "system": "http://snomed.info/sct",
            "code": "297217002",
            "display": "Rib Pain (finding)"
          }
        ]
      }
    }
  ],
  "note": [
    {
      "text": "Patient told to take with food"
    }
  ],
  "dosageInstruction": [
    {
      "sequence": 1,
      "text": "one tablet one time daily in the morning for rib pain",
      "additionalInstruction": [
        {
          "coding": [
            {
              "system": "http://snomed.info/sct",
              "code": "418914006",
              "display": "Warning. May cause drowsiness. If affected do not drive or operate machinery. Avoid alcoholic drink (qualifier value)"
            }
          ]
        }
      ],
      "timing": {
        "repeat": {
          "frequency": 1,
          "period": 1,
          "periodUnit": "d",
          "when": [
            "MORN"
          ]
        }
      },
      "route": {
        "coding": [
          {
            "system": "http://snomed.info/sct",
            "code": "26643006",
            "display": "Oral Route"
          }
        ]
      },
      "method": {
        "coding": [
          {
            "system": "http://snomed.info/sct",
            "code": "421521009",
            "display": "Swallow - dosing instruction imperative (qualifier value)"
          }
        ]
      },
      "doseAndRate": [
        {
          "type": {
            "coding": [
              {
                "system": "http://terminology.hl7.org/CodeSystem/dose-rate-type",
                "code": "ordered",
                "display": "Ordered"
              }
            ]
          },
          "doseRange": {
            "low": {
              "value": 1,
              "unit": "TAB",
              "system": "http://terminology.hl7.org/CodeSystem/v3-orderableDrugForm",
              "code": "TAB"
            },
            "high": {
              "value": 2,
              "unit": "TAB",
              "system": "http://terminology.hl7.org/CodeSystem/v3-orderableDrugForm",
              "code": "TAB"
            }
          }
        }
      ]
    }
  ],
  "dispenseRequest": {
    "validityPeriod": {
      "start": "2015-01-15",
      "end": "2016-01-15"
    },
    "numberOfRepeatsAllowed": 1,
    "quantity": {
      "value": 30,
      "unit": "TAB",
      "system": "http://terminology.hl7.org/CodeSystem/v3-orderableDrugForm",
      "code": "TAB"
    },
    "expectedSupplyDuration": {
      "value": 10,
      "unit": "days",
      "system": "http://unitsofmeasure.org",
      "code": "d"
    }
  },
  "substitution": {
    "allowedBoolean": true,
    "reason": {
      "coding": [
        {
          "system": "http://terminology.hl7.org/CodeSystem/v3-ActReason",
          "code": "FP",
          "display": "formulary policy"
        }
      ]
    }
  },
  "meta": {
    "tag": [
      {
        "system": "http://terminology.hl7.org/CodeSystem/v3-ActReason",
        "code": "HTEST",
        "display": "test health data"
      }
    ]
  }
}