{
  "resourceType": "MedicationDispense",
  "id": "meddisp008",
  "text": {
    "status": "generated",
    "div": "\u003cdiv xmlns\u003d\"http://www.w3.org/1999/xhtml\"\u003e\u003cp\u003e\u003cb\u003eGenerated Narrative with Details\u003c/b\u003e\u003c/p\u003e\u003cp\u003e\u003cb\u003eid\u003c/b\u003e: meddisp008\u003c/p\u003e\u003cp\u003e\u003cb\u003econtained\u003c/b\u003e: \u003c/p\u003e\u003cp\u003e\u003cb\u003estatus\u003c/b\u003e: completed\u003c/p\u003e\u003cp\u003e\u003cb\u003emedication\u003c/b\u003e: \u003c/p\u003e\u003cp\u003e\u003cb\u003esubject\u003c/b\u003e: \u003ca\u003eDonald Duck\u003c/a\u003e\u003c/p\u003e\u003ch3\u003ePerformers\u003c/h3\u003e\u003ctable\u003e\u003ctr\u003e\u003ctd\u003e-\u003c/td\u003e\u003ctd\u003e\u003cb\u003eActor\u003c/b\u003e\u003c/td\u003e\u003c/tr\u003e\u003ctr\u003e\u003ctd\u003e*\u003c/td\u003e\u003ctd\u003e\u003ca\u003ePractitioner/f006\u003c/a\u003e\u003c/td\u003e\u003c/tr\u003e\u003c/table\u003e\u003cp\u003e\u003cb\u003eauthorizingPrescription\u003c/b\u003e: \u003ca\u003eMedicationRequest/medrx0309\u003c/a\u003e\u003c/p\u003e\u003cp\u003e\u003cb\u003edosageInstruction\u003c/b\u003e: \u003c/p\u003e\u003c/div\u003e"
  },
  "contained": [
    {
      "resourceType": "Medication",
      "id": "medexample015",
      "code": {
        "coding": [
          {
            "system": "http://www.nlm.nih.gov/research/umls/rxnorm",
            "code": "213293",
            "display": "Capecitabine 500mg oral tablet (Xeloda)"
          }
        ]
      }
    }
  ],
  "status": "completed",
  "medication": {
    "reference": {
      "reference": "#medexample015"
    }
  },
  "subject": {
    "reference": "Patient/pat1",
    "display": "Donald Duck"
  },
  "performer": [
    {
      "actor": {
        "reference": "Practitioner/f006"
      }
    }
  ],
  "authorizingPrescription": [
    {
      "reference": "MedicationRequest/medrx0309"
    }
  ],
  "dosageInstruction": [
    {
      "sequence": 1,
      "timing": {
        "repeat": {
          "frequency": 2,
          "period": 21,
          "periodUnit": "d"
        }
      },
      "route": {
        "coding": [
          {
            "system": "http://snomed.info/sct",
            "code": "394899003",
            "display": "oral administration of treatment"
          }
        ]
      },
      "doseAndRate": [
        {
          "type": {
            "coding": [
              {
                "system": "http://terminology.hl7.org/CodeSystem/dose-rate-type",
                "code": "ordered",
                "display": "Ordered"
              }
            ]
          },
          "doseQuantity": {
            "value": 500,
            "unit": "mg",
            "system": "http://unitsofmeasure.org",
            "code": "mg"
          }
        }
      ]
    }
  ],
  "meta": {
    "tag": [
      {
        "system": "http://terminology.hl7.org/CodeSystem/v3-ActReason",
        "code": "HTEST",
        "display": "test health data"
      }
    ]
  }
}