{
  "resourceType": "MedicationDispense",
  "id": "meddisp0332",
  "text": {
    "status": "generated",
    "div": "\u003cdiv xmlns\u003d\"http://www.w3.org/1999/xhtml\"\u003e\u003cp\u003e\u003cb\u003eGenerated Narrative with Details\u003c/b\u003e\u003c/p\u003e\u003cp\u003e\u003cb\u003eid\u003c/b\u003e: meddisp0332\u003c/p\u003e\u003cp\u003e\u003cb\u003econtained\u003c/b\u003e: \u003c/p\u003e\u003cp\u003e\u003cb\u003estatus\u003c/b\u003e: in-progress\u003c/p\u003e\u003cp\u003e\u003cb\u003emedication\u003c/b\u003e: \u003c/p\u003e\u003cp\u003e\u003cb\u003esubject\u003c/b\u003e: \u003ca\u003eDonald Duck\u003c/a\u003e\u003c/p\u003e\u003ch3\u003ePerformers\u003c/h3\u003e\u003ctable\u003e\u003ctr\u003e\u003ctd\u003e-\u003c/td\u003e\u003ctd\u003e\u003cb\u003eActor\u003c/b\u003e\u003c/td\u003e\u003c/tr\u003e\u003ctr\u003e\u003ctd\u003e*\u003c/td\u003e\u003ctd\u003e\u003ca\u003ePractitioner/f006\u003c/a\u003e\u003c/td\u003e\u003c/tr\u003e\u003c/table\u003e\u003cp\u003e\u003cb\u003eauthorizingPrescription\u003c/b\u003e: \u003ca\u003eMedicationRequest/medrx0323\u003c/a\u003e\u003c/p\u003e\u003cp\u003e\u003cb\u003equantity\u003c/b\u003e: 1000 ml\u003cspan\u003e (Details: UCUM code ml \u003d \u0027ml\u0027)\u003c/span\u003e\u003c/p\u003e\u003cp\u003e\u003cb\u003edaysSupply\u003c/b\u003e: 1 Day\u003cspan\u003e (Details: UCUM code d \u003d \u0027d\u0027)\u003c/span\u003e\u003c/p\u003e\u003cp\u003e\u003cb\u003edosageInstruction\u003c/b\u003e: \u003c/p\u003e\u003c/div\u003e"
  },
  "contained": [
    {
      "resourceType": "Medication",
      "id": "med0318",
      "doseForm": {
        "coding": [
          {
            "system": "http://snomed.info/sct",
            "code": "385221006",
            "display": "Injection emulsion"
          }
        ]
      },
      "ingredient": [
        {
          "item": {
            "concept": {
              "coding": [
                {
                  "system": "http://hl7.org/fhir/sid/ndc",
                  "code": "0338-1134-03",
                  "display": "Clinimix 4.25/10 sulfite-free (4.25% Amino Acid in 10% Dextrose) Injection, 1000ml"
                }
              ]
            }
          }
        },
        {
          "item": {
            "concept": {
              "coding": [
                {
                  "system": "http://hl7.org/fhir/sid/ndc",
                  "code": "0409-5779-01",
                  "display": "TPN Electrolytes SODIUM CHLORIDE, CALCIUM CHLORIDE, POTASSIUM CHLORIDE, MAGNESIUM CHLORIDE, and SODIUM ACETATE ANHYDROUS | INJECTION, SOLUTION, CONCENTRATE | 321 mg/20mL, 331 mg/20mL, 1491 mg/20mL, 508 mg/20mL, 2420 mg/20mL"
                }
              ]
            }
          }
        },
        {
          "item": {
            "concept": {
              "coding": [
                {
                  "system": "http://hl7.org/fhir/sid/ndc",
                  "code": "0338-0519-02",
                  "display": "Intralipid 20% IV Fat Emulsion"
                }
              ]
            }
          }
        }
      ]
    }
  ],
  "status": "in-progress",
  "medication": {
    "reference": {
      "reference": "#med0318",
      "display": "TPN Solution"
    }
  },
  "subject": {
    "reference": "Patient/pat1",
    "display": "Donald Duck"
  },
  "performer": [
    {
      "actor": {
        "reference": "Practitioner/f006"
      }
    }
  ],
  "authorizingPrescription": [
    {
      "reference": "MedicationRequest/medrx0323"
    }
  ],
  "quantity": {
    "value": 1000,
    "system": "http://unitsofmeasure.org",
    "code": "ml"
  },
  "daysSupply": {
    "value": 1,
    "unit": "Day",
    "system": "http://unitsofmeasure.org",
    "code": "d"
  },
  "dosageInstruction": [
    {
      "sequence": 1,
      "text": "1000mL infused at 50ml/hour for 4 hours - hang at 2200 hours",
      "timing": {
        "event": [
          "2020-01-15T22:00:00+11:00"
        ],
        "repeat": {
          "boundsPeriod": {
            "start": "2020-01-15",
            "end": "2020-01-20"
          },
          "frequency": 1,
          "period": 24,
          "periodUnit": "h"
        }
      },
      "route": {
        "coding": [
          {
            "system": "http://snomed.info/sct",
            "code": "255560000",
            "display": "Intravenous"
          }
        ]
      },
      "doseAndRate": [
        {
          "type": {
            "coding": [
              {
                "system": "http://terminology.hl7.org/CodeSystem/dose-rate-type",
                "code": "ordered",
                "display": "Ordered"
              }
            ]
          },
          "doseQuantity": {
            "value": 1000,
            "unit": "mL",
            "system": "http://unitsofmeasure.org",
            "code": "mL"
          },
          "rateRatio": {
            "numerator": {
              "value": 50,
              "unit": "mL",
              "system": "http://unitsofmeasure.org",
              "code": "mL"
            },
            "denominator": {
              "value": 1,
              "unit": "h",
              "system": "http://unitsofmeasure.org",
              "code": "h"
            }
          }
        }
      ]
    }
  ],
  "meta": {
    "tag": [
      {
        "system": "http://terminology.hl7.org/CodeSystem/v3-ActReason",
        "code": "HTEST",
        "display": "test health data"
      }
    ]
  }
}