{
  "resourceType": "OperationDefinition",
  "id": "Measure-evaluate-measure",
  "text": {
    "status": "generated",
    "div": "\u003cdiv xmlns\u003d\"http://www.w3.org/1999/xhtml\"\u003e\u003ch2\u003eEvaluate Measure\u003c/h2\u003e\u003cp\u003eOPERATION: Evaluate Measure\u003c/p\u003e\u003cp\u003eThe official URL for this operation definition is: \u003c/p\u003e\u003cpre\u003ehttp://hl7.org/fhir/OperationDefinition/Measure-evaluate-measure\u003c/pre\u003e\u003cdiv\u003e\u003cp\u003eThe evaluate-measure operation is used to calculate an eMeasure and obtain the results\u003c/p\u003e\n\u003c/div\u003e\u003cp\u003eURL: [base]/Measure/$evaluate-measure\u003c/p\u003e\u003cp\u003eURL: [base]/Measure/[id]/$evaluate-measure\u003c/p\u003e\u003cp\u003eParameters\u003c/p\u003e\u003ctable class\u003d\"grid\"\u003e\u003ctr\u003e\u003ctd\u003e\u003cb\u003eUse\u003c/b\u003e\u003c/td\u003e\u003ctd\u003e\u003cb\u003eName\u003c/b\u003e\u003c/td\u003e\u003ctd\u003e\u003cb\u003eCardinality\u003c/b\u003e\u003c/td\u003e\u003ctd\u003e\u003cb\u003eType\u003c/b\u003e\u003c/td\u003e\u003ctd\u003e\u003cb\u003eBinding\u003c/b\u003e\u003c/td\u003e\u003ctd\u003e\u003cb\u003eDocumentation\u003c/b\u003e\u003c/td\u003e\u003c/tr\u003e\u003ctr\u003e\u003ctd\u003eIN\u003c/td\u003e\u003ctd\u003eperiodStart\u003c/td\u003e\u003ctd\u003e1..1\u003c/td\u003e\u003ctd\u003e\u003ca href\u003d\"datatypes.html#date\"\u003edate\u003c/a\u003e\u003c/td\u003e\u003ctd/\u003e\u003ctd\u003e\u003cdiv\u003e\u003cp\u003eThe start of the measurement period. In keeping with the semantics of the date parameter used in the FHIR search operation, the period will start at the beginning of the period implied by the supplied timestamp. E.g. a value of 2014 would set the period start to be 2014-01-01T00:00:00 inclusive\u003c/p\u003e\n\u003c/div\u003e\u003c/td\u003e\u003c/tr\u003e\u003ctr\u003e\u003ctd\u003eIN\u003c/td\u003e\u003ctd\u003eperiodEnd\u003c/td\u003e\u003ctd\u003e1..1\u003c/td\u003e\u003ctd\u003e\u003ca href\u003d\"datatypes.html#date\"\u003edate\u003c/a\u003e\u003c/td\u003e\u003ctd/\u003e\u003ctd\u003e\u003cdiv\u003e\u003cp\u003eThe end of the measurement period. The period will end at the end of the period implied by the supplied timestamp. E.g. a value of 2014 would set the period end to be 2014-12-31T23:59:59 inclusive\u003c/p\u003e\n\u003c/div\u003e\u003c/td\u003e\u003c/tr\u003e\u003ctr\u003e\u003ctd\u003eIN\u003c/td\u003e\u003ctd\u003emeasure\u003c/td\u003e\u003ctd\u003e0..1\u003c/td\u003e\u003ctd\u003e\u003ca href\u003d\"datatypes.html#string\"\u003estring\u003c/a\u003e\u003cbr/\u003e(\u003ca href\u003d\"search.html#reference\"\u003ereference\u003c/a\u003e)\u003c/td\u003e\u003ctd/\u003e\u003ctd\u003e\u003cdiv\u003e\u003cp\u003eThe measure to evaluate. This parameter is only required when the operation is invoked on the resource type, it is not used when invoking the operation on a Measure instance\u003c/p\u003e\n\u003c/div\u003e\u003c/td\u003e\u003c/tr\u003e\u003ctr\u003e\u003ctd\u003eIN\u003c/td\u003e\u003ctd\u003ereportType\u003c/td\u003e\u003ctd\u003e0..1\u003c/td\u003e\u003ctd\u003e\u003ca href\u003d\"datatypes.html#code\"\u003ecode\u003c/a\u003e\u003c/td\u003e\u003ctd/\u003e\u003ctd\u003e\u003cdiv\u003e\u003cp\u003eThe type of measure report: subject, subject-list, or population. If not specified, a default value of subject will be used if the subject parameter is supplied, otherwise, population will be used\u003c/p\u003e\n\u003c/div\u003e\u003c/td\u003e\u003c/tr\u003e\u003ctr\u003e\u003ctd\u003eIN\u003c/td\u003e\u003ctd\u003esubject\u003c/td\u003e\u003ctd\u003e0..1\u003c/td\u003e\u003ctd\u003e\u003ca href\u003d\"datatypes.html#string\"\u003estring\u003c/a\u003e\u003cbr/\u003e(\u003ca href\u003d\"search.html#reference\"\u003ereference\u003c/a\u003e)\u003c/td\u003e\u003ctd/\u003e\u003ctd\u003e\u003cdiv\u003e\u003cp\u003eSubject for which the measure will be calculated. If not specified, the measure will be calculated for all subjects that meet the requirements of the measure. If specified, the measure will only be calculated for the referenced subject(s)\u003c/p\u003e\n\u003c/div\u003e\u003c/td\u003e\u003c/tr\u003e\u003ctr\u003e\u003ctd\u003eIN\u003c/td\u003e\u003ctd\u003epractitioner\u003c/td\u003e\u003ctd\u003e0..1\u003c/td\u003e\u003ctd\u003e\u003ca href\u003d\"datatypes.html#string\"\u003estring\u003c/a\u003e\u003cbr/\u003e(\u003ca href\u003d\"search.html#reference\"\u003ereference\u003c/a\u003e)\u003c/td\u003e\u003ctd/\u003e\u003ctd\u003e\u003cdiv\u003e\u003cp\u003ePractitioner for which the measure will be calculated. If specified, the measure will be calculated only for subjects that have a primary relationship to the identified practitioner\u003c/p\u003e\n\u003c/div\u003e\u003c/td\u003e\u003c/tr\u003e\u003ctr\u003e\u003ctd\u003eIN\u003c/td\u003e\u003ctd\u003elastReceivedOn\u003c/td\u003e\u003ctd\u003e0..1\u003c/td\u003e\u003ctd\u003e\u003ca href\u003d\"datatypes.html#dateTime\"\u003edateTime\u003c/a\u003e\u003c/td\u003e\u003ctd/\u003e\u003ctd\u003e\u003cdiv\u003e\u003cp\u003eThe date the results of this measure were last received. This parameter is only valid for patient-level reports and is used to indicate when the last time a result for this patient was received. This information can be used to limit the set of resources returned for a patient-level report\u003c/p\u003e\n\u003c/div\u003e\u003c/td\u003e\u003c/tr\u003e\u003ctr\u003e\u003ctd\u003eOUT\u003c/td\u003e\u003ctd\u003ereturn\u003c/td\u003e\u003ctd\u003e1..1\u003c/td\u003e\u003ctd\u003e\u003ca href\u003d\"measurereport.html\"\u003eMeasureReport\u003c/a\u003e\u003c/td\u003e\u003ctd/\u003e\u003ctd\u003e\u003cdiv\u003e\u003cp\u003eThe results of the measure calculation. See the MeasureReport resource for a complete description of the output of this operation. Note that implementations may choose to return a MeasureReport with a status of pending to indicate that the report is still being generated. In this case, the client can use a polling method to continually request the MeasureReport until the status is updated to complete\u003c/p\u003e\n\u003c/div\u003e\u003c/td\u003e\u003c/tr\u003e\u003c/table\u003e\u003cdiv\u003e\u003cp\u003eThe effect of invoking this operation is to calculate the measure for the given subject, or all subjects if no subject is supplied, and return the results as a MeasureReport resource of the appropriate type. Note that whether or not this operation affects the state of the server depends on whether the server persists the generated MeasureReport. If the MeasureReport is not persisted, this operation can be invoked with GET\u003c/p\u003e\n\u003c/div\u003e\u003c/div\u003e"
  },
  "extension": [
    {
      "url": "http://hl7.org/fhir/StructureDefinition/structuredefinition-fmm",
      "valueInteger": 2
    },
    {
      "url": "http://hl7.org/fhir/StructureDefinition/structuredefinition-standards-status",
      "valueCode": "trial-use"
    }
  ],
  "url": "http://hl7.org/fhir/OperationDefinition/Measure-evaluate-measure",
  "version": "4.2.0",
  "name": "Evaluate Measure",
  "status": "draft",
  "kind": "operation",
  "date": "2020-02-29T07:59:43+00:00",
  "publisher": "HL7 (FHIR Project)",
  "contact": [
    {
      "telecom": [
        {
          "system": "url",
          "value": "http://hl7.org/fhir"
        },
        {
          "system": "email",
          "value": "fhir@lists.hl7.org"
        }
      ]
    }
  ],
  "description": "The evaluate-measure operation is used to calculate an eMeasure and obtain the results",
  "code": "evaluate-measure",
  "comment": "The effect of invoking this operation is to calculate the measure for the given subject, or all subjects if no subject is supplied, and return the results as a MeasureReport resource of the appropriate type. Note that whether or not this operation affects the state of the server depends on whether the server persists the generated MeasureReport. If the MeasureReport is not persisted, this operation can be invoked with GET",
  "resource": [
    "Measure"
  ],
  "system": false,
  "type": true,
  "instance": true,
  "parameter": [
    {
      "name": "periodStart",
      "use": "in",
      "min": 1,
      "max": "1",
      "documentation": "The start of the measurement period. In keeping with the semantics of the date parameter used in the FHIR search operation, the period will start at the beginning of the period implied by the supplied timestamp. E.g. a value of 2014 would set the period start to be 2014-01-01T00:00:00 inclusive",
      "type": "date"
    },
    {
      "name": "periodEnd",
      "use": "in",
      "min": 1,
      "max": "1",
      "documentation": "The end of the measurement period. The period will end at the end of the period implied by the supplied timestamp. E.g. a value of 2014 would set the period end to be 2014-12-31T23:59:59 inclusive",
      "type": "date"
    },
    {
      "name": "measure",
      "use": "in",
      "min": 0,
      "max": "1",
      "documentation": "The measure to evaluate. This parameter is only required when the operation is invoked on the resource type, it is not used when invoking the operation on a Measure instance",
      "type": "string",
      "searchType": "reference"
    },
    {
      "name": "reportType",
      "use": "in",
      "min": 0,
      "max": "1",
      "documentation": "The type of measure report: subject, subject-list, or population. If not specified, a default value of subject will be used if the subject parameter is supplied, otherwise, population will be used",
      "type": "code"
    },
    {
      "name": "subject",
      "use": "in",
      "min": 0,
      "max": "1",
      "documentation": "Subject for which the measure will be calculated. If not specified, the measure will be calculated for all subjects that meet the requirements of the measure. If specified, the measure will only be calculated for the referenced subject(s)",
      "type": "string",
      "searchType": "reference"
    },
    {
      "name": "practitioner",
      "use": "in",
      "min": 0,
      "max": "1",
      "documentation": "Practitioner for which the measure will be calculated. If specified, the measure will be calculated only for subjects that have a primary relationship to the identified practitioner",
      "type": "string",
      "searchType": "reference"
    },
    {
      "name": "lastReceivedOn",
      "use": "in",
      "min": 0,
      "max": "1",
      "documentation": "The date the results of this measure were last received. This parameter is only valid for patient-level reports and is used to indicate when the last time a result for this patient was received. This information can be used to limit the set of resources returned for a patient-level report",
      "type": "dateTime"
    },
    {
      "name": "return",
      "use": "out",
      "min": 1,
      "max": "1",
      "documentation": "The results of the measure calculation. See the MeasureReport resource for a complete description of the output of this operation. Note that implementations may choose to return a MeasureReport with a status of pending to indicate that the report is still being generated. In this case, the client can use a polling method to continually request the MeasureReport until the status is updated to complete",
      "type": "MeasureReport"
    }
  ]
}