{
  "resourceType": "OperationDefinition",
  "id": "ChargeItemDefinition-apply",
  "text": {
    "status": "generated",
    "div": "\u003cdiv xmlns\u003d\"http://www.w3.org/1999/xhtml\"\u003e\u003ch2\u003eApply\u003c/h2\u003e\u003cp\u003eOPERATION: Apply\u003c/p\u003e\u003cp\u003eThe official URL for this operation definition is: \u003c/p\u003e\u003cpre\u003ehttp://hl7.org/fhir/OperationDefinition/ChargeItemDefinition-apply\u003c/pre\u003e\u003cdiv\u003e\u003cp\u003eThe apply operation applies a definition in a specific context\u003c/p\u003e\n\u003c/div\u003e\u003cp\u003eURL: [base]/ChargeItemDefinition/[id]/$apply\u003c/p\u003e\u003cp\u003eParameters\u003c/p\u003e\u003ctable class\u003d\"grid\"\u003e\u003ctr\u003e\u003ctd\u003e\u003cb\u003eUse\u003c/b\u003e\u003c/td\u003e\u003ctd\u003e\u003cb\u003eName\u003c/b\u003e\u003c/td\u003e\u003ctd\u003e\u003cb\u003eCardinality\u003c/b\u003e\u003c/td\u003e\u003ctd\u003e\u003cb\u003eType\u003c/b\u003e\u003c/td\u003e\u003ctd\u003e\u003cb\u003eBinding\u003c/b\u003e\u003c/td\u003e\u003ctd\u003e\u003cb\u003eDocumentation\u003c/b\u003e\u003c/td\u003e\u003c/tr\u003e\u003ctr\u003e\u003ctd\u003eIN\u003c/td\u003e\u003ctd\u003echargeItem\u003c/td\u003e\u003ctd\u003e1..1\u003c/td\u003e\u003ctd\u003e\u003ca href\u003d\"references.html#Reference\"\u003eReference\u003c/a\u003e\u003c/td\u003e\u003ctd/\u003e\u003ctd\u003e\u003cdiv\u003e\u003cp\u003eThe ChargeItem on which the definition is to ba applies\u003c/p\u003e\n\u003c/div\u003e\u003c/td\u003e\u003c/tr\u003e\u003ctr\u003e\u003ctd\u003eIN\u003c/td\u003e\u003ctd\u003eaccount\u003c/td\u003e\u003ctd\u003e0..1\u003c/td\u003e\u003ctd\u003e\u003ca href\u003d\"references.html#Reference\"\u003eReference\u003c/a\u003e\u003c/td\u003e\u003ctd/\u003e\u003ctd\u003e\u003cdiv\u003e\u003cp\u003eThe account in context, if any\u003c/p\u003e\n\u003c/div\u003e\u003c/td\u003e\u003c/tr\u003e\u003ctr\u003e\u003ctd\u003eOUT\u003c/td\u003e\u003ctd\u003ereturn\u003c/td\u003e\u003ctd\u003e1..1\u003c/td\u003e\u003ctd\u003eAny\u003c/td\u003e\u003ctd/\u003e\u003ctd\u003e\u003cdiv\u003e\u003cp\u003eThe resource that is the result of applying the definition\u003c/p\u003e\n\u003c/div\u003e\u003c/td\u003e\u003c/tr\u003e\u003c/table\u003e\u003cdiv\u003e\u003cp\u003eThe result of invoking this operation is a resource of the type specified by the activity definition, with all the definitions resolved as appropriate for the type of resource. Any dynamicValue elements will be evaluated (in the order in which they appear in the resource) and the results applied to the returned resource.  If the ActivityDefinition includes library references, those libraries will be available to the evaluated expressions. If those libraries have parameters, those parameters will be bound by name to the parameters given to the operation. For a more detailed description, refer to the ActivityDefinition resource\u003c/p\u003e\n\u003c/div\u003e\u003c/div\u003e"
  },
  "extension": [
    {
      "url": "http://hl7.org/fhir/StructureDefinition/structuredefinition-fmm",
      "valueInteger": 0
    },
    {
      "url": "http://hl7.org/fhir/StructureDefinition/structuredefinition-standards-status",
      "valueCode": "trial-use"
    }
  ],
  "url": "http://hl7.org/fhir/OperationDefinition/ChargeItemDefinition-apply",
  "version": "4.2.0",
  "name": "Apply",
  "status": "draft",
  "kind": "operation",
  "date": "2020-02-29T07:59:43+00:00",
  "publisher": "HL7 (FHIR Project)",
  "contact": [
    {
      "telecom": [
        {
          "system": "url",
          "value": "http://hl7.org/fhir"
        },
        {
          "system": "email",
          "value": "fhir@lists.hl7.org"
        }
      ]
    }
  ],
  "description": "The apply operation applies a definition in a specific context",
  "code": "apply",
  "comment": "The result of invoking this operation is a resource of the type specified by the activity definition, with all the definitions resolved as appropriate for the type of resource. Any dynamicValue elements will be evaluated (in the order in which they appear in the resource) and the results applied to the returned resource.  If the ActivityDefinition includes library references, those libraries will be available to the evaluated expressions. If those libraries have parameters, those parameters will be bound by name to the parameters given to the operation. For a more detailed description, refer to the ActivityDefinition resource",
  "resource": [
    "ChargeItemDefinition"
  ],
  "system": false,
  "type": false,
  "instance": true,
  "parameter": [
    {
      "name": "chargeItem",
      "use": "in",
      "min": 1,
      "max": "1",
      "documentation": "The ChargeItem on which the definition is to ba applies",
      "type": "Reference",
      "targetProfile": [
        "http://hl7.org/fhir/StructureDefinition/ChargeItem"
      ]
    },
    {
      "name": "account",
      "use": "in",
      "min": 0,
      "max": "1",
      "documentation": "The account in context, if any",
      "type": "Reference",
      "targetProfile": [
        "http://hl7.org/fhir/StructureDefinition/Account"
      ]
    },
    {
      "name": "return",
      "use": "out",
      "min": 1,
      "max": "1",
      "documentation": "The resource that is the result of applying the definition",
      "type": "Any"
    }
  ]
}