{
  "resourceType": "OperationDefinition",
  "id": "CapabilityStatement2-subset",
  "text": {
    "status": "generated",
    "div": "\u003cdiv xmlns\u003d\"http://www.w3.org/1999/xhtml\"\u003e\u003ch2\u003eFetch a subset of the CapabilityStatement2 resource\u003c/h2\u003e\u003cp\u003eOPERATION: Fetch a subset of the CapabilityStatement2 resource\u003c/p\u003e\u003cp\u003eThe official URL for this operation definition is: \u003c/p\u003e\u003cpre\u003ehttp://hl7.org/fhir/OperationDefinition/CapabilityStatement2-subset\u003c/pre\u003e\u003cdiv\u003e\u003cp\u003eThis operation asks the server to return a subset of the CapabilityStatement2 resource - just the REST parts that relate to a set of nominated resources - the resources that the client is interested in\u003c/p\u003e\n\u003c/div\u003e\u003cp\u003eURL: [base]/CapabilityStatement2/$subset\u003c/p\u003e\u003cp\u003eURL: [base]/CapabilityStatement2/[id]/$subset\u003c/p\u003e\u003cp\u003eParameters\u003c/p\u003e\u003ctable class\u003d\"grid\"\u003e\u003ctr\u003e\u003ctd\u003e\u003cb\u003eUse\u003c/b\u003e\u003c/td\u003e\u003ctd\u003e\u003cb\u003eName\u003c/b\u003e\u003c/td\u003e\u003ctd\u003e\u003cb\u003eCardinality\u003c/b\u003e\u003c/td\u003e\u003ctd\u003e\u003cb\u003eType\u003c/b\u003e\u003c/td\u003e\u003ctd\u003e\u003cb\u003eBinding\u003c/b\u003e\u003c/td\u003e\u003ctd\u003e\u003cb\u003eDocumentation\u003c/b\u003e\u003c/td\u003e\u003c/tr\u003e\u003ctr\u003e\u003ctd\u003eIN\u003c/td\u003e\u003ctd\u003eserver\u003c/td\u003e\u003ctd\u003e0..1\u003c/td\u003e\u003ctd\u003e\u003ca href\u003d\"datatypes.html#uri\"\u003euri\u003c/a\u003e\u003c/td\u003e\u003ctd/\u003e\u003ctd\u003e\u003cdiv\u003e\u003cp\u003eThe canonical URL - use this if the subset is not invoked on an instance (or on the /metadata end-point)\u003c/p\u003e\n\u003c/div\u003e\u003c/td\u003e\u003c/tr\u003e\u003ctr\u003e\u003ctd\u003eIN\u003c/td\u003e\u003ctd\u003eresource\u003c/td\u003e\u003ctd\u003e1..*\u003c/td\u003e\u003ctd\u003e\u003ca href\u003d\"datatypes.html#code\"\u003ecode\u003c/a\u003e\u003c/td\u003e\u003ctd/\u003e\u003ctd\u003e\u003cdiv\u003e\u003cp\u003eA resource that the client would like to include in the return\u003c/p\u003e\n\u003c/div\u003e\u003c/td\u003e\u003c/tr\u003e\u003ctr\u003e\u003ctd\u003eOUT\u003c/td\u003e\u003ctd\u003ereturn\u003c/td\u003e\u003ctd\u003e1..1\u003c/td\u003e\u003ctd\u003e\u003ca href\u003d\"capabilitystatement2.html\"\u003eCapabilityStatement2\u003c/a\u003e\u003c/td\u003e\u003ctd/\u003e\u003ctd\u003e\u003cdiv\u003e\u003cp\u003eThe subsetted CapabilityStatement2 resource that is returned. This should be tagged with the SUBSETTED code\u003c/p\u003e\n\u003c/div\u003e\u003c/td\u003e\u003c/tr\u003e\u003c/table\u003e\u003cdiv/\u003e\u003c/div\u003e"
  },
  "extension": [
    {
      "url": "http://hl7.org/fhir/StructureDefinition/structuredefinition-fmm",
      "valueInteger": 0
    },
    {
      "url": "http://hl7.org/fhir/StructureDefinition/structuredefinition-standards-status",
      "valueCode": "trial-use"
    }
  ],
  "url": "http://hl7.org/fhir/OperationDefinition/CapabilityStatement2-subset",
  "version": "4.2.0",
  "name": "Fetch a subset of the CapabilityStatement2 resource",
  "status": "draft",
  "kind": "operation",
  "date": "2020-02-29T07:59:43+00:00",
  "publisher": "HL7 (FHIR Project)",
  "contact": [
    {
      "telecom": [
        {
          "system": "url",
          "value": "http://hl7.org/fhir"
        },
        {
          "system": "email",
          "value": "fhir@lists.hl7.org"
        }
      ]
    }
  ],
  "description": "This operation asks the server to return a subset of the CapabilityStatement2 resource - just the REST parts that relate to a set of nominated resources - the resources that the client is interested in",
  "code": "subset",
  "resource": [
    "CapabilityStatement2"
  ],
  "system": false,
  "type": true,
  "instance": true,
  "parameter": [
    {
      "name": "server",
      "use": "in",
      "min": 0,
      "max": "1",
      "documentation": "The canonical URL - use this if the subset is not invoked on an instance (or on the /metadata end-point)",
      "type": "uri"
    },
    {
      "name": "resource",
      "use": "in",
      "min": 1,
      "max": "*",
      "documentation": "A resource that the client would like to include in the return",
      "type": "code"
    },
    {
      "name": "return",
      "use": "out",
      "min": 1,
      "max": "1",
      "documentation": "The subsetted CapabilityStatement2 resource that is returned. This should be tagged with the SUBSETTED code",
      "type": "CapabilityStatement2"
    }
  ]
}