{
  "resourceType": "OperationDefinition",
  "id": "Claim-submit",
  "text": {
    "status": "generated",
    "div": "\u003cdiv xmlns\u003d\"http://www.w3.org/1999/xhtml\"\u003e\u003ch2\u003eSubmit a Claim resource for adjudication\u003c/h2\u003e\u003cp\u003eOPERATION: Submit a Claim resource for adjudication\u003c/p\u003e\u003cp\u003eThe official URL for this operation definition is: \u003c/p\u003e\u003cpre\u003ehttp://hl7.org/fhir/OperationDefinition/Claim-submit\u003c/pre\u003e\u003cdiv\u003e\u003cp\u003eThis operation is used to submit a Claim, Pre-Authorization or Pre-Determination (all instances of Claim resources) for adjudication either as a single Claim resource instance or as a Bundle containing the Claim and other referenced resources, or Bundle containing a batch of Claim resources, either as single Claims resources or Bundle resources, for processing. The only input parameter is the single Claim or Bundle resource and the only output is a single ClaimResponse, Bundle of ClaimResponses or an OperationOutcome resource.\u003c/p\u003e\n\u003c/div\u003e\u003cp\u003eURL: [base]/Claim/$submit\u003c/p\u003e\u003cp\u003eParameters\u003c/p\u003e\u003ctable class\u003d\"grid\"\u003e\u003ctr\u003e\u003ctd\u003e\u003cb\u003eUse\u003c/b\u003e\u003c/td\u003e\u003ctd\u003e\u003cb\u003eName\u003c/b\u003e\u003c/td\u003e\u003ctd\u003e\u003cb\u003eCardinality\u003c/b\u003e\u003c/td\u003e\u003ctd\u003e\u003cb\u003eType\u003c/b\u003e\u003c/td\u003e\u003ctd\u003e\u003cb\u003eBinding\u003c/b\u003e\u003c/td\u003e\u003ctd\u003e\u003cb\u003eDocumentation\u003c/b\u003e\u003c/td\u003e\u003c/tr\u003e\u003ctr\u003e\u003ctd\u003eIN\u003c/td\u003e\u003ctd\u003eresource\u003c/td\u003e\u003ctd\u003e1..1\u003c/td\u003e\u003ctd\u003e\u003ca href\u003d\"resource.html\"\u003eResource\u003c/a\u003e\u003c/td\u003e\u003ctd/\u003e\u003ctd\u003e\u003cdiv\u003e\u003cp\u003eA Claim resource or Bundle of claims, either as individual Claim resources or as Bundles each containing a single Claim plus referenced resources.\u003c/p\u003e\n\u003c/div\u003e\u003c/td\u003e\u003c/tr\u003e\u003ctr\u003e\u003ctd\u003eOUT\u003c/td\u003e\u003ctd\u003ereturn\u003c/td\u003e\u003ctd\u003e1..1\u003c/td\u003e\u003ctd\u003e\u003ca href\u003d\"resource.html\"\u003eResource\u003c/a\u003e\u003c/td\u003e\u003ctd/\u003e\u003ctd\u003e\u003cdiv\u003e\u003cp\u003eA ClaimResponse resource or Bundle of claim responses, either as individual ClaimResponse resources or as Bundles each containing a single ClaimResponse plus referenced resources.\u003c/p\u003e\n\u003c/div\u003e\u003c/td\u003e\u003c/tr\u003e\u003c/table\u003e\u003cdiv/\u003e\u003c/div\u003e"
  },
  "extension": [
    {
      "url": "http://hl7.org/fhir/StructureDefinition/structuredefinition-fmm",
      "valueInteger": 2
    },
    {
      "url": "http://hl7.org/fhir/StructureDefinition/structuredefinition-standards-status",
      "valueCode": "trial-use"
    }
  ],
  "url": "http://hl7.org/fhir/OperationDefinition/Claim-submit",
  "version": "4.2.0",
  "name": "Submit a Claim resource for adjudication",
  "status": "draft",
  "kind": "operation",
  "date": "2020-02-29T07:59:43+00:00",
  "publisher": "HL7 (FHIR Project)",
  "contact": [
    {
      "telecom": [
        {
          "system": "url",
          "value": "http://hl7.org/fhir"
        },
        {
          "system": "email",
          "value": "fhir@lists.hl7.org"
        }
      ]
    }
  ],
  "description": "This operation is used to submit a Claim, Pre-Authorization or Pre-Determination (all instances of Claim resources) for adjudication either as a single Claim resource instance or as a Bundle containing the Claim and other referenced resources, or Bundle containing a batch of Claim resources, either as single Claims resources or Bundle resources, for processing. The only input parameter is the single Claim or Bundle resource and the only output is a single ClaimResponse, Bundle of ClaimResponses or an OperationOutcome resource.",
  "code": "submit",
  "resource": [
    "Claim"
  ],
  "system": false,
  "type": true,
  "instance": false,
  "parameter": [
    {
      "name": "resource",
      "use": "in",
      "min": 1,
      "max": "1",
      "documentation": "A Claim resource or Bundle of claims, either as individual Claim resources or as Bundles each containing a single Claim plus referenced resources.",
      "type": "Resource"
    },
    {
      "name": "return",
      "use": "out",
      "min": 1,
      "max": "1",
      "documentation": "A ClaimResponse resource or Bundle of claim responses, either as individual ClaimResponse resources or as Bundles each containing a single ClaimResponse plus referenced resources.",
      "type": "Resource"
    }
  ]
}