{
  "resourceType": "ConceptMap",
  "id": "sc-immunization-status",
  "text": {
    "status": "generated",
    "div": "\u003cdiv xmlns\u003d\"http://www.w3.org/1999/xhtml\"\u003e\u003ch2\u003eImmunizationStatusCodesCanonicalMap (http://hl7.org/fhir/ConceptMap/sc-immunization-status)\u003c/h2\u003e\u003cp\u003eMapping from \u003ca href\u003d\"valueset-immunization-status.html\"\u003ehttp://hl7.org/fhir/ValueSet/immunization-status\u003c/a\u003e to \u003ca href\u003d\"valueset-resource-status.html\"\u003ehttp://hl7.org/fhir/ValueSet/resource-status\u003c/a\u003e\u003c/p\u003e\u003cp\u003eDRAFT. Published on Feb 29, 2020 7:59:43 AM by FHIR Project team (\u003ca href\u003d\"http://hl7.org/fhir\"\u003ehttp://hl7.org/fhir\u003c/a\u003e). \u003c/p\u003e\u003cdiv\u003e\u003cp\u003eCanonical Mapping for \u0026quot;The value set to instantiate this attribute should be drawn from a terminologically robust code system that consists of or contains concepts to support describing the current status of the administered dose of vaccine.\u0026quot;\u003c/p\u003e\n\u003c/div\u003e\u003cbr/\u003e\u003ctable class\u003d\"grid\"\u003e\u003ctr\u003e\u003ctd\u003e\u003cb\u003eSource Code\u003c/b\u003e\u003c/td\u003e\u003ctd\u003e\u003cb\u003eRelationship\u003c/b\u003e\u003c/td\u003e\u003ctd\u003e\u003cb\u003eDestination Code\u003c/b\u003e\u003c/td\u003e\u003c/tr\u003e\u003ctr\u003e\u003ctd\u003eentered-in-error\u003c/td\u003e\u003ctd\u003e\u003ca href\u003d\"codesystem-concept-map-relationship.html#equivalent\"\u003eis equivalent to\u003c/a\u003e\u003c/td\u003e\u003ctd\u003eerror\u003c/td\u003e\u003c/tr\u003e\u003ctr\u003e\u003ctd\u003ecompleted\u003c/td\u003e\u003ctd\u003e\u003ca href\u003d\"codesystem-concept-map-relationship.html#equivalent\"\u003eis equivalent to\u003c/a\u003e\u003c/td\u003e\u003ctd\u003ecomplete\u003c/td\u003e\u003c/tr\u003e\u003ctr\u003e\u003ctd\u003enot-done\u003c/td\u003e\u003ctd\u003e\u003ca href\u003d\"codesystem-concept-map-relationship.html#equivalent\"\u003eis equivalent to\u003c/a\u003e\u003c/td\u003e\u003ctd\u003eabandoned\u003c/td\u003e\u003c/tr\u003e\u003c/table\u003e\u003c/div\u003e"
  },
  "url": "http://hl7.org/fhir/ConceptMap/sc-immunization-status",
  "version": "4.2.0",
  "name": "ImmunizationStatusCodesCanonicalMap",
  "title": "Canonical Mapping for \"Immunization Status Codes\"",
  "status": "draft",
  "date": "2020-02-29T07:59:43+00:00",
  "publisher": "FHIR Project team",
  "contact": [
    {
      "telecom": [
        {
          "system": "url",
          "value": "http://hl7.org/fhir"
        }
      ]
    }
  ],
  "description": "Canonical Mapping for \"The value set to instantiate this attribute should be drawn from a terminologically robust code system that consists of or contains concepts to support describing the current status of the administered dose of vaccine.\"",
  "sourceCanonical": "http://hl7.org/fhir/ValueSet/immunization-status",
  "targetCanonical": "http://hl7.org/fhir/ValueSet/resource-status",
  "group": [
    {
      "source": "http://hl7.org/fhir/event-status",
      "target": "http://hl7.org/fhir/resource-status",
      "element": [
        {
          "code": "entered-in-error",
          "target": [
            {
              "code": "error",
              "relationship": "equivalent"
            }
          ]
        },
        {
          "code": "completed",
          "target": [
            {
              "code": "complete",
              "relationship": "equivalent"
            }
          ]
        },
        {
          "code": "not-done",
          "target": [
            {
              "code": "abandoned",
              "relationship": "equivalent"
            }
          ]
        }
      ]
    }
  ]
}