{
  "resourceType": "ConceptMap",
  "id": "sc-task-status",
  "text": {
    "status": "generated",
    "div": "\u003cdiv xmlns\u003d\"http://www.w3.org/1999/xhtml\"\u003e\u003ch2\u003eTaskStatusCanonicalMap (http://hl7.org/fhir/ConceptMap/sc-task-status)\u003c/h2\u003e\u003cp\u003eMapping from \u003ca href\u003d\"valueset-task-status.html\"\u003ehttp://hl7.org/fhir/ValueSet/task-status\u003c/a\u003e to \u003ca href\u003d\"valueset-resource-status.html\"\u003ehttp://hl7.org/fhir/ValueSet/resource-status\u003c/a\u003e\u003c/p\u003e\u003cp\u003eDRAFT. Published on Feb 29, 2020 7:59:43 AM by HL7 (FHIR Project) (\u003ca href\u003d\"http://hl7.org/fhir\"\u003ehttp://hl7.org/fhir\u003c/a\u003e, \u003ca href\u003d\"mailto:fhir@lists.hl7.org\"\u003efhir@lists.hl7.org\u003c/a\u003e). \u003c/p\u003e\u003cdiv\u003e\u003cp\u003eCanonical Mapping for \u0026quot;The current status of the task.\u0026quot;\u003c/p\u003e\n\u003c/div\u003e\u003cbr/\u003e\u003ctable class\u003d\"grid\"\u003e\u003ctr\u003e\u003ctd\u003e\u003cb\u003eSource Code\u003c/b\u003e\u003c/td\u003e\u003ctd\u003e\u003cb\u003eRelationship\u003c/b\u003e\u003c/td\u003e\u003ctd\u003e\u003cb\u003eDestination Code\u003c/b\u003e\u003c/td\u003e\u003c/tr\u003e\u003ctr\u003e\u003ctd\u003eentered-in-error\u003c/td\u003e\u003ctd\u003e\u003ca href\u003d\"codesystem-concept-map-relationship.html#equivalent\"\u003eis equivalent to\u003c/a\u003e\u003c/td\u003e\u003ctd\u003eerror\u003c/td\u003e\u003c/tr\u003e\u003ctr\u003e\u003ctd\u003edraft\u003c/td\u003e\u003ctd\u003e\u003ca href\u003d\"codesystem-concept-map-relationship.html#equivalent\"\u003eis equivalent to\u003c/a\u003e\u003c/td\u003e\u003ctd\u003edraft\u003c/td\u003e\u003c/tr\u003e\u003ctr\u003e\u003ctd\u003erequested\u003c/td\u003e\u003ctd\u003e\u003ca href\u003d\"codesystem-concept-map-relationship.html#equivalent\"\u003eis equivalent to\u003c/a\u003e\u003c/td\u003e\u003ctd\u003erequested\u003c/td\u003e\u003c/tr\u003e\u003ctr\u003e\u003ctd\u003ereceived\u003c/td\u003e\u003ctd\u003e\u003ca href\u003d\"codesystem-concept-map-relationship.html#equivalent\"\u003eis equivalent to\u003c/a\u003e\u003c/td\u003e\u003ctd\u003ereceived\u003c/td\u003e\u003c/tr\u003e\u003ctr\u003e\u003ctd\u003erejected\u003c/td\u003e\u003ctd\u003e\u003ca href\u003d\"codesystem-concept-map-relationship.html#equivalent\"\u003eis equivalent to\u003c/a\u003e\u003c/td\u003e\u003ctd\u003edeclined\u003c/td\u003e\u003c/tr\u003e\u003ctr\u003e\u003ctd\u003eaccepted\u003c/td\u003e\u003ctd\u003e\u003ca href\u003d\"codesystem-concept-map-relationship.html#equivalent\"\u003eis equivalent to\u003c/a\u003e\u003c/td\u003e\u003ctd\u003eaccepted\u003c/td\u003e\u003c/tr\u003e\u003ctr\u003e\u003ctd\u003ein-progress\u003c/td\u003e\u003ctd\u003e\u003ca href\u003d\"codesystem-concept-map-relationship.html#equivalent\"\u003eis equivalent to\u003c/a\u003e\u003c/td\u003e\u003ctd\u003eactive\u003c/td\u003e\u003c/tr\u003e\u003ctr\u003e\u003ctd\u003eon-hold\u003c/td\u003e\u003ctd\u003e\u003ca href\u003d\"codesystem-concept-map-relationship.html#equivalent\"\u003eis equivalent to\u003c/a\u003e\u003c/td\u003e\u003ctd\u003esuspended\u003c/td\u003e\u003c/tr\u003e\u003ctr\u003e\u003ctd\u003efailed\u003c/td\u003e\u003ctd\u003e\u003ca href\u003d\"codesystem-concept-map-relationship.html#equivalent\"\u003eis equivalent to\u003c/a\u003e\u003c/td\u003e\u003ctd\u003efailed\u003c/td\u003e\u003c/tr\u003e\u003ctr\u003e\u003ctd\u003ecompleted\u003c/td\u003e\u003ctd\u003e\u003ca href\u003d\"codesystem-concept-map-relationship.html#equivalent\"\u003eis equivalent to\u003c/a\u003e\u003c/td\u003e\u003ctd\u003ecomplete\u003c/td\u003e\u003c/tr\u003e\u003ctr\u003e\u003ctd\u003ecancelled\u003c/td\u003e\u003ctd\u003e\u003ca href\u003d\"codesystem-concept-map-relationship.html#equivalent\"\u003eis equivalent to\u003c/a\u003e\u003c/td\u003e\u003ctd\u003eabandoned\u003c/td\u003e\u003c/tr\u003e\u003ctr\u003e\u003ctd\u003eready\u003c/td\u003e\u003ctd\u003e\u003ca href\u003d\"codesystem-concept-map-relationship.html#equivalent\"\u003eis equivalent to\u003c/a\u003e\u003c/td\u003e\u003ctd\u003eon-target\u003c/td\u003e\u003c/tr\u003e\u003c/table\u003e\u003c/div\u003e"
  },
  "url": "http://hl7.org/fhir/ConceptMap/sc-task-status",
  "version": "4.2.0",
  "name": "TaskStatusCanonicalMap",
  "title": "Canonical Mapping for \"TaskStatus\"",
  "status": "draft",
  "date": "2020-02-29T07:59:43+00:00",
  "publisher": "HL7 (FHIR Project)",
  "contact": [
    {
      "telecom": [
        {
          "system": "url",
          "value": "http://hl7.org/fhir"
        },
        {
          "system": "email",
          "value": "fhir@lists.hl7.org"
        }
      ]
    }
  ],
  "description": "Canonical Mapping for \"The current status of the task.\"",
  "sourceCanonical": "http://hl7.org/fhir/ValueSet/task-status",
  "targetCanonical": "http://hl7.org/fhir/ValueSet/resource-status",
  "group": [
    {
      "source": "http://hl7.org/fhir/task-status",
      "target": "http://hl7.org/fhir/resource-status",
      "element": [
        {
          "code": "entered-in-error",
          "target": [
            {
              "code": "error",
              "relationship": "equivalent"
            }
          ]
        },
        {
          "code": "draft",
          "target": [
            {
              "code": "draft",
              "relationship": "equivalent"
            }
          ]
        },
        {
          "code": "requested",
          "target": [
            {
              "code": "requested",
              "relationship": "equivalent"
            }
          ]
        },
        {
          "code": "received",
          "target": [
            {
              "code": "received",
              "relationship": "equivalent"
            }
          ]
        },
        {
          "code": "rejected",
          "target": [
            {
              "code": "declined",
              "relationship": "equivalent"
            }
          ]
        },
        {
          "code": "accepted",
          "target": [
            {
              "code": "accepted",
              "relationship": "equivalent"
            }
          ]
        },
        {
          "code": "in-progress",
          "target": [
            {
              "code": "active",
              "relationship": "equivalent"
            }
          ]
        },
        {
          "code": "on-hold",
          "target": [
            {
              "code": "suspended",
              "relationship": "equivalent"
            }
          ]
        },
        {
          "code": "failed",
          "target": [
            {
              "code": "failed",
              "relationship": "equivalent"
            }
          ]
        },
        {
          "code": "completed",
          "target": [
            {
              "code": "complete",
              "relationship": "equivalent"
            }
          ]
        },
        {
          "code": "cancelled",
          "target": [
            {
              "code": "abandoned",
              "relationship": "equivalent"
            }
          ]
        },
        {
          "code": "ready",
          "target": [
            {
              "code": "on-target",
              "relationship": "equivalent"
            }
          ]
        }
      ]
    }
  ]
}