{
  "resourceType": "ValueSet",
  "id": "focal-subject",
  "meta": {
    "lastUpdated": "2020-02-29T07:59:43.660+00:00",
    "profile": [
      "http://hl7.org/fhir/StructureDefinition/shareablevalueset"
    ]
  },
  "text": {
    "status": "generated",
    "div": "\u003cdiv xmlns\u003d\"http://www.w3.org/1999/xhtml\"\u003e\u003ch2\u003eFocal Subject Codes\u003c/h2\u003e\u003cdiv\u003e\u003cp\u003eExample value set composed from SNOMED CT and HL7 V3 codes for observation targets such as donor, fetus or spouse. As use cases are discovered, more values may be added.\u003c/p\u003e\n\u003c/div\u003e\u003cp\u003e\u003cb\u003eCopyright Statement:\u003c/b\u003e This resource includes content from SNOMED Clinical Terms® (SNOMED CT®) which is copyright of the International Health Terminology Standards Development Organisation (IHTSDO). Implementers of these specifications must have the appropriate SNOMED CT Affiliate license - for more information contact http://www.snomed.org/snomed-ct/get-snomed-ct or info@snomed.org\u003c/p\u003e\u003cp\u003eThis value set includes codes from the following code systems:\u003c/p\u003e\u003cul\u003e\u003cli\u003eInclude these codes as defined in \u003ca href\u003d\"http://www.snomed.org/\"\u003e\u003ccode\u003ehttp://snomed.info/sct\u003c/code\u003e\u003c/a\u003e\u003ctable class\u003d\"none\"\u003e\u003ctr\u003e\u003ctd style\u003d\"white-space:nowrap\"\u003e\u003cb\u003eCode\u003c/b\u003e\u003c/td\u003e\u003ctd\u003e\u003cb\u003eDisplay\u003c/b\u003e\u003c/td\u003e\u003c/tr\u003e\u003ctr\u003e\u003ctd\u003e\u003ca href\u003d\"http://browser.ihtsdotools.org/?perspective\u003dfull\u0026amp;conceptId1\u003d83418008\"\u003e83418008\u003c/a\u003e\u003c/td\u003e\u003ctd\u003eFetus\u003c/td\u003e\u003ctd/\u003e\u003c/tr\u003e\u003c/table\u003e\u003c/li\u003e\u003cli\u003eInclude these codes as defined in \u003ca href\u003d\"v3/ParticipationType/cs.html\"\u003e\u003ccode\u003ehttp://terminology.hl7.org/CodeSystem/v3-ParticipationType\u003c/code\u003e\u003c/a\u003e\u003ctable class\u003d\"none\"\u003e\u003ctr\u003e\u003ctd style\u003d\"white-space:nowrap\"\u003e\u003cb\u003eCode\u003c/b\u003e\u003c/td\u003e\u003ctd\u003e\u003cb\u003eDisplay\u003c/b\u003e\u003c/td\u003e\u003c/tr\u003e\u003ctr\u003e\u003ctd\u003e\u003ca href\u003d\"v3/ParticipationType/cs.html#v3-ParticipationType-DON\"\u003eDON\u003c/a\u003e\u003c/td\u003e\u003ctd\u003edonor\u003c/td\u003e\u003ctd\u003eIn some organ transplantation services and rarely in transfusion services a donor will be a target participant in the service.  However, in most cases transplantation is decomposed in three services: explantation, transport, and implantation.  The identity of the donor (recipient) is often irrelevant for the explantation (implantation) service.\u003c/td\u003e\u003c/tr\u003e\u003c/table\u003e\u003c/li\u003e\u003cli\u003eInclude these codes as defined in \u003ca href\u003d\"v3/RoleCode/cs.html\"\u003e\u003ccode\u003ehttp://terminology.hl7.org/CodeSystem/v3-RoleCode\u003c/code\u003e\u003c/a\u003e\u003ctable class\u003d\"none\"\u003e\u003ctr\u003e\u003ctd style\u003d\"white-space:nowrap\"\u003e\u003cb\u003eCode\u003c/b\u003e\u003c/td\u003e\u003ctd\u003e\u003cb\u003eDisplay\u003c/b\u003e\u003c/td\u003e\u003c/tr\u003e\u003ctr\u003e\u003ctd\u003e\u003ca href\u003d\"v3/RoleCode/cs.html#v3-RoleCode-SPS\"\u003eSPS\u003c/a\u003e\u003c/td\u003e\u003ctd\u003espouse\u003c/td\u003e\u003ctd\u003eThe player of the role is a marriage partner of the scoping person.\u003c/td\u003e\u003c/tr\u003e\u003c/table\u003e\u003c/li\u003e\u003c/ul\u003e\u003c/div\u003e"
  },
  "extension": [
    {
      "url": "http://hl7.org/fhir/StructureDefinition/structuredefinition-wg",
      "valueCode": "oo"
    }
  ],
  "url": "http://hl7.org/fhir/ValueSet/focal-subject",
  "identifier": [
    {
      "system": "urn:ietf:rfc:3986",
      "value": "urn:oid:2.16.840.1.113883.4.642.3.954"
    }
  ],
  "version": "4.2.0",
  "name": "FocalSubjectCodes",
  "title": "Focal Subject Codes",
  "status": "draft",
  "experimental": false,
  "date": "2020-02-29T07:59:43+00:00",
  "publisher": "HL7 International - Orders and Observations WG",
  "contact": [
    {
      "telecom": [
        {
          "system": "url",
          "value": "http://hl7.org/fhir"
        }
      ]
    }
  ],
  "description": "Example value set composed from SNOMED CT and HL7 V3 codes for observation targets such as donor, fetus or spouse. As use cases are discovered, more values may be added.",
  "copyright": "This resource includes content from SNOMED Clinical Terms® (SNOMED CT®) which is copyright of the International Health Terminology Standards Development Organisation (IHTSDO). Implementers of these specifications must have the appropriate SNOMED CT Affiliate license - for more information contact http://www.snomed.org/snomed-ct/get-snomed-ct or info@snomed.org",
  "compose": {
    "include": [
      {
        "system": "http://snomed.info/sct",
        "concept": [
          {
            "code": "83418008",
            "display": "Fetus"
          }
        ]
      },
      {
        "system": "http://terminology.hl7.org/CodeSystem/v3-ParticipationType",
        "concept": [
          {
            "code": "DON",
            "display": "donor"
          }
        ]
      },
      {
        "system": "http://terminology.hl7.org/CodeSystem/v3-RoleCode",
        "concept": [
          {
            "code": "SPS",
            "display": "spouse"
          }
        ]
      }
    ]
  }
}