{
  "resourceType": "ValueSet",
  "id": "guide-parameter-code",
  "meta": {
    "lastUpdated": "2020-02-29T07:59:43.660+00:00",
    "profile": [
      "http://hl7.org/fhir/StructureDefinition/shareablevalueset"
    ]
  },
  "text": {
    "status": "generated",
    "div": "\u003cdiv xmlns\u003d\"http://www.w3.org/1999/xhtml\"\u003e\u003ch2\u003eGuideParameterCode\u003c/h2\u003e\u003cdiv\u003e\u003cp\u003eCode of parameter that is input to the guide.\u003c/p\u003e\n\u003c/div\u003e\u003cp\u003eThis value set includes codes from the following code systems:\u003c/p\u003e\u003cul\u003e\u003cli\u003eInclude all codes defined in \u003ca href\u003d\"codesystem-guide-parameter-code.html\"\u003e\u003ccode\u003ehttp://terminology.hl7.org/CodeSystem/guide-parameter-code\u003c/code\u003e\u003c/a\u003e\u003c/li\u003e\u003c/ul\u003e\u003c/div\u003e"
  },
  "extension": [
    {
      "url": "http://hl7.org/fhir/StructureDefinition/structuredefinition-wg",
      "valueCode": "fhir"
    }
  ],
  "url": "http://hl7.org/fhir/ValueSet/guide-parameter-code",
  "identifier": [
    {
      "system": "urn:ietf:rfc:3986",
      "value": "urn:oid:2.16.840.1.113883.4.642.3.996"
    }
  ],
  "version": "4.2.0",
  "name": "GuideParameterCode",
  "title": "GuideParameterCode",
  "status": "draft",
  "experimental": false,
  "date": "2020-02-29T07:59:43+00:00",
  "publisher": "HL7 (FHIR Project)",
  "contact": [
    {
      "telecom": [
        {
          "system": "url",
          "value": "http://hl7.org/fhir"
        },
        {
          "system": "email",
          "value": "fhir@lists.hl7.org"
        }
      ]
    }
  ],
  "description": "Code of parameter that is input to the guide.",
  "immutable": true,
  "compose": {
    "include": [
      {
        "system": "http://terminology.hl7.org/CodeSystem/guide-parameter-code"
      }
    ]
  }
}