{
  "resourceType": "ValueSet",
  "id": "use-context",
  "meta": {
    "lastUpdated": "2020-02-29T07:59:43.660+00:00",
    "profile": [
      "http://hl7.org/fhir/StructureDefinition/shareablevalueset"
    ]
  },
  "text": {
    "status": "generated",
    "div": "\u003cdiv xmlns\u003d\"http://www.w3.org/1999/xhtml\"\u003e\u003ch2\u003eConformanceUseContext\u003c/h2\u003e\u003cdiv\u003e\u003cp\u003eThis value set defines a base set of codes that can be used to indicate that the content in a resource was developed with a focus and intent of supporting use within particular contexts.\u003c/p\u003e\n\u003c/div\u003e\u003cp\u003e\u003cb\u003eCopyright Statement:\u003c/b\u003e This resource includes content from SNOMED Clinical Terms® (SNOMED CT®) which is copyright of the International Health Terminology Standards Development Organisation (IHTSDO). Implementers of these specifications must have the appropriate SNOMED CT Affiliate license - for more information contact http://www.snomed.org/snomed-ct/get-snomed-ct or info@snomed.org. This value set includes content from NUCC Health Care Provider Taxonomy Code Set for providers which is copyright © 2016+ American Medical Association. For commercial use, including sales or licensing, a license must be obtained\u003c/p\u003e\u003cp\u003eThis value set includes codes from the following code systems:\u003c/p\u003e\u003cul\u003e\u003cli\u003eImport all the codes that are contained in http://hl7.org/fhir/ValueSet/usps-state\u003c/li\u003e\u003cli\u003eImport all the codes that are contained in \u003ca href\u003d\"valueset-practitioner-specialty.html\"\u003ehttp://hl7.org/fhir/ValueSet/practitioner-specialty\u003c/a\u003e\u003c/li\u003e\u003cli\u003eInclude codes from \u003ca href\u003d\"http://www.snomed.org/\"\u003e\u003ccode\u003ehttp://snomed.info/sct\u003c/code\u003e\u003c/a\u003e where concept  is-a  394733009 (Medical specialties)\u003c/li\u003e\u003cli\u003eInclude all codes defined in \u003ccode\u003eurn:iso:std:iso:3166\u003c/code\u003e\u003c/li\u003e\u003cli\u003eInclude all codes defined in \u003ccode\u003eurn:iso:std:iso:3166\u003c/code\u003e\u003c/li\u003e\u003cli\u003eInclude codes from \u003ccode\u003ehttp://unstats.un.org/unsd/methods/m49/m49.htm\u003c/code\u003e where class  \u003d  region\u003c/li\u003e\u003cli\u003eInclude codes from \u003ca href\u003d\"http://www.snomed.org/\"\u003e\u003ccode\u003ehttp://snomed.info/sct\u003c/code\u003e\u003c/a\u003e where concept  is-a  387961004 (Kingdom Animalia)\u003c/li\u003e\u003cli\u003eImport all the codes that are contained in \u003ca href\u003d\"valueset-administrative-gender.html\"\u003ehttp://hl7.org/fhir/ValueSet/administrative-gender\u003c/a\u003e\u003c/li\u003e\u003cli\u003eImport all the codes that are contained in \u003ca href\u003d\"valueset-condition-code.html\"\u003ehttp://hl7.org/fhir/ValueSet/condition-code\u003c/a\u003e\u003c/li\u003e\u003cli\u003eInclude all codes defined in \u003ccode\u003ehttp://nucc.org/provider-taxonomy\u003c/code\u003e\u003c/li\u003e\u003cli\u003eImport all the codes that are contained in \u003ca href\u003d\"v3/ActEncounterCode/vs.html\"\u003ehttp://terminology.hl7.org/ValueSet/v3-ActEncounterCode\u003c/a\u003e\u003c/li\u003e\u003cli\u003eImport all the codes that are contained in \u003ca href\u003d\"v3/ActTaskCode/vs.html\"\u003ehttp://terminology.hl7.org/ValueSet/v3-ActTaskCode\u003c/a\u003e\u003c/li\u003e\u003c/ul\u003e\u003c/div\u003e"
  },
  "extension": [
    {
      "url": "http://hl7.org/fhir/StructureDefinition/structuredefinition-wg",
      "valueCode": "fhir"
    },
    {
      "url": "http://hl7.org/fhir/StructureDefinition/structuredefinition-standards-status",
      "valueCode": "draft"
    },
    {
      "url": "http://hl7.org/fhir/StructureDefinition/structuredefinition-fmm",
      "valueInteger": 1
    }
  ],
  "url": "http://hl7.org/fhir/ValueSet/use-context",
  "identifier": [
    {
      "system": "urn:ietf:rfc:3986",
      "value": "urn:oid:2.16.840.1.113883.4.642.3.28"
    }
  ],
  "version": "4.2.0",
  "name": "Context of Use ValueSet",
  "title": "ConformanceUseContext",
  "status": "draft",
  "experimental": false,
  "date": "2020-02-29T07:59:43+00:00",
  "publisher": "FHIR Project team",
  "contact": [
    {
      "telecom": [
        {
          "system": "url",
          "value": "http://hl7.org/fhir"
        }
      ]
    }
  ],
  "description": "This value set defines a base set of codes that can be used to indicate that the content in a resource was developed with a focus and intent of supporting use within particular contexts.",
  "copyright": "This resource includes content from SNOMED Clinical Terms® (SNOMED CT®) which is copyright of the International Health Terminology Standards Development Organisation (IHTSDO). Implementers of these specifications must have the appropriate SNOMED CT Affiliate license - for more information contact http://www.snomed.org/snomed-ct/get-snomed-ct or info@snomed.org. This value set includes content from NUCC Health Care Provider Taxonomy Code Set for providers which is copyright © 2016+ American Medical Association. For commercial use, including sales or licensing, a license must be obtained",
  "compose": {
    "include": [
      {
        "valueSet": [
          "http://hl7.org/fhir/ValueSet/usps-state"
        ]
      },
      {
        "valueSet": [
          "http://hl7.org/fhir/ValueSet/practitioner-specialty"
        ]
      },
      {
        "system": "http://snomed.info/sct",
        "filter": [
          {
            "property": "concept",
            "op": "is-a",
            "value": "394733009"
          }
        ]
      },
      {
        "system": "urn:iso:std:iso:3166"
      },
      {
        "system": "urn:iso:std:iso:3166"
      },
      {
        "system": "http://unstats.un.org/unsd/methods/m49/m49.htm",
        "filter": [
          {
            "property": "class",
            "op": "\u003d",
            "value": "region"
          }
        ]
      },
      {
        "system": "http://snomed.info/sct",
        "filter": [
          {
            "property": "concept",
            "op": "is-a",
            "value": "387961004"
          }
        ]
      },
      {
        "valueSet": [
          "http://hl7.org/fhir/ValueSet/administrative-gender"
        ]
      },
      {
        "valueSet": [
          "http://hl7.org/fhir/ValueSet/condition-code"
        ]
      },
      {
        "system": "http://nucc.org/provider-taxonomy"
      },
      {
        "valueSet": [
          "http://terminology.hl7.org/ValueSet/v3-ActEncounterCode"
        ]
      },
      {
        "valueSet": [
          "http://terminology.hl7.org/ValueSet/v3-ActTaskCode"
        ]
      }
    ]
  }
}